#usda 1.0
(
    defaultPrim = "panda"
    metersPerUnit = 1
    upAxis = "Z"
)

def Xform "panda" (
    prepend references = @https://omniverse-content-production.s3-us-west-2.amazonaws.com/Assets/Isaac/6.0/Isaac/Robots/FrankaRobotics/FrankaPanda/franka.usd@</panda>
)
{
    def Scope "umi_finger_materials"
    {
        def Material "GripPhysicsMaterial" (
            prepend apiSchemas = ["PhysicsMaterialAPI", "PhysxMaterialAPI"]
        )
        {
            float physics:staticFriction = 2
            float physics:dynamicFriction = 1.6
            float physics:restitution = 0
            token physxMaterial:frictionCombineMode = "max"
            token physxMaterial:restitutionCombineMode = "min"
        }
    }
    over "panda_leftfinger"
    {
        float physics:mass = 0.0683354856
        point3f physics:centerOfMass = (1.52525269e-11, 0.0175833717, 0.0558842619)
        float3 physics:diagonalInertia = (1.16072223e-05, 8.83641735e-05, 9.27239067e-05)
        quatf physics:principalAxes = (0.706404487, 0.0315071461, -0.706404487, -0.0315071614)

        over "geometry" (
            active = false
        )
        {
        }

        def Xform "umi_geometry"
        {
    def Mesh "visual"
    {
        point3f[] points = [
                (-0.0105, 0, 0.014),
                (0.0105, 0, 0.014),
                (0.0129, 0, 0.022),
                (-0.0129, 0, 0.022),
                (-0.0105, 0.0128, 0.014),
                (-0.0102, 0.0125, 0.014),
                (0.0102, 0.0125, 0.014),
                (0.0105, 0.0128, 0.014),
                (0.0105, 0.0182, 0.014),
                (0.0105, 0.0187727291, 0.014),
                (0.0105, 0.0261700022, 0.014),
                (0.0105, 0.0285, 0.014),
                (0.0129, 0.04, 0.022),
                (-0.0129, 0.04, 0.022),
                (-0.0105, 0.0285, 0.014),
                (-0.0105, 0.0261700022, 0.014),
                (-0.0105, 0.0187727291, 0.014),
                (-0.0105, 0.0182, 0.014),
                (0.0102, 0.0125, 0.005),
                (0.0105, 0.0128, 0.005),
                (-0.0102, 0.0125, 0.005),
                (0.006, 0.0125, 0.01035),
                (0.00587669535, 0.0125, 0.0103546137),
                (0.00575408026, 0.0125, 0.0103684291),
                (0.00563284046, 0.0125, 0.0103913689),
                (0.00551365396, 0.0125, 0.0104233049),
                (0.00539718731, 0.0125, 0.0104640583),
                (0.00528409183, 0.0125, 0.0105134014),
                (0.005175, 0.0125, 0.0105710581),
                (0.0050705219, 0.0125, 0.010636706),
                (0.00497124183, 0.0125, 0.0107099781),
                (0.00487771498, 0.0125, 0.0107904644),
                (0.00479046441, 0.0125, 0.010877715),
                (0.00470997805, 0.0125, 0.0109712418),
                (0.00463670602, 0.0125, 0.0110705219),
                (0.00457105808, 0.0125, 0.011175),
                (0.00451340137, 0.0125, 0.0112840918),
                (0.00446405831, 0.0125, 0.0113971873),
                (0.00442330487, 0.0125, 0.011513654),
                (0.00439136895, 0.0125, 0.0116328405),
                (0.00436842914, 0.0125, 0.0117540803),
                (0.00435461373, 0.0125, 0.0118766953),
                (0.00435, 0.0125, 0.012),
                (0.00435461373, 0.0125, 0.0121233047),
                (0.00436842914, 0.0125, 0.0122459197),
                (0.00439136895, 0.0125, 0.0123671595),
                (0.00442330487, 0.0125, 0.012486346),
                (0.00446405831, 0.0125, 0.0126028127),
                (0.00451340137, 0.0125, 0.0127159082),
                (0.00457105808, 0.0125, 0.012825),
                (0.00463670602, 0.0125, 0.0129294781),
                (0.00470997805, 0.0125, 0.0130287582),
                (0.00479046441, 0.0125, 0.013122285),
                (0.00487771498, 0.0125, 0.0132095356),
                (0.00497124183, 0.0125, 0.0132900219),
                (0.0050705219, 0.0125, 0.013363294),
                (0.005175, 0.0125, 0.0134289419),
                (0.00528409183, 0.0125, 0.0134865986),
                (0.00539718731, 0.0125, 0.0135359417),
                (0.00551365396, 0.0125, 0.0135766951),
                (0.00563284046, 0.0125, 0.0136086311),
                (0.00575408026, 0.0125, 0.0136315709),
                (0.00587669535, 0.0125, 0.0136453863),
                (0.006, 0.0125, 0.01365),
                (0.00612330465, 0.0125, 0.0136453863),
                (0.00624591974, 0.0125, 0.0136315709),
                (0.00636715954, 0.0125, 0.0136086311),
                (0.00648634604, 0.0125, 0.0135766951),
                (0.00660281269, 0.0125, 0.0135359417),
                (0.00671590817, 0.0125, 0.0134865986),
                (0.006825, 0.0125, 0.0134289419),
                (0.0069294781, 0.0125, 0.013363294),
                (0.00702875817, 0.0125, 0.0132900219),
                (0.00712228502, 0.0125, 0.0132095356),
                (0.00720953559, 0.0125, 0.013122285),
                (0.00729002195, 0.0125, 0.0130287582),
                (0.00736329398, 0.0125, 0.0129294781),
                (0.00742894192, 0.0125, 0.012825),
                (0.00748659863, 0.0125, 0.0127159082),
                (0.00753594169, 0.0125, 0.0126028127),
                (0.00757669513, 0.0125, 0.012486346),
                (0.00760863106, 0.0125, 0.0123671595),
                (0.00763157086, 0.0125, 0.0122459197),
                (0.00764538627, 0.0125, 0.0121233047),
                (0.00765, 0.0125, 0.012),
                (0.00764538627, 0.0125, 0.0118766953),
                (0.00763157086, 0.0125, 0.0117540803),
                (0.00760863106, 0.0125, 0.0116328405),
                (0.00757669513, 0.0125, 0.011513654),
                (0.00753594169, 0.0125, 0.0113971873),
                (0.00748659863, 0.0125, 0.0112840918),
                (0.00742894192, 0.0125, 0.011175),
                (0.00736329398, 0.0125, 0.0110705219),
                (0.00729002195, 0.0125, 0.0109712418),
                (0.00720953559, 0.0125, 0.010877715),
                (0.00712228502, 0.0125, 0.0107904644),
                (0.00702875817, 0.0125, 0.0107099781),
                (0.0069294781, 0.0125, 0.010636706),
                (0.006825, 0.0125, 0.0105710581),
                (0.00671590817, 0.0125, 0.0105134014),
                (0.00660281269, 0.0125, 0.0104640583),
                (0.00648634604, 0.0125, 0.0104233049),
                (0.00636715954, 0.0125, 0.0103913689),
                (0.00624591974, 0.0125, 0.0103684291),
                (0.00612330465, 0.0125, 0.0103546137),
                (-0.006, 0.0125, 0.01035),
                (-0.00612330465, 0.0125, 0.0103546137),
                (-0.00624591974, 0.0125, 0.0103684291),
                (-0.00636715954, 0.0125, 0.0103913689),
                (-0.00648634604, 0.0125, 0.0104233049),
                (-0.00660281269, 0.0125, 0.0104640583),
                (-0.00671590817, 0.0125, 0.0105134014),
                (-0.006825, 0.0125, 0.0105710581),
                (-0.0069294781, 0.0125, 0.010636706),
                (-0.00702875817, 0.0125, 0.0107099781),
                (-0.00712228502, 0.0125, 0.0107904644),
                (-0.00720953559, 0.0125, 0.010877715),
                (-0.00729002195, 0.0125, 0.0109712418),
                (-0.00736329398, 0.0125, 0.0110705219),
                (-0.00742894192, 0.0125, 0.011175),
                (-0.00748659863, 0.0125, 0.0112840918),
                (-0.00753594169, 0.0125, 0.0113971873),
                (-0.00757669513, 0.0125, 0.011513654),
                (-0.00760863105, 0.0125, 0.0116328405),
                (-0.00763157086, 0.0125, 0.0117540803),
                (-0.00764538627, 0.0125, 0.0118766953),
                (-0.00765, 0.0125, 0.012),
                (-0.00764538627, 0.0125, 0.0121233047),
                (-0.00763157086, 0.0125, 0.0122459197),
                (-0.00760863105, 0.0125, 0.0123671595),
                (-0.00757669513, 0.0125, 0.012486346),
                (-0.00753594169, 0.0125, 0.0126028127),
                (-0.00748659863, 0.0125, 0.0127159082),
                (-0.00742894192, 0.0125, 0.012825),
                (-0.00736329398, 0.0125, 0.0129294781),
                (-0.00729002195, 0.0125, 0.0130287582),
                (-0.00720953559, 0.0125, 0.013122285),
                (-0.00712228502, 0.0125, 0.0132095356),
                (-0.00702875817, 0.0125, 0.0132900219),
                (-0.0069294781, 0.0125, 0.013363294),
                (-0.006825, 0.0125, 0.0134289419),
                (-0.00671590817, 0.0125, 0.0134865986),
                (-0.00660281269, 0.0125, 0.0135359417),
                (-0.00648634604, 0.0125, 0.0135766951),
                (-0.00636715954, 0.0125, 0.0136086311),
                (-0.00624591974, 0.0125, 0.0136315709),
                (-0.00612330465, 0.0125, 0.0136453863),
                (-0.006, 0.0125, 0.01365),
                (-0.00587669535, 0.0125, 0.0136453863),
                (-0.00575408026, 0.0125, 0.0136315709),
                (-0.00563284046, 0.0125, 0.0136086311),
                (-0.00551365396, 0.0125, 0.0135766951),
                (-0.00539718731, 0.0125, 0.0135359417),
                (-0.00528409183, 0.0125, 0.0134865986),
                (-0.005175, 0.0125, 0.0134289419),
                (-0.0050705219, 0.0125, 0.013363294),
                (-0.00497124183, 0.0125, 0.0132900219),
                (-0.00487771498, 0.0125, 0.0132095356),
                (-0.00479046441, 0.0125, 0.013122285),
                (-0.00470997805, 0.0125, 0.0130287582),
                (-0.00463670602, 0.0125, 0.0129294781),
                (-0.00457105808, 0.0125, 0.012825),
                (-0.00451340137, 0.0125, 0.0127159082),
                (-0.00446405831, 0.0125, 0.0126028127),
                (-0.00442330487, 0.0125, 0.012486346),
                (-0.00439136894, 0.0125, 0.0123671595),
                (-0.00436842914, 0.0125, 0.0122459197),
                (-0.00435461373, 0.0125, 0.0121233047),
                (-0.00435, 0.0125, 0.012),
                (-0.00435461373, 0.0125, 0.0118766953),
                (-0.00436842914, 0.0125, 0.0117540803),
                (-0.00439136894, 0.0125, 0.0116328405),
                (-0.00442330487, 0.0125, 0.011513654),
                (-0.00446405831, 0.0125, 0.0113971873),
                (-0.00451340137, 0.0125, 0.0112840918),
                (-0.00457105808, 0.0125, 0.011175),
                (-0.00463670602, 0.0125, 0.0110705219),
                (-0.00470997805, 0.0125, 0.0109712418),
                (-0.00479046441, 0.0125, 0.010877715),
                (-0.00487771498, 0.0125, 0.0107904644),
                (-0.00497124183, 0.0125, 0.0107099781),
                (-0.0050705219, 0.0125, 0.010636706),
                (-0.005175, 0.0125, 0.0105710581),
                (-0.00528409183, 0.0125, 0.0105134014),
                (-0.00539718731, 0.0125, 0.0104640583),
                (-0.00551365396, 0.0125, 0.0104233049),
                (-0.00563284046, 0.0125, 0.0103913689),
                (-0.00575408026, 0.0125, 0.0103684291),
                (-0.00587669535, 0.0125, 0.0103546137),
                (-0.0105, 0.0128, 0.005),
                (0.0105, 0.0093, 0.0037),
                (0.0105, 0.0093, 0.0016),
                (0.0105, 0.0028, 0.0016),
                (0.0105, 0.0028, 0.0003),
                (0.0105, 0.0282, 0.0003),
                (0.0105, 0.0282, 0.0016),
                (0.0105, 0.0217, 0.0016),
                (0.0105, 0.0217, 0.0037),
                (0.0105, 0.0195, 0.0037),
                (0.0105, 0.0182, 0.005),
                (0.0105, 0.0182036351, 0.00490285088),
                (0.0105, 0.0182145199, 0.00480624505),
                (0.0105, 0.0182325937, 0.00471072279),
                (0.0105, 0.0182577554, 0.00461681827),
                (0.0105, 0.0182898641, 0.00452505667),
                (0.0105, 0.0183287405, 0.00443595114),
                (0.0105, 0.018374167, 0.00435),
                (0.0105, 0.0184258896, 0.00426768392),
                (0.0105, 0.0184836191, 0.00418946326),
                (0.0105, 0.0185470326, 0.00411577544),
                (0.0105, 0.0186157754, 0.00404703257),
                (0.0105, 0.0186894633, 0.00398361907),
                (0.0105, 0.0187676839, 0.00392588959),
                (0.0105, 0.01885, 0.00387416698),
                (0.0105, 0.0189359511, 0.00382874047),
                (0.0105, 0.0190250567, 0.00378986413),
                (0.0105, 0.0191168183, 0.00375775535),
                (0.0105, 0.0192107228, 0.00373259371),
                (0.0105, 0.0193062451, 0.00371451993),
                (0.0105, 0.0194028509, 0.00370363506),
                (0.0105, 0.0115, 0.0037),
                (0.0105, 0.0115971491, 0.00370363506),
                (0.0105, 0.0116937549, 0.00371451993),
                (0.0105, 0.0117892772, 0.00373259371),
                (0.0105, 0.0118831817, 0.00375775535),
                (0.0105, 0.0119749433, 0.00378986413),
                (0.0105, 0.0120640489, 0.00382874047),
                (0.0105, 0.01215, 0.00387416698),
                (0.0105, 0.0122323161, 0.00392588959),
                (0.0105, 0.0123105367, 0.00398361907),
                (0.0105, 0.0123842246, 0.00404703257),
                (0.0105, 0.0124529674, 0.00411577544),
                (0.0105, 0.0125163809, 0.00418946326),
                (0.0105, 0.0125741104, 0.00426768392),
                (0.0105, 0.012625833, 0.00435),
                (0.0105, 0.0126712595, 0.00443595114),
                (0.0105, 0.0127101359, 0.00452505667),
                (0.0105, 0.0127422447, 0.00461681827),
                (0.0105, 0.0127674063, 0.00471072279),
                (0.0105, 0.0127854801, 0.00480624505),
                (0.0105, 0.0127963649, 0.00490285088),
                (0.0102, 0.0185, 0.014),
                (0.010213311, 0.0185, 0.014),
                (0.0105, 0.0248757359, 0.0043),
                (0.0105, 0.0261700022, 0.00559426631),
                (0.0105, 0.0187727291, 0.00565153494),
                (0.0105, 0.0201242641, 0.0043),
                (-0.0101846442, 0.0265, 0.014),
                (0.0101846442, 0.0265, 0.014),
                (0.00940624427, 0.0265, 0.014),
                (0.00931536466, 0.0264219043, 0.014),
                (0.00922627549, 0.0263458996, 0.014),
                (0.00913892863, 0.0262719448, 0.014),
                (0.00905327693, 0.0262, 0.014),
                (0.00905327693, 0.0235, 0.014),
                (0.00678898669, 0.0235, 0.014),
                (0.00678898669, 0.0215, 0.014),
                (0.00905327693, 0.0215, 0.014),
                (0.00905327693, 0.0188, 0.014),
                (0.00913892863, 0.0187280552, 0.014),
                (0.00922627549, 0.0186541004, 0.014),
                (0.00931536466, 0.0185780957, 0.014),
                (0.00940624427, 0.0185, 0.014),
                (0.00259375573, 0.0185, 0.014),
                (0.00268463534, 0.0185780957, 0.014),
                (0.00277372451, 0.0186541004, 0.014),
                (0.00286107137, 0.0187280552, 0.014),
                (0.00294672307, 0.0188, 0.014),
                (0.00294672307, 0.0215, 0.014),
                (0.00521101331, 0.0215, 0.014),
                (0.00521101331, 0.0235, 0.014),
                (0.00294672307, 0.0235, 0.014),
                (0.00294672307, 0.0262, 0.014),
                (0.00286107137, 0.0262719448, 0.014),
                (0.00277372451, 0.0263458996, 0.014),
                (0.00268463534, 0.0264219043, 0.014),
                (0.00259375573, 0.0265, 0.014),
                (-0.00259375573, 0.0265, 0.014),
                (-0.00268463534, 0.0264219043, 0.014),
                (-0.00277372451, 0.0263458996, 0.014),
                (-0.00286107137, 0.0262719448, 0.014),
                (-0.00294672307, 0.0262, 0.014),
                (-0.00294672307, 0.0235, 0.014),
                (-0.00521101331, 0.0235, 0.014),
                (-0.00521101331, 0.0215, 0.014),
                (-0.00294672307, 0.0215, 0.014),
                (-0.00294672307, 0.0188, 0.014),
                (-0.00286107137, 0.0187280552, 0.014),
                (-0.00277372451, 0.0186541004, 0.014),
                (-0.00268463534, 0.0185780957, 0.014),
                (-0.00259375573, 0.0185, 0.014),
                (-0.00940624427, 0.0185, 0.014),
                (-0.00931536466, 0.0185780957, 0.014),
                (-0.00922627549, 0.0186541004, 0.014),
                (-0.00913892863, 0.0187280552, 0.014),
                (-0.00905327693, 0.0188, 0.014),
                (-0.00905327693, 0.0215, 0.014),
                (-0.00678898669, 0.0215, 0.014),
                (-0.00678898669, 0.0235, 0.014),
                (-0.00905327693, 0.0235, 0.014),
                (-0.00905327693, 0.0262, 0.014),
                (-0.00913892863, 0.0262719448, 0.014),
                (-0.00922627549, 0.0263458996, 0.014),
                (-0.00931536466, 0.0264219043, 0.014),
                (-0.00940624427, 0.0265, 0.014),
                (-0.0105, 0.0187727291, 0.00565153494),
                (-0.0105, 0.0201242641, 0.0043),
                (-0.0105, 0.0248757359, 0.0043),
                (-0.0105, 0.0261700022, 0.00559426631),
                (-0.0102, 0.0185, 0.014),
                (-0.010213311, 0.0185, 0.014),
                (-0.0105, 0.0217, 0.0016),
                (-0.0105, 0.0282, 0.0016),
                (-0.0105, 0.0217, 0.0037),
                (-0.0105, 0.0195, 0.0037),
                (-0.0105, 0.0182, 0.005),
                (-0.0105, 0.0182036351, 0.00490285088),
                (-0.0105, 0.0182145199, 0.00480624505),
                (-0.0105, 0.0182325937, 0.00471072279),
                (-0.0105, 0.0182577554, 0.00461681827),
                (-0.0105, 0.0182898641, 0.00452505667),
                (-0.0105, 0.0183287405, 0.00443595114),
                (-0.0105, 0.018374167, 0.00435),
                (-0.0105, 0.0184258896, 0.00426768392),
                (-0.0105, 0.0184836191, 0.00418946326),
                (-0.0105, 0.0185470326, 0.00411577544),
                (-0.0105, 0.0186157754, 0.00404703257),
                (-0.0105, 0.0186894633, 0.00398361907),
                (-0.0105, 0.0187676839, 0.00392588959),
                (-0.0105, 0.01885, 0.00387416698),
                (-0.0105, 0.0189359511, 0.00382874047),
                (-0.0105, 0.0190250567, 0.00378986413),
                (-0.0105, 0.0191168183, 0.00375775535),
                (-0.0105, 0.0192107228, 0.00373259371),
                (-0.0105, 0.0193062451, 0.00371451993),
                (-0.0105, 0.0194028509, 0.00370363506),
                (-0.0105, 0.0115, 0.0037),
                (-0.0105, 0.0115971491, 0.00370363506),
                (-0.0105, 0.0116937549, 0.00371451993),
                (-0.0105, 0.0117892772, 0.00373259371),
                (-0.0105, 0.0118831817, 0.00375775535),
                (-0.0105, 0.0119749433, 0.00378986413),
                (-0.0105, 0.0120640489, 0.00382874047),
                (-0.0105, 0.01215, 0.00387416698),
                (-0.0105, 0.0122323161, 0.00392588959),
                (-0.0105, 0.0123105367, 0.00398361907),
                (-0.0105, 0.0123842246, 0.00404703257),
                (-0.0105, 0.0124529674, 0.00411577544),
                (-0.0105, 0.0125163809, 0.00418946326),
                (-0.0105, 0.0125741104, 0.00426768392),
                (-0.0105, 0.012625833, 0.00435),
                (-0.0105, 0.0126712595, 0.00443595114),
                (-0.0105, 0.0127101359, 0.00452505667),
                (-0.0105, 0.0127422447, 0.00461681827),
                (-0.0105, 0.0127674063, 0.00471072279),
                (-0.0105, 0.0127854801, 0.00480624505),
                (-0.0105, 0.0127963649, 0.00490285088),
                (-0.0105, 0.0093, 0.0037),
                (-0.0105, 0.0093, 0.0016),
                (-0.0105, 0.0028, 0.0016),
                (-0.0105, 0.0028, 0.0003),
                (-0.0105, 0.0282, 0.0003),
                (0.0102, 0.0115, 0.004),
                (0.0102, 0.0115747301, 0.0040027962),
                (0.0102, 0.0116490423, 0.00401116917),
                (0.0102, 0.0117225209, 0.00402507209),
                (0.0102, 0.0117947552, 0.00404442719),
                (0.0102, 0.011865341, 0.00406912625),
                (0.0102, 0.0119338837, 0.00409903113),
                (0.0102, 0.012, 0.0041339746),
                (0.0102, 0.0120633201, 0.00417376123),
                (0.0102, 0.0121234898, 0.00421816852),
                (0.0102, 0.0121801727, 0.00426694813),
                (0.0102, 0.0122330519, 0.00431982726),
                (0.0102, 0.0122818315, 0.0043765102),
                (0.0102, 0.0123262388, 0.00443667994),
                (0.0102, 0.0123660254, 0.0045),
                (0.0102, 0.0124009689, 0.00456611626),
                (0.0102, 0.0124308738, 0.00463465898),
                (0.0102, 0.0124555728, 0.00470524483),
                (0.0102, 0.0124749279, 0.00477747907),
                (0.0102, 0.0124888308, 0.00485095773),
                (0.0102, 0.0124972038, 0.00492526991),
                (0.0103, 0.0116565463, 0.00391119641),
                (0.0104, 0.0116707778, 0.00381221427),
                (0.0103, 0.0118099058, 0.00394455773),
                (0.0104, 0.0118380791, 0.00384860843),
                (0.0103, 0.0119569565, 0.00399940481),
                (0.0104, 0.011998498, 0.00390844161),
                (0.0103, 0.0120947049, 0.00407462111),
                (0.0104, 0.012148769, 0.00399049576),
                (0.0103, 0.0122203468, 0.00416867547),
                (0.0104, 0.0122858329, 0.00409310051),
                (0.0103, 0.0123313245, 0.00427965319),
                (0.0104, 0.0124068995, 0.00421416712),
                (0.0103, 0.0124253789, 0.0044052951),
                (0.0104, 0.0125095042, 0.00435123102),
                (0.0103, 0.0125005952, 0.00454304349),
                (0.0104, 0.0125915584, 0.00450150198),
                (0.0103, 0.0125554423, 0.00469009419),
                (0.0104, 0.0126513916, 0.00466192093),
                (0.0103, 0.0125888036, 0.00484345368),
                (0.0104, 0.0126877857, 0.00482922219),
                (-0.0102, 0.0115, 0.004),
                (-0.0102, 0.0115747301, 0.0040027962),
                (-0.0102, 0.0116490423, 0.00401116917),
                (-0.0102, 0.0117225209, 0.00402507209),
                (-0.0102, 0.0117947552, 0.00404442719),
                (-0.0102, 0.011865341, 0.00406912625),
                (-0.0102, 0.0119338837, 0.00409903113),
                (-0.0102, 0.012, 0.0041339746),
                (-0.0102, 0.0120633201, 0.00417376123),
                (-0.0102, 0.0121234898, 0.00421816852),
                (-0.0102, 0.0121801727, 0.00426694813),
                (-0.0102, 0.0122330519, 0.00431982726),
                (-0.0102, 0.0122818315, 0.0043765102),
                (-0.0102, 0.0123262388, 0.00443667994),
                (-0.0102, 0.0123660254, 0.0045),
                (-0.0102, 0.0124009689, 0.00456611626),
                (-0.0102, 0.0124308738, 0.00463465898),
                (-0.0102, 0.0124555728, 0.00470524483),
                (-0.0102, 0.0124749279, 0.00477747907),
                (-0.0102, 0.0124888308, 0.00485095773),
                (-0.0102, 0.0124972038, 0.00492526991),
                (0.00435, 0.0185, 0.012),
                (0.00435461373, 0.0185, 0.0121233047),
                (0.00436842914, 0.0185, 0.0122459197),
                (0.00439136895, 0.0185, 0.0123671595),
                (0.00442330487, 0.0185, 0.012486346),
                (0.00446405831, 0.0185, 0.0126028127),
                (0.00451340137, 0.0185, 0.0127159082),
                (0.00457105808, 0.0185, 0.012825),
                (0.00463670602, 0.0185, 0.0129294781),
                (0.00470997805, 0.0185, 0.0130287582),
                (0.00479046441, 0.0185, 0.013122285),
                (0.00487771498, 0.0185, 0.0132095356),
                (0.00497124183, 0.0185, 0.0132900219),
                (0.0050705219, 0.0185, 0.013363294),
                (0.005175, 0.0185, 0.0134289419),
                (0.00528409183, 0.0185, 0.0134865986),
                (0.00539718731, 0.0185, 0.0135359417),
                (0.00551365396, 0.0185, 0.0135766951),
                (0.00563284046, 0.0185, 0.0136086311),
                (0.00575408026, 0.0185, 0.0136315709),
                (0.00587669535, 0.0185, 0.0136453863),
                (0.006, 0.0185, 0.01365),
                (0.00612330465, 0.0185, 0.0136453863),
                (0.00624591974, 0.0185, 0.0136315709),
                (0.00636715954, 0.0185, 0.0136086311),
                (0.00648634604, 0.0185, 0.0135766951),
                (0.00660281269, 0.0185, 0.0135359417),
                (0.00671590817, 0.0185, 0.0134865986),
                (0.006825, 0.0185, 0.0134289419),
                (0.0069294781, 0.0185, 0.013363294),
                (0.00702875817, 0.0185, 0.0132900219),
                (0.00712228502, 0.0185, 0.0132095356),
                (0.00720953559, 0.0185, 0.013122285),
                (0.00729002195, 0.0185, 0.0130287582),
                (0.00736329398, 0.0185, 0.0129294781),
                (0.00742894192, 0.0185, 0.012825),
                (0.00748659863, 0.0185, 0.0127159082),
                (0.00753594169, 0.0185, 0.0126028127),
                (0.00757669513, 0.0185, 0.012486346),
                (0.00760863106, 0.0185, 0.0123671595),
                (0.00763157086, 0.0185, 0.0122459197),
                (0.00764538627, 0.0185, 0.0121233047),
                (0.00765, 0.0185, 0.012),
                (0.00764538627, 0.0185, 0.0118766953),
                (0.00763157086, 0.0185, 0.0117540803),
                (0.00760863106, 0.0185, 0.0116328405),
                (0.00757669513, 0.0185, 0.011513654),
                (0.00753594169, 0.0185, 0.0113971873),
                (0.00748659863, 0.0185, 0.0112840918),
                (0.00742894192, 0.0185, 0.011175),
                (0.00736329398, 0.0185, 0.0110705219),
                (0.00729002195, 0.0185, 0.0109712418),
                (0.00720953559, 0.0185, 0.010877715),
                (0.00712228502, 0.0185, 0.0107904644),
                (0.00702875817, 0.0185, 0.0107099781),
                (0.0069294781, 0.0185, 0.010636706),
                (0.006825, 0.0185, 0.0105710581),
                (0.00671590817, 0.0185, 0.0105134014),
                (0.00660281269, 0.0185, 0.0104640583),
                (0.00648634604, 0.0185, 0.0104233049),
                (0.00636715954, 0.0185, 0.0103913689),
                (0.00624591974, 0.0185, 0.0103684291),
                (0.00612330465, 0.0185, 0.0103546137),
                (0.006, 0.0185, 0.01035),
                (0.00587669535, 0.0185, 0.0103546137),
                (0.00575408026, 0.0185, 0.0103684291),
                (0.00563284046, 0.0185, 0.0103913689),
                (0.00551365396, 0.0185, 0.0104233049),
                (0.00539718731, 0.0185, 0.0104640583),
                (0.00528409183, 0.0185, 0.0105134014),
                (0.005175, 0.0185, 0.0105710581),
                (0.0050705219, 0.0185, 0.010636706),
                (0.00497124183, 0.0185, 0.0107099781),
                (0.00487771498, 0.0185, 0.0107904644),
                (0.00479046441, 0.0185, 0.010877715),
                (0.00470997805, 0.0185, 0.0109712418),
                (0.00463670602, 0.0185, 0.0110705219),
                (0.00457105808, 0.0185, 0.011175),
                (0.00451340137, 0.0185, 0.0112840918),
                (0.00446405831, 0.0185, 0.0113971873),
                (0.00442330487, 0.0185, 0.011513654),
                (0.00439136895, 0.0185, 0.0116328405),
                (0.00436842914, 0.0185, 0.0117540803),
                (0.00435461373, 0.0185, 0.0118766953),
                (-0.00765, 0.0185, 0.012),
                (-0.00764538627, 0.0185, 0.0121233047),
                (-0.00763157086, 0.0185, 0.0122459197),
                (-0.00760863105, 0.0185, 0.0123671595),
                (-0.00757669513, 0.0185, 0.012486346),
                (-0.00753594169, 0.0185, 0.0126028127),
                (-0.00748659863, 0.0185, 0.0127159082),
                (-0.00742894192, 0.0185, 0.012825),
                (-0.00736329398, 0.0185, 0.0129294781),
                (-0.00729002195, 0.0185, 0.0130287582),
                (-0.00720953559, 0.0185, 0.013122285),
                (-0.00712228502, 0.0185, 0.0132095356),
                (-0.00702875817, 0.0185, 0.0132900219),
                (-0.0069294781, 0.0185, 0.013363294),
                (-0.006825, 0.0185, 0.0134289419),
                (-0.00671590817, 0.0185, 0.0134865986),
                (-0.00660281269, 0.0185, 0.0135359417),
                (-0.00648634604, 0.0185, 0.0135766951),
                (-0.00636715954, 0.0185, 0.0136086311),
                (-0.00624591974, 0.0185, 0.0136315709),
                (-0.00612330465, 0.0185, 0.0136453863),
                (-0.006, 0.0185, 0.01365),
                (-0.00587669535, 0.0185, 0.0136453863),
                (-0.00575408026, 0.0185, 0.0136315709),
                (-0.00563284046, 0.0185, 0.0136086311),
                (-0.00551365396, 0.0185, 0.0135766951),
                (-0.00539718731, 0.0185, 0.0135359417),
                (-0.00528409183, 0.0185, 0.0134865986),
                (-0.005175, 0.0185, 0.0134289419),
                (-0.0050705219, 0.0185, 0.013363294),
                (-0.00497124183, 0.0185, 0.0132900219),
                (-0.00487771498, 0.0185, 0.0132095356),
                (-0.00479046441, 0.0185, 0.013122285),
                (-0.00470997805, 0.0185, 0.0130287582),
                (-0.00463670602, 0.0185, 0.0129294781),
                (-0.00457105808, 0.0185, 0.012825),
                (-0.00451340137, 0.0185, 0.0127159082),
                (-0.00446405831, 0.0185, 0.0126028127),
                (-0.00442330487, 0.0185, 0.012486346),
                (-0.00439136894, 0.0185, 0.0123671595),
                (-0.00436842914, 0.0185, 0.0122459197),
                (-0.00435461373, 0.0185, 0.0121233047),
                (-0.00435, 0.0185, 0.012),
                (-0.00435461373, 0.0185, 0.0118766953),
                (-0.00436842914, 0.0185, 0.0117540803),
                (-0.00439136894, 0.0185, 0.0116328405),
                (-0.00442330487, 0.0185, 0.011513654),
                (-0.00446405831, 0.0185, 0.0113971873),
                (-0.00451340137, 0.0185, 0.0112840918),
                (-0.00457105808, 0.0185, 0.011175),
                (-0.00463670602, 0.0185, 0.0110705219),
                (-0.00470997805, 0.0185, 0.0109712418),
                (-0.00479046441, 0.0185, 0.010877715),
                (-0.00487771498, 0.0185, 0.0107904644),
                (-0.00497124183, 0.0185, 0.0107099781),
                (-0.0050705219, 0.0185, 0.010636706),
                (-0.005175, 0.0185, 0.0105710581),
                (-0.00528409183, 0.0185, 0.0105134014),
                (-0.00539718731, 0.0185, 0.0104640583),
                (-0.00551365396, 0.0185, 0.0104233049),
                (-0.00563284046, 0.0185, 0.0103913689),
                (-0.00575408026, 0.0185, 0.0103684291),
                (-0.00587669535, 0.0185, 0.0103546137),
                (-0.006, 0.0185, 0.01035),
                (-0.00612330465, 0.0185, 0.0103546137),
                (-0.00624591974, 0.0185, 0.0103684291),
                (-0.00636715954, 0.0185, 0.0103913689),
                (-0.00648634604, 0.0185, 0.0104233049),
                (-0.00660281269, 0.0185, 0.0104640583),
                (-0.00671590817, 0.0185, 0.0105134014),
                (-0.006825, 0.0185, 0.0105710581),
                (-0.0069294781, 0.0185, 0.010636706),
                (-0.00702875817, 0.0185, 0.0107099781),
                (-0.00712228502, 0.0185, 0.0107904644),
                (-0.00720953559, 0.0185, 0.010877715),
                (-0.00729002195, 0.0185, 0.0109712418),
                (-0.00736329398, 0.0185, 0.0110705219),
                (-0.00742894192, 0.0185, 0.011175),
                (-0.00748659863, 0.0185, 0.0112840918),
                (-0.00753594169, 0.0185, 0.0113971873),
                (-0.00757669513, 0.0185, 0.011513654),
                (-0.00760863105, 0.0185, 0.0116328405),
                (-0.00763157086, 0.0185, 0.0117540803),
                (-0.00764538627, 0.0185, 0.0118766953),
                (-0.0103, 0.0125888036, 0.00484345368),
                (-0.0104, 0.0126877857, 0.00482922219),
                (-0.0103, 0.0125554423, 0.00469009419),
                (-0.0104, 0.0126513916, 0.00466192093),
                (-0.0103, 0.0125005952, 0.00454304349),
                (-0.0104, 0.0125915584, 0.00450150198),
                (-0.0103, 0.0124253789, 0.0044052951),
                (-0.0104, 0.0125095042, 0.00435123102),
                (-0.0103, 0.0123313245, 0.00427965319),
                (-0.0104, 0.0124068995, 0.00421416712),
                (-0.0103, 0.0122203468, 0.00416867547),
                (-0.0104, 0.0122858329, 0.00409310051),
                (-0.0103, 0.0120947049, 0.00407462111),
                (-0.0104, 0.012148769, 0.00399049576),
                (-0.0103, 0.0119569565, 0.00399940481),
                (-0.0104, 0.011998498, 0.00390844161),
                (-0.0103, 0.0118099058, 0.00394455773),
                (-0.0104, 0.0118380791, 0.00384860843),
                (-0.0103, 0.0116565463, 0.00391119641),
                (-0.0104, 0.0116707778, 0.00381221427),
                (0.0102, 0.009, 0.0037),
                (0.0102, 0.009, 0.0019),
                (0.0102, 0.0093, 0.004),
                (0.0102, 0.0185, 0.005),
                (0.0102, 0.0185, 0.0055),
                (0.0102, 0.0185027962, 0.00492526991),
                (0.0102, 0.0185111692, 0.00485095773),
                (0.0102, 0.0185250721, 0.00477747907),
                (0.0102, 0.0185444272, 0.00470524483),
                (0.0102, 0.0185691263, 0.00463465898),
                (0.0102, 0.0185990311, 0.00456611626),
                (0.0102, 0.0186339746, 0.0045),
                (0.0102, 0.0186737612, 0.00443667994),
                (0.0102, 0.0187181685, 0.0043765102),
                (0.0102, 0.0187669481, 0.00431982726),
                (0.0102, 0.0188198273, 0.00426694813),
                (0.0102, 0.0188765102, 0.00421816852),
                (0.0102, 0.0189366799, 0.00417376123),
                (0.0102, 0.019, 0.0041339746),
                (0.0102, 0.0190661163, 0.00409903113),
                (0.0102, 0.019134659, 0.00406912625),
                (0.0102, 0.0192052448, 0.00404442719),
                (0.0102, 0.0192774791, 0.00402507209),
                (0.0102, 0.0193509577, 0.00401116917),
                (0.0102, 0.0194252699, 0.0040027962),
                (0.0102, 0.0195, 0.004),
                (0.0103, 0.0184111964, 0.00484345368),
                (0.0104, 0.0183122143, 0.00482922219),
                (0.0103, 0.0184445577, 0.00469009419),
                (0.0104, 0.0183486084, 0.00466192093),
                (0.0103, 0.0184994048, 0.00454304349),
                (0.0104, 0.0184084416, 0.00450150198),
                (0.0103, 0.0185746211, 0.0044052951),
                (0.0104, 0.0184904958, 0.00435123102),
                (0.0103, 0.0186686755, 0.00427965319),
                (0.0104, 0.0185931005, 0.00421416712),
                (0.0103, 0.0187796532, 0.00416867547),
                (0.0104, 0.0187141671, 0.00409310051),
                (0.0103, 0.0189052951, 0.00407462111),
                (0.0104, 0.018851231, 0.00399049576),
                (0.0103, 0.0190430435, 0.00399940481),
                (0.0104, 0.019001502, 0.00390844161),
                (0.0103, 0.0191900942, 0.00394455773),
                (0.0104, 0.0191619209, 0.00384860843),
                (0.0103, 0.0193434537, 0.00391119641),
                (0.0104, 0.0193292222, 0.00381221427),
                (0.0102, 0.0217, 0.004),
                (0.0102, 0.02, 0.004),
                (0.0102, 0.022, 0.0037),
                (0.0102, 0.022, 0.0019),
                (0.0102, 0.0282, 0.0019),
                (0.01035, 0.02835, 0.00175),
                (0.01035, 0.02835, 0.00015),
                (0.0102, 0.0285, 0.0003),
                (0.0102, 0.0285, 0.0016),
                (0.01035, 0.00265, 0.00015),
                (0.0102, 0.0028, 0),
                (0.0102, 0.0282, -1.10134124e-16),
                (0.01035, 0.00265, 0.00175),
                (0.0102, 0.0025, 0.0016),
                (0.0102, 0.0025, 0.0003),
                (0.0102, 0.0028, 0.0019),
                (0.010213311, 0.0185, 0.00551882458),
                (0.0102, 0.025, 0.004),
                (0.0102, 0.0264839313, 0.00548393126),
                (0.0101846442, 0.0265, 0.0055),
                (-0.0102, 0.0264839313, 0.00548393126),
                (-0.0101846442, 0.0265, 0.0055),
                (0.006, 0.0265, 0.00805),
                (0.00628601808, 0.0265, 0.00806036884),
                (0.00657053454, 0.0265, 0.00809142093),
                (0.00685205568, 0.0265, 0.00814299324),
                (0.00712910348, 0.0265, 0.00821481502),
                (0.00740022344, 0.0265, 0.00830650919),
                (0.00766399215, 0.0265, 0.00841759437),
                (0.00791902483, 0.0265, 0.00854748734),
                (0.00816398255, 0.0265, 0.00869550616),
                (0.00839757925, 0.0265, 0.00886087373),
                (0.00861858855, 0.0265, 0.00904272186),
                (0.00882585014, 0.0265, 0.00924009583),
                (0.00901827588, 0.0265, 0.00945195944),
                (0.00919485553, 0.0265, 0.00967720037),
                (0.00935466205, 0.0265, 0.00991463611),
                (0.00949685643, 0.0265, 0.0101630201),
                (0.00962069215, 0.0265, 0.0104210483),
                (0.00972551907, 0.0265, 0.0106873661),
                (0.00981078684, 0.0265, 0.0109605753),
                (0.0098760478, 0.0265, 0.0112392415),
                (0.00992095933, 0.0265, 0.0115219018),
                (0.00994528564, 0.0265, 0.011807072),
                (0.00994889902, 0.0265, 0.0120932552),
                (0.00993178049, 0.0265, 0.0123789487),
                (0.00989401994, 0.0265, 0.0126626528),
                (0.00983581559, 0.0265, 0.0129428779),
                (0.00975747304, 0.0265, 0.0132181528),
                (0.00965940358, 0.0265, 0.0134870324),
                (0.00954212207, 0.0265, 0.013748105),
                (0.00245787793, 0.0265, 0.013748105),
                (0.00234059642, 0.0265, 0.0134870324),
                (0.00224252696, 0.0265, 0.0132181528),
                (0.00216418441, 0.0265, 0.0129428779),
                (0.00210598006, 0.0265, 0.0126626528),
                (0.00206821951, 0.0265, 0.0123789487),
                (0.00205110098, 0.0265, 0.0120932552),
                (0.00205471436, 0.0265, 0.011807072),
                (0.00207904067, 0.0265, 0.0115219018),
                (0.0021239522, 0.0265, 0.0112392415),
                (0.00218921316, 0.0265, 0.0109605753),
                (0.00227448093, 0.0265, 0.0106873661),
                (0.00237930785, 0.0265, 0.0104210483),
                (0.00250314357, 0.0265, 0.0101630201),
                (0.00264533795, 0.0265, 0.00991463611),
                (0.00280514447, 0.0265, 0.00967720037),
                (0.00298172412, 0.0265, 0.00945195944),
                (0.00317414986, 0.0265, 0.00924009583),
                (0.00338141145, 0.0265, 0.00904272186),
                (0.00360242075, 0.0265, 0.00886087373),
                (0.00383601745, 0.0265, 0.00869550616),
                (0.00408097517, 0.0265, 0.00854748734),
                (0.00433600785, 0.0265, 0.00841759437),
                (0.00459977657, 0.0265, 0.00830650919),
                (0.00487089652, 0.0265, 0.00821481502),
                (0.00514794432, 0.0265, 0.00814299324),
                (0.00542946546, 0.0265, 0.00809142093),
                (0.00571398192, 0.0265, 0.00806036884),
                (-0.006, 0.0265, 0.00805),
                (-0.00571398192, 0.0265, 0.00806036884),
                (-0.00542946546, 0.0265, 0.00809142093),
                (-0.00514794432, 0.0265, 0.00814299324),
                (-0.00487089652, 0.0265, 0.00821481502),
                (-0.00459977656, 0.0265, 0.00830650919),
                (-0.00433600785, 0.0265, 0.00841759437),
                (-0.00408097517, 0.0265, 0.00854748734),
                (-0.00383601745, 0.0265, 0.00869550616),
                (-0.00360242075, 0.0265, 0.00886087373),
                (-0.00338141145, 0.0265, 0.00904272186),
                (-0.00317414986, 0.0265, 0.00924009583),
                (-0.00298172412, 0.0265, 0.00945195944),
                (-0.00280514447, 0.0265, 0.00967720037),
                (-0.00264533795, 0.0265, 0.00991463611),
                (-0.00250314357, 0.0265, 0.0101630201),
                (-0.00237930785, 0.0265, 0.0104210483),
                (-0.00227448093, 0.0265, 0.0106873661),
                (-0.00218921316, 0.0265, 0.0109605753),
                (-0.0021239522, 0.0265, 0.0112392415),
                (-0.00207904067, 0.0265, 0.0115219018),
                (-0.00205471436, 0.0265, 0.011807072),
                (-0.00205110098, 0.0265, 0.0120932552),
                (-0.00206821951, 0.0265, 0.0123789487),
                (-0.00210598006, 0.0265, 0.0126626528),
                (-0.00216418441, 0.0265, 0.0129428779),
                (-0.00224252696, 0.0265, 0.0132181528),
                (-0.00234059642, 0.0265, 0.0134870324),
                (-0.00245787793, 0.0265, 0.013748105),
                (-0.00954212207, 0.0265, 0.013748105),
                (-0.00965940358, 0.0265, 0.0134870324),
                (-0.00975747304, 0.0265, 0.0132181528),
                (-0.00983581559, 0.0265, 0.0129428779),
                (-0.00989401994, 0.0265, 0.0126626528),
                (-0.00993178049, 0.0265, 0.0123789487),
                (-0.00994889902, 0.0265, 0.0120932552),
                (-0.00994528564, 0.0265, 0.011807072),
                (-0.00992095933, 0.0265, 0.0115219018),
                (-0.0098760478, 0.0265, 0.0112392415),
                (-0.00981078684, 0.0265, 0.0109605753),
                (-0.00972551907, 0.0265, 0.0106873661),
                (-0.00962069215, 0.0265, 0.0104210483),
                (-0.00949685643, 0.0265, 0.0101630201),
                (-0.00935466205, 0.0265, 0.00991463611),
                (-0.00919485553, 0.0265, 0.00967720037),
                (-0.00901827588, 0.0265, 0.00945195944),
                (-0.00882585014, 0.0265, 0.00924009583),
                (-0.00861858855, 0.0265, 0.00904272186),
                (-0.00839757925, 0.0265, 0.00886087373),
                (-0.00816398255, 0.0265, 0.00869550616),
                (-0.00791902483, 0.0265, 0.00854748734),
                (-0.00766399215, 0.0265, 0.00841759437),
                (-0.00740022343, 0.0265, 0.00830650919),
                (-0.00712910348, 0.0265, 0.00821481502),
                (-0.00685205568, 0.0265, 0.00814299324),
                (-0.00657053454, 0.0265, 0.00809142093),
                (-0.00628601808, 0.0265, 0.00806036884),
                (-0.006, 0.0262, 0.00835),
                (-0.00965, 0.0262, 0.012),
                (-0.00963979386, 0.0262, 0.0117272352),
                (-0.00960923252, 0.0262, 0.0114559957),
                (-0.00955848688, 0.0262, 0.0111877986),
                (-0.00948784074, 0.0262, 0.0109241436),
                (-0.00939768918, 0.0262, 0.0106665053),
                (-0.00928853637, 0.0262, 0.0104163244),
                (-0.00916099272, 0.0262, 0.010175),
                (-0.00901577153, 0.0262, 0.00994388179),
                (-0.00885368491, 0.0262, 0.00972426222),
                (-0.00867563933, 0.0262, 0.00951736951),
                (-0.00848263049, 0.0262, 0.00932436067),
                (-0.00827573778, 0.0262, 0.00914631509),
                (-0.00805611821, 0.0262, 0.00898422847),
                (-0.007825, 0.0262, 0.00883900728),
                (-0.00758367565, 0.0262, 0.00871146363),
                (-0.00733349474, 0.0262, 0.00860231082),
                (-0.00707585639, 0.0262, 0.00851215926),
                (-0.00681220141, 0.0262, 0.00844151312),
                (-0.00654400427, 0.0262, 0.00839076748),
                (-0.00627276484, 0.0262, 0.00836020614),
                (-0.00919010819, 0.0262, 0.0137736149),
                (-0.00931018423, 0.0262, 0.0135379143),
                (-0.00941287437, 0.0262, 0.0132941362),
                (-0.00949763926, 0.0262, 0.013043561),
                (-0.0095640337, 0.0262, 0.0127875048),
                (-0.00961170897, 0.0262, 0.0125273124),
                (-0.00964041465, 0.0262, 0.0122643504),
                (-0.00572955624, 0.0262, 0.00836003294),
                (-0.00546059924, 0.0262, 0.00839007662),
                (-0.0051946076, 0.0262, 0.00843996586),
                (-0.00493304361, 0.0262, 0.0085094264),
                (-0.00467734521, 0.0262, 0.00859807638),
                (-0.00442891812, 0.0262, 0.00870542845),
                (-0.00418912805, 0.0262, 0.00883089243),
                (-0.00395929326, 0.0262, 0.0089737786),
                (-0.00374067725, 0.0262, 0.00913330142),
                (-0.00353448189, 0.0262, 0.00930858394),
                (-0.00334184071, 0.0262, 0.00949866252),
                (-0.00316381278, 0.0262, 0.00970249221),
                (-0.00300137679, 0.0262, 0.00991895246),
                (-0.00285542575, 0.0262, 0.0101468533),
                (-0.00272676201, 0.0262, 0.0103849418),
                (-0.00261609292, 0.0262, 0.0106319091),
                (-0.00252402686, 0.0262, 0.0108863974),
                (-0.00245106997, 0.0262, 0.0111470078),
                (-0.00239762334, 0.0262, 0.0114123075),
                (-0.00236398079, 0.0262, 0.0116808381),
                (-0.00235032727, 0.0262, 0.0119511233),
                (-0.00235673783, 0.0262, 0.0122216771),
                (-0.00238317724, 0.0262, 0.0124910123),
                (-0.00242950014, 0.0262, 0.0127576482),
                (-0.00249545188, 0.0262, 0.0130201189),
                (-0.00258066989, 0.0262, 0.0132769814),
                (-0.00268468567, 0.0262, 0.0135268238),
                (-0.00280692741, 0.0262, 0.0137682724),
                (-0.00280692741, 0.0235, 0.0137682724),
                (-0.00268468567, 0.0235, 0.0135268238),
                (-0.00258066989, 0.0235, 0.0132769814),
                (-0.00249545188, 0.0235, 0.0130201189),
                (-0.00242950014, 0.0235, 0.0127576482),
                (-0.00238317724, 0.0235, 0.0124910123),
                (-0.00235673783, 0.0235, 0.0122216771),
                (-0.00235032727, 0.0235, 0.0119511233),
                (-0.00236398079, 0.0235, 0.0116808381),
                (-0.00239762334, 0.0235, 0.0114123075),
                (-0.00245106997, 0.0235, 0.0111470078),
                (-0.00252402686, 0.0235, 0.0108863974),
                (-0.00261609292, 0.0235, 0.0106319091),
                (-0.00272676201, 0.0235, 0.0103849418),
                (-0.00285542575, 0.0235, 0.0101468533),
                (-0.00300137679, 0.0235, 0.00991895246),
                (-0.00316381278, 0.0235, 0.00970249221),
                (-0.00334184071, 0.0235, 0.00949866252),
                (-0.00353448189, 0.0235, 0.00930858394),
                (-0.00374067725, 0.0235, 0.00913330142),
                (-0.00395929326, 0.0235, 0.0089737786),
                (-0.00418912805, 0.0235, 0.00883089243),
                (-0.00442891812, 0.0235, 0.00870542845),
                (-0.00467734521, 0.0235, 0.00859807638),
                (-0.00493304361, 0.0235, 0.0085094264),
                (-0.0051946076, 0.0235, 0.00843996586),
                (-0.00546059924, 0.0235, 0.00839007662),
                (-0.00572955624, 0.0235, 0.00836003294),
                (-0.006, 0.0235, 0.00835),
                (-0.00627044376, 0.0235, 0.00836003294),
                (-0.00653940076, 0.0235, 0.00839007662),
                (-0.0068053924, 0.0235, 0.00843996586),
                (-0.00706695639, 0.0235, 0.0085094264),
                (-0.00732265479, 0.0235, 0.00859807638),
                (-0.00757108188, 0.0235, 0.00870542845),
                (-0.00781087195, 0.0235, 0.00883089243),
                (-0.00804070674, 0.0235, 0.0089737786),
                (-0.00825932275, 0.0235, 0.00913330142),
                (-0.00846551811, 0.0235, 0.00930858394),
                (-0.00865815929, 0.0235, 0.00949866252),
                (-0.00883618722, 0.0235, 0.00970249221),
                (-0.0089986232, 0.0235, 0.00991895246),
                (-0.00914457425, 0.0235, 0.0101468533),
                (-0.00927323798, 0.0235, 0.0103849418),
                (-0.00938390708, 0.0235, 0.0106319091),
                (-0.00947597314, 0.0235, 0.0108863974),
                (-0.00954893003, 0.0235, 0.0111470078),
                (-0.00960237666, 0.0235, 0.0114123075),
                (-0.00963601921, 0.0235, 0.0116808381),
                (-0.00964967273, 0.0235, 0.0119511233),
                (-0.00964326217, 0.0235, 0.0122216771),
                (-0.00961682276, 0.0235, 0.0124910123),
                (-0.00957049986, 0.0235, 0.0127576482),
                (-0.00950454812, 0.0235, 0.0130201189),
                (-0.00941933011, 0.0235, 0.0132769814),
                (-0.00931531433, 0.0235, 0.0135268238),
                (-0.00919307259, 0.0235, 0.0137682724),
                (-0.00506385089, 0.0235, 0.0139354909),
                (-0.00492191718, 0.0235, 0.0138601713),
                (-0.00478600492, 0.0235, 0.0137744622),
                (-0.00465687323, 0.0235, 0.013678842),
                (-0.00453524335, 0.0235, 0.013573845),
                (-0.00442179462, 0.0235, 0.0134600575),
                (-0.0043171607, 0.0235, 0.0133381151),
                (-0.004221926, 0.0235, 0.0132086988),
                (-0.00413662244, 0.0235, 0.0130725316),
                (-0.00406172646, 0.0235, 0.012930374),
                (-0.00399765639, 0.0235, 0.0127830198),
                (-0.00394477008, 0.0235, 0.0126312923),
                (-0.00390336292, 0.0235, 0.0124760388),
                (-0.00387366617, 0.0235, 0.0123181264),
                (-0.00385584571, 0.0235, 0.0121584373),
                (-0.00385000106, 0.0235, 0.0119978631),
                (-0.00385616488, 0.0235, 0.011837301),
                (-0.00387430273, 0.0235, 0.0116776475),
                (-0.00390431332, 0.0235, 0.0115197945),
                (-0.00394602901, 0.0235, 0.0113646236),
                (-0.00399921682, 0.0235, 0.0112130015),
                (-0.00406357967, 0.0235, 0.011065775),
                (-0.00413875808, 0.0235, 0.0109237665),
                (-0.00422433214, 0.0235, 0.0107877691),
                (-0.00431982391, 0.0235, 0.0106585425),
                (-0.00442470001, 0.0235, 0.0105368083),
                (-0.0045383747, 0.0235, 0.0104232465),
                (-0.00466021305, 0.0235, 0.0103184915),
                (-0.00478953456, 0.0235, 0.0102231282),
                (-0.00492561692, 0.0235, 0.0101376893),
                (-0.00506770007, 0.0235, 0.0100626521),
                (-0.00521499043, 0.0235, 0.00999843562),
                (-0.00536666533, 0.0235, 0.00994539853),
                (-0.00552187761, 0.0235, 0.00990383708),
                (-0.00567976037, 0.0235, 0.0098739834),
                (-0.00583943177, 0.0235, 0.00985600423),
                (-0.006, 0.0235, 0.00985),
                (-0.00616056823, 0.0235, 0.00985600423),
                (-0.00632023963, 0.0235, 0.0098739834),
                (-0.00647812239, 0.0235, 0.00990383708),
                (-0.00663333467, 0.0235, 0.00994539853),
                (-0.00678500957, 0.0235, 0.00999843562),
                (-0.00693229993, 0.0235, 0.0100626521),
                (-0.00707438308, 0.0235, 0.0101376893),
                (-0.00721046544, 0.0235, 0.0102231282),
                (-0.00733978695, 0.0235, 0.0103184915),
                (-0.0074616253, 0.0235, 0.0104232465),
                (-0.00757529999, 0.0235, 0.0105368083),
                (-0.00768017609, 0.0235, 0.0106585425),
                (-0.00777566786, 0.0235, 0.0107877691),
                (-0.00786124192, 0.0235, 0.0109237665),
                (-0.00793642033, 0.0235, 0.011065775),
                (-0.00800078318, 0.0235, 0.0112130015),
                (-0.00805397099, 0.0235, 0.0113646236),
                (-0.00809568668, 0.0235, 0.0115197945),
                (-0.00812569727, 0.0235, 0.0116776475),
                (-0.00814383512, 0.0235, 0.011837301),
                (-0.00814999894, 0.0235, 0.0119978631),
                (-0.00814415429, 0.0235, 0.0121584373),
                (-0.00812633383, 0.0235, 0.0123181264),
                (-0.00809663708, 0.0235, 0.0124760388),
                (-0.00805522992, 0.0235, 0.0126312923),
                (-0.00800234361, 0.0235, 0.0127830198),
                (-0.00793827354, 0.0235, 0.012930374),
                (-0.00786337756, 0.0235, 0.0130725316),
                (-0.007778074, 0.0235, 0.0132086988),
                (-0.0076828393, 0.0235, 0.0133381151),
                (-0.00757820538, 0.0235, 0.0134600575),
                (-0.00746475665, 0.0235, 0.013573845),
                (-0.00734312677, 0.0235, 0.013678842),
                (-0.00721399508, 0.0235, 0.0137744622),
                (-0.00707808282, 0.0235, 0.0138601713),
                (-0.00693614911, 0.0235, 0.0139354909),
                (-0.006, 0.0215, 0.00985),
                (-0.00583943177, 0.0215, 0.00985600423),
                (-0.00567976037, 0.0215, 0.0098739834),
                (-0.00552187761, 0.0215, 0.00990383708),
                (-0.00536666533, 0.0215, 0.00994539853),
                (-0.00521499043, 0.0215, 0.00999843562),
                (-0.00506770007, 0.0215, 0.0100626521),
                (-0.00492561692, 0.0215, 0.0101376893),
                (-0.00478953456, 0.0215, 0.0102231282),
                (-0.00466021305, 0.0215, 0.0103184915),
                (-0.0045383747, 0.0215, 0.0104232465),
                (-0.00442470001, 0.0215, 0.0105368083),
                (-0.00431982391, 0.0215, 0.0106585425),
                (-0.00422433214, 0.0215, 0.0107877691),
                (-0.00413875808, 0.0215, 0.0109237665),
                (-0.00406357967, 0.0215, 0.011065775),
                (-0.00399921682, 0.0215, 0.0112130015),
                (-0.00394602901, 0.0215, 0.0113646236),
                (-0.00390431332, 0.0215, 0.0115197945),
                (-0.00387430273, 0.0215, 0.0116776475),
                (-0.00385616488, 0.0215, 0.011837301),
                (-0.00385000106, 0.0215, 0.0119978631),
                (-0.00385584571, 0.0215, 0.0121584373),
                (-0.00387366617, 0.0215, 0.0123181264),
                (-0.00390336292, 0.0215, 0.0124760388),
                (-0.00394477008, 0.0215, 0.0126312923),
                (-0.00399765639, 0.0215, 0.0127830198),
                (-0.00406172646, 0.0215, 0.012930374),
                (-0.00413662244, 0.0215, 0.0130725316),
                (-0.004221926, 0.0215, 0.0132086988),
                (-0.0043171607, 0.0215, 0.0133381151),
                (-0.00442179462, 0.0215, 0.0134600575),
                (-0.00453524335, 0.0215, 0.013573845),
                (-0.00465687323, 0.0215, 0.013678842),
                (-0.00478600492, 0.0215, 0.0137744622),
                (-0.00492191718, 0.0215, 0.0138601713),
                (-0.00506385089, 0.0215, 0.0139354909),
                (-0.00693614911, 0.0215, 0.0139354909),
                (-0.00707808282, 0.0215, 0.0138601713),
                (-0.00721399508, 0.0215, 0.0137744622),
                (-0.00734312677, 0.0215, 0.013678842),
                (-0.00746475665, 0.0215, 0.013573845),
                (-0.00757820538, 0.0215, 0.0134600575),
                (-0.0076828393, 0.0215, 0.0133381151),
                (-0.007778074, 0.0215, 0.0132086988),
                (-0.00786337756, 0.0215, 0.0130725316),
                (-0.00793827354, 0.0215, 0.012930374),
                (-0.00800234361, 0.0215, 0.0127830198),
                (-0.00805522992, 0.0215, 0.0126312923),
                (-0.00809663708, 0.0215, 0.0124760388),
                (-0.00812633383, 0.0215, 0.0123181264),
                (-0.00814415429, 0.0215, 0.0121584373),
                (-0.00814999894, 0.0215, 0.0119978631),
                (-0.00814383512, 0.0215, 0.011837301),
                (-0.00812569727, 0.0215, 0.0116776475),
                (-0.00809568668, 0.0215, 0.0115197945),
                (-0.00805397099, 0.0215, 0.0113646236),
                (-0.00800078318, 0.0215, 0.0112130015),
                (-0.00793642033, 0.0215, 0.011065775),
                (-0.00786124192, 0.0215, 0.0109237665),
                (-0.00777566786, 0.0215, 0.0107877691),
                (-0.00768017609, 0.0215, 0.0106585425),
                (-0.00757529999, 0.0215, 0.0105368083),
                (-0.0074616253, 0.0215, 0.0104232465),
                (-0.00733978695, 0.0215, 0.0103184915),
                (-0.00721046544, 0.0215, 0.0102231282),
                (-0.00707438308, 0.0215, 0.0101376893),
                (-0.00693229993, 0.0215, 0.0100626521),
                (-0.00678500957, 0.0215, 0.00999843562),
                (-0.00663333467, 0.0215, 0.00994539853),
                (-0.00647812239, 0.0215, 0.00990383708),
                (-0.00632023963, 0.0215, 0.0098739834),
                (-0.00616056823, 0.0215, 0.00985600423),
                (-0.00919307259, 0.0215, 0.0137682724),
                (-0.00931531433, 0.0215, 0.0135268238),
                (-0.00941933011, 0.0215, 0.0132769814),
                (-0.00950454812, 0.0215, 0.0130201189),
                (-0.00957049986, 0.0215, 0.0127576482),
                (-0.00961682276, 0.0215, 0.0124910123),
                (-0.00964326217, 0.0215, 0.0122216771),
                (-0.00964967273, 0.0215, 0.0119511233),
                (-0.00963601921, 0.0215, 0.0116808381),
                (-0.00960237666, 0.0215, 0.0114123075),
                (-0.00954893003, 0.0215, 0.0111470078),
                (-0.00947597314, 0.0215, 0.0108863974),
                (-0.00938390708, 0.0215, 0.0106319091),
                (-0.00927323798, 0.0215, 0.0103849418),
                (-0.00914457425, 0.0215, 0.0101468533),
                (-0.0089986232, 0.0215, 0.00991895246),
                (-0.00883618722, 0.0215, 0.00970249221),
                (-0.00865815929, 0.0215, 0.00949866252),
                (-0.00846551811, 0.0215, 0.00930858394),
                (-0.00825932275, 0.0215, 0.00913330142),
                (-0.00804070674, 0.0215, 0.0089737786),
                (-0.00781087195, 0.0215, 0.00883089243),
                (-0.00757108188, 0.0215, 0.00870542845),
                (-0.00732265479, 0.0215, 0.00859807638),
                (-0.00706695639, 0.0215, 0.0085094264),
                (-0.0068053924, 0.0215, 0.00843996586),
                (-0.00653940076, 0.0215, 0.00839007662),
                (-0.00627044376, 0.0215, 0.00836003294),
                (-0.006, 0.0215, 0.00835),
                (-0.00572955624, 0.0215, 0.00836003294),
                (-0.00546059924, 0.0215, 0.00839007662),
                (-0.0051946076, 0.0215, 0.00843996586),
                (-0.00493304361, 0.0215, 0.0085094264),
                (-0.00467734521, 0.0215, 0.00859807638),
                (-0.00442891812, 0.0215, 0.00870542845),
                (-0.00418912805, 0.0215, 0.00883089243),
                (-0.00395929326, 0.0215, 0.0089737786),
                (-0.00374067725, 0.0215, 0.00913330142),
                (-0.00353448189, 0.0215, 0.00930858394),
                (-0.00334184071, 0.0215, 0.00949866252),
                (-0.00316381278, 0.0215, 0.00970249221),
                (-0.00300137679, 0.0215, 0.00991895246),
                (-0.00285542575, 0.0215, 0.0101468533),
                (-0.00272676201, 0.0215, 0.0103849418),
                (-0.00261609292, 0.0215, 0.0106319091),
                (-0.00252402686, 0.0215, 0.0108863974),
                (-0.00245106997, 0.0215, 0.0111470078),
                (-0.00239762334, 0.0215, 0.0114123075),
                (-0.00236398079, 0.0215, 0.0116808381),
                (-0.00235032727, 0.0215, 0.0119511233),
                (-0.00235673783, 0.0215, 0.0122216771),
                (-0.00238317724, 0.0215, 0.0124910123),
                (-0.00242950014, 0.0215, 0.0127576482),
                (-0.00249545188, 0.0215, 0.0130201189),
                (-0.00258066989, 0.0215, 0.0132769814),
                (-0.00268468567, 0.0215, 0.0135268238),
                (-0.00280692741, 0.0215, 0.0137682724),
                (-0.006, 0.0188, 0.00835),
                (-0.00627044376, 0.0188, 0.00836003294),
                (-0.00653940076, 0.0188, 0.00839007662),
                (-0.0068053924, 0.0188, 0.00843996586),
                (-0.00706695639, 0.0188, 0.0085094264),
                (-0.00732265479, 0.0188, 0.00859807638),
                (-0.00757108188, 0.0188, 0.00870542845),
                (-0.00781087195, 0.0188, 0.00883089243),
                (-0.00804070674, 0.0188, 0.0089737786),
                (-0.00825932275, 0.0188, 0.00913330142),
                (-0.00846551811, 0.0188, 0.00930858394),
                (-0.00865815929, 0.0188, 0.00949866252),
                (-0.00883618722, 0.0188, 0.00970249221),
                (-0.0089986232, 0.0188, 0.00991895246),
                (-0.00914457425, 0.0188, 0.0101468533),
                (-0.00927323798, 0.0188, 0.0103849418),
                (-0.00938390708, 0.0188, 0.0106319091),
                (-0.00947597314, 0.0188, 0.0108863974),
                (-0.00954893003, 0.0188, 0.0111470078),
                (-0.00960237666, 0.0188, 0.0114123075),
                (-0.00963601921, 0.0188, 0.0116808381),
                (-0.00964967273, 0.0188, 0.0119511233),
                (-0.00964326217, 0.0188, 0.0122216771),
                (-0.00961682276, 0.0188, 0.0124910123),
                (-0.00957049986, 0.0188, 0.0127576482),
                (-0.00950454812, 0.0188, 0.0130201189),
                (-0.00941933011, 0.0188, 0.0132769814),
                (-0.00931531433, 0.0188, 0.0135268238),
                (-0.00919307259, 0.0188, 0.0137682724),
                (-0.00245565815, 0.0185, 0.0137436),
                (-0.00233682686, 0.0185, 0.0134777221),
                (-0.00223790782, 0.0185, 0.0132038116),
                (-0.00215943872, 0.0185, 0.0129233575),
                (-0.00210184611, 0.0185, 0.0126378842),
                (-0.00206544304, 0.0185, 0.0123489435),
                (-0.0020504274, 0.0185, 0.012058106),
                (-0.00205688081, 0.0185, 0.0117669526),
                (-0.00208476819, 0.0185, 0.0114770661),
                (-0.00213393795, 0.0185, 0.0111900221),
                (-0.00220412282, 0.0185, 0.0109073809),
                (-0.00229494127, 0.0185, 0.0106306791),
                (-0.00240589965, 0.0185, 0.0103614205),
                (-0.00253639481, 0.0185, 0.010101069),
                (-0.0026857174, 0.0185, 0.00985103959),
                (-0.00285305573, 0.0185, 0.00961269152),
                (-0.00303750019, 0.0185, 0.00938732036),
                (-0.00323804818, 0.0185, 0.00917615118),
                (-0.00345360957, 0.0185, 0.00898033185),
                (-0.00368301259, 0.0185, 0.0088009268),
                (-0.00392501028, 0.0185, 0.00863891124),
                (-0.00417828717, 0.0185, 0.00849516586),
                (-0.00444146652, 0.0185, 0.00837047202),
                (-0.00471311772, 0.0185, 0.00826550753),
                (-0.00499176415, 0.0185, 0.00818084296),
                (-0.00527589113, 0.0185, 0.00811693853),
                (-0.00556395422, 0.0185, 0.00807414161),
                (-0.00585438757, 0.0185, 0.00805268483),
                (-0.00614561243, 0.0185, 0.00805268483),
                (-0.00643604577, 0.0185, 0.00807414161),
                (-0.00672410887, 0.0185, 0.00811693853),
                (-0.00700823585, 0.0185, 0.00818084296),
                (-0.00728688228, 0.0185, 0.00826550753),
                (-0.00755853348, 0.0185, 0.00837047202),
                (-0.00782171283, 0.0185, 0.00849516586),
                (-0.00807498972, 0.0185, 0.00863891124),
                (-0.00831698741, 0.0185, 0.0088009268),
                (-0.00854639043, 0.0185, 0.00898033185),
                (-0.00876195182, 0.0185, 0.00917615118),
                (-0.00896249981, 0.0185, 0.00938732036),
                (-0.00914694427, 0.0185, 0.00961269152),
                (-0.0093142826, 0.0185, 0.00985103959),
                (-0.00946360519, 0.0185, 0.010101069),
                (-0.00959410035, 0.0185, 0.0103614205),
                (-0.00970505873, 0.0185, 0.0106306791),
                (-0.00979587718, 0.0185, 0.0109073809),
                (-0.00986606205, 0.0185, 0.0111900221),
                (-0.00991523181, 0.0185, 0.0114770661),
                (-0.00994311919, 0.0185, 0.0117669526),
                (-0.0099495726, 0.0185, 0.012058106),
                (-0.00993455696, 0.0185, 0.0123489435),
                (-0.00989815389, 0.0185, 0.0126378842),
                (-0.00984056128, 0.0185, 0.0129233575),
                (-0.00976209218, 0.0185, 0.0132038116),
                (-0.00966317314, 0.0185, 0.0134777221),
                (-0.00954434185, 0.0185, 0.0137436),
                (-0.00235, 0.0188, 0.012),
                (-0.00236020614, 0.0188, 0.0117272352),
                (-0.00239076748, 0.0188, 0.0114559957),
                (-0.00244151312, 0.0188, 0.0111877986),
                (-0.00251215926, 0.0188, 0.0109241436),
                (-0.00260231082, 0.0188, 0.0106665053),
                (-0.00271146363, 0.0188, 0.0104163244),
                (-0.00283900728, 0.0188, 0.010175),
                (-0.00298422847, 0.0188, 0.00994388179),
                (-0.00314631509, 0.0188, 0.00972426222),
                (-0.00332436067, 0.0188, 0.00951736951),
                (-0.00351736951, 0.0188, 0.00932436067),
                (-0.00372426222, 0.0188, 0.00914631509),
                (-0.00394388179, 0.0188, 0.00898422847),
                (-0.004175, 0.0188, 0.00883900728),
                (-0.00441632435, 0.0188, 0.00871146363),
                (-0.00466650526, 0.0188, 0.00860231082),
                (-0.00492414361, 0.0188, 0.00851215926),
                (-0.00518779859, 0.0188, 0.00844151312),
                (-0.00545599573, 0.0188, 0.00839076748),
                (-0.00572723516, 0.0188, 0.00836020614),
                (-0.00280989181, 0.0188, 0.0137736149),
                (-0.00268981577, 0.0188, 0.0135379143),
                (-0.00258712563, 0.0188, 0.0132941362),
                (-0.00250236074, 0.0188, 0.013043561),
                (-0.0024359663, 0.0188, 0.0127875048),
                (-0.00238829103, 0.0188, 0.0125273124),
                (-0.00235958534, 0.0188, 0.0122643504),
                (0.006, 0.0262, 0.00835),
                (0.00235, 0.0262, 0.012),
                (0.00236020614, 0.0262, 0.0117272352),
                (0.00239076748, 0.0262, 0.0114559957),
                (0.00244151312, 0.0262, 0.0111877986),
                (0.00251215926, 0.0262, 0.0109241436),
                (0.00260231082, 0.0262, 0.0106665053),
                (0.00271146363, 0.0262, 0.0104163244),
                (0.00283900728, 0.0262, 0.010175),
                (0.00298422847, 0.0262, 0.00994388179),
                (0.00314631509, 0.0262, 0.00972426222),
                (0.00332436067, 0.0262, 0.00951736951),
                (0.00351736951, 0.0262, 0.00932436067),
                (0.00372426222, 0.0262, 0.00914631509),
                (0.00394388179, 0.0262, 0.00898422847),
                (0.004175, 0.0262, 0.00883900728),
                (0.00441632435, 0.0262, 0.00871146363),
                (0.00466650526, 0.0262, 0.00860231082),
                (0.00492414361, 0.0262, 0.00851215926),
                (0.00518779859, 0.0262, 0.00844151312),
                (0.00545599573, 0.0262, 0.00839076748),
                (0.00572723516, 0.0262, 0.00836020614),
                (0.00280989181, 0.0262, 0.0137736149),
                (0.00268981577, 0.0262, 0.0135379143),
                (0.00258712563, 0.0262, 0.0132941362),
                (0.00250236074, 0.0262, 0.013043561),
                (0.0024359663, 0.0262, 0.0127875048),
                (0.00238829103, 0.0262, 0.0125273124),
                (0.00235958535, 0.0262, 0.0122643504),
                (0.00627044376, 0.0262, 0.00836003294),
                (0.00653940076, 0.0262, 0.00839007662),
                (0.0068053924, 0.0262, 0.00843996586),
                (0.00706695639, 0.0262, 0.0085094264),
                (0.00732265479, 0.0262, 0.00859807638),
                (0.00757108188, 0.0262, 0.00870542845),
                (0.00781087195, 0.0262, 0.00883089243),
                (0.00804070674, 0.0262, 0.0089737786),
                (0.00825932275, 0.0262, 0.00913330142),
                (0.00846551811, 0.0262, 0.00930858394),
                (0.00865815929, 0.0262, 0.00949866252),
                (0.00883618722, 0.0262, 0.00970249221),
                (0.00899862321, 0.0262, 0.00991895246),
                (0.00914457425, 0.0262, 0.0101468533),
                (0.00927323799, 0.0262, 0.0103849418),
                (0.00938390708, 0.0262, 0.0106319091),
                (0.00947597314, 0.0262, 0.0108863974),
                (0.00954893003, 0.0262, 0.0111470078),
                (0.00960237666, 0.0262, 0.0114123075),
                (0.00963601921, 0.0262, 0.0116808381),
                (0.00964967273, 0.0262, 0.0119511233),
                (0.00964326217, 0.0262, 0.0122216771),
                (0.00961682276, 0.0262, 0.0124910123),
                (0.00957049986, 0.0262, 0.0127576482),
                (0.00950454812, 0.0262, 0.0130201189),
                (0.00941933011, 0.0262, 0.0132769814),
                (0.00931531433, 0.0262, 0.0135268238),
                (0.00919307259, 0.0262, 0.0137682724),
                (0.00919307259, 0.0235, 0.0137682724),
                (0.00931531433, 0.0235, 0.0135268238),
                (0.00941933011, 0.0235, 0.0132769814),
                (0.00950454812, 0.0235, 0.0130201189),
                (0.00957049986, 0.0235, 0.0127576482),
                (0.00961682276, 0.0235, 0.0124910123),
                (0.00964326217, 0.0235, 0.0122216771),
                (0.00964967273, 0.0235, 0.0119511233),
                (0.00963601921, 0.0235, 0.0116808381),
                (0.00960237666, 0.0235, 0.0114123075),
                (0.00954893003, 0.0235, 0.0111470078),
                (0.00947597314, 0.0235, 0.0108863974),
                (0.00938390708, 0.0235, 0.0106319091),
                (0.00927323799, 0.0235, 0.0103849418),
                (0.00914457425, 0.0235, 0.0101468533),
                (0.00899862321, 0.0235, 0.00991895246),
                (0.00883618722, 0.0235, 0.00970249221),
                (0.00865815929, 0.0235, 0.00949866252),
                (0.00846551811, 0.0235, 0.00930858394),
                (0.00825932275, 0.0235, 0.00913330142),
                (0.00804070674, 0.0235, 0.0089737786),
                (0.00781087195, 0.0235, 0.00883089243),
                (0.00757108188, 0.0235, 0.00870542845),
                (0.00732265479, 0.0235, 0.00859807638),
                (0.00706695639, 0.0235, 0.0085094264),
                (0.0068053924, 0.0235, 0.00843996586),
                (0.00653940076, 0.0235, 0.00839007662),
                (0.00627044376, 0.0235, 0.00836003294),
                (0.006, 0.0235, 0.00835),
                (0.00572955624, 0.0235, 0.00836003294),
                (0.00546059924, 0.0235, 0.00839007662),
                (0.0051946076, 0.0235, 0.00843996586),
                (0.00493304361, 0.0235, 0.0085094264),
                (0.00467734521, 0.0235, 0.00859807638),
                (0.00442891812, 0.0235, 0.00870542845),
                (0.00418912805, 0.0235, 0.00883089243),
                (0.00395929326, 0.0235, 0.0089737786),
                (0.00374067725, 0.0235, 0.00913330142),
                (0.00353448189, 0.0235, 0.00930858394),
                (0.00334184071, 0.0235, 0.00949866252),
                (0.00316381278, 0.0235, 0.00970249221),
                (0.0030013768, 0.0235, 0.00991895246),
                (0.00285542575, 0.0235, 0.0101468533),
                (0.00272676202, 0.0235, 0.0103849418),
                (0.00261609292, 0.0235, 0.0106319091),
                (0.00252402686, 0.0235, 0.0108863974),
                (0.00245106997, 0.0235, 0.0111470078),
                (0.00239762334, 0.0235, 0.0114123075),
                (0.00236398079, 0.0235, 0.0116808381),
                (0.00235032727, 0.0235, 0.0119511233),
                (0.00235673783, 0.0235, 0.0122216771),
                (0.00238317724, 0.0235, 0.0124910123),
                (0.00242950014, 0.0235, 0.0127576482),
                (0.00249545188, 0.0235, 0.0130201189),
                (0.00258066989, 0.0235, 0.0132769814),
                (0.00268468567, 0.0235, 0.0135268238),
                (0.00280692741, 0.0235, 0.0137682724),
                (0.006, 0.0235, 0.00985),
                (0.00583943177, 0.0235, 0.00985600423),
                (0.00567976037, 0.0235, 0.0098739834),
                (0.00552187761, 0.0235, 0.00990383708),
                (0.00536666533, 0.0235, 0.00994539853),
                (0.00521499043, 0.0235, 0.00999843562),
                (0.00506770007, 0.0235, 0.0100626521),
                (0.00492561692, 0.0235, 0.0101376893),
                (0.00478953456, 0.0235, 0.0102231282),
                (0.00466021305, 0.0235, 0.0103184915),
                (0.0045383747, 0.0235, 0.0104232465),
                (0.00442470001, 0.0235, 0.0105368083),
                (0.00431982391, 0.0235, 0.0106585425),
                (0.00422433214, 0.0235, 0.0107877691),
                (0.00413875808, 0.0235, 0.0109237665),
                (0.00406357967, 0.0235, 0.011065775),
                (0.00399921682, 0.0235, 0.0112130015),
                (0.00394602901, 0.0235, 0.0113646236),
                (0.00390431332, 0.0235, 0.0115197945),
                (0.00387430273, 0.0235, 0.0116776475),
                (0.00385616488, 0.0235, 0.011837301),
                (0.00385000106, 0.0235, 0.0119978631),
                (0.00385584571, 0.0235, 0.0121584373),
                (0.00387366617, 0.0235, 0.0123181264),
                (0.00390336292, 0.0235, 0.0124760388),
                (0.00394477008, 0.0235, 0.0126312923),
                (0.00399765639, 0.0235, 0.0127830198),
                (0.00406172646, 0.0235, 0.012930374),
                (0.00413662244, 0.0235, 0.0130725316),
                (0.004221926, 0.0235, 0.0132086988),
                (0.0043171607, 0.0235, 0.0133381151),
                (0.00442179462, 0.0235, 0.0134600575),
                (0.00453524335, 0.0235, 0.013573845),
                (0.00465687323, 0.0235, 0.013678842),
                (0.00478600492, 0.0235, 0.0137744622),
                (0.00492191718, 0.0235, 0.0138601713),
                (0.00506385089, 0.0235, 0.0139354909),
                (0.00693614911, 0.0235, 0.0139354909),
                (0.00707808282, 0.0235, 0.0138601713),
                (0.00721399508, 0.0235, 0.0137744622),
                (0.00734312677, 0.0235, 0.013678842),
                (0.00746475665, 0.0235, 0.013573845),
                (0.00757820538, 0.0235, 0.0134600575),
                (0.0076828393, 0.0235, 0.0133381151),
                (0.007778074, 0.0235, 0.0132086988),
                (0.00786337756, 0.0235, 0.0130725316),
                (0.00793827354, 0.0235, 0.012930374),
                (0.00800234361, 0.0235, 0.0127830198),
                (0.00805522992, 0.0235, 0.0126312923),
                (0.00809663708, 0.0235, 0.0124760388),
                (0.00812633383, 0.0235, 0.0123181264),
                (0.00814415429, 0.0235, 0.0121584373),
                (0.00814999894, 0.0235, 0.0119978631),
                (0.00814383512, 0.0235, 0.011837301),
                (0.00812569727, 0.0235, 0.0116776475),
                (0.00809568668, 0.0235, 0.0115197945),
                (0.00805397099, 0.0235, 0.0113646236),
                (0.00800078318, 0.0235, 0.0112130015),
                (0.00793642033, 0.0235, 0.011065775),
                (0.00786124192, 0.0235, 0.0109237665),
                (0.00777566786, 0.0235, 0.0107877691),
                (0.00768017609, 0.0235, 0.0106585425),
                (0.00757529999, 0.0235, 0.0105368083),
                (0.0074616253, 0.0235, 0.0104232465),
                (0.00733978695, 0.0235, 0.0103184915),
                (0.00721046544, 0.0235, 0.0102231282),
                (0.00707438308, 0.0235, 0.0101376893),
                (0.00693229993, 0.0235, 0.0100626521),
                (0.00678500957, 0.0235, 0.00999843562),
                (0.00663333467, 0.0235, 0.00994539853),
                (0.00647812239, 0.0235, 0.00990383708),
                (0.00632023963, 0.0235, 0.0098739834),
                (0.00616056823, 0.0235, 0.00985600423),
                (0.006, 0.0215, 0.00985),
                (0.00506385089, 0.0215, 0.0139354909),
                (0.00492191718, 0.0215, 0.0138601713),
                (0.00478600492, 0.0215, 0.0137744622),
                (0.00465687323, 0.0215, 0.013678842),
                (0.00453524335, 0.0215, 0.013573845),
                (0.00442179462, 0.0215, 0.0134600575),
                (0.0043171607, 0.0215, 0.0133381151),
                (0.004221926, 0.0215, 0.0132086988),
                (0.00413662244, 0.0215, 0.0130725316),
                (0.00406172646, 0.0215, 0.012930374),
                (0.00399765639, 0.0215, 0.0127830198),
                (0.00394477008, 0.0215, 0.0126312923),
                (0.00390336292, 0.0215, 0.0124760388),
                (0.00387366617, 0.0215, 0.0123181264),
                (0.00385584571, 0.0215, 0.0121584373),
                (0.00385000106, 0.0215, 0.0119978631),
                (0.00385616488, 0.0215, 0.011837301),
                (0.00387430273, 0.0215, 0.0116776475),
                (0.00390431332, 0.0215, 0.0115197945),
                (0.00394602901, 0.0215, 0.0113646236),
                (0.00399921682, 0.0215, 0.0112130015),
                (0.00406357967, 0.0215, 0.011065775),
                (0.00413875808, 0.0215, 0.0109237665),
                (0.00422433214, 0.0215, 0.0107877691),
                (0.00431982391, 0.0215, 0.0106585425),
                (0.00442470001, 0.0215, 0.0105368083),
                (0.0045383747, 0.0215, 0.0104232465),
                (0.00466021305, 0.0215, 0.0103184915),
                (0.00478953456, 0.0215, 0.0102231282),
                (0.00492561692, 0.0215, 0.0101376893),
                (0.00506770007, 0.0215, 0.0100626521),
                (0.00521499043, 0.0215, 0.00999843562),
                (0.00536666533, 0.0215, 0.00994539853),
                (0.00552187761, 0.0215, 0.00990383708),
                (0.00567976037, 0.0215, 0.0098739834),
                (0.00583943177, 0.0215, 0.00985600423),
                (0.00280692741, 0.0215, 0.0137682724),
                (0.00268468567, 0.0215, 0.0135268238),
                (0.00258066989, 0.0215, 0.0132769814),
                (0.00249545188, 0.0215, 0.0130201189),
                (0.00242950014, 0.0215, 0.0127576482),
                (0.00238317724, 0.0215, 0.0124910123),
                (0.00235673783, 0.0215, 0.0122216771),
                (0.00235032727, 0.0215, 0.0119511233),
                (0.00236398079, 0.0215, 0.0116808381),
                (0.00239762334, 0.0215, 0.0114123075),
                (0.00245106997, 0.0215, 0.0111470078),
                (0.00252402686, 0.0215, 0.0108863974),
                (0.00261609292, 0.0215, 0.0106319091),
                (0.00272676202, 0.0215, 0.0103849418),
                (0.00285542575, 0.0215, 0.0101468533),
                (0.0030013768, 0.0215, 0.00991895246),
                (0.00316381278, 0.0215, 0.00970249221),
                (0.00334184071, 0.0215, 0.00949866252),
                (0.00353448189, 0.0215, 0.00930858394),
                (0.00374067725, 0.0215, 0.00913330142),
                (0.00395929326, 0.0215, 0.0089737786),
                (0.00418912805, 0.0215, 0.00883089243),
                (0.00442891812, 0.0215, 0.00870542845),
                (0.00467734521, 0.0215, 0.00859807638),
                (0.00493304361, 0.0215, 0.0085094264),
                (0.0051946076, 0.0215, 0.00843996586),
                (0.00546059924, 0.0215, 0.00839007662),
                (0.00572955624, 0.0215, 0.00836003294),
                (0.006, 0.0215, 0.00835),
                (0.00627044376, 0.0215, 0.00836003294),
                (0.00653940076, 0.0215, 0.00839007662),
                (0.0068053924, 0.0215, 0.00843996586),
                (0.00706695639, 0.0215, 0.0085094264),
                (0.00732265479, 0.0215, 0.00859807638),
                (0.00757108188, 0.0215, 0.00870542845),
                (0.00781087195, 0.0215, 0.00883089243),
                (0.00804070674, 0.0215, 0.0089737786),
                (0.00825932275, 0.0215, 0.00913330142),
                (0.00846551811, 0.0215, 0.00930858394),
                (0.00865815929, 0.0215, 0.00949866252),
                (0.00883618722, 0.0215, 0.00970249221),
                (0.00899862321, 0.0215, 0.00991895246),
                (0.00914457425, 0.0215, 0.0101468533),
                (0.00927323799, 0.0215, 0.0103849418),
                (0.00938390708, 0.0215, 0.0106319091),
                (0.00947597314, 0.0215, 0.0108863974),
                (0.00954893003, 0.0215, 0.0111470078),
                (0.00960237666, 0.0215, 0.0114123075),
                (0.00963601921, 0.0215, 0.0116808381),
                (0.00964967273, 0.0215, 0.0119511233),
                (0.00964326217, 0.0215, 0.0122216771),
                (0.00961682276, 0.0215, 0.0124910123),
                (0.00957049986, 0.0215, 0.0127576482),
                (0.00950454812, 0.0215, 0.0130201189),
                (0.00941933011, 0.0215, 0.0132769814),
                (0.00931531433, 0.0215, 0.0135268238),
                (0.00919307259, 0.0215, 0.0137682724),
                (0.00616056823, 0.0215, 0.00985600423),
                (0.00632023963, 0.0215, 0.0098739834),
                (0.00647812239, 0.0215, 0.00990383708),
                (0.00663333467, 0.0215, 0.00994539853),
                (0.00678500957, 0.0215, 0.00999843562),
                (0.00693229993, 0.0215, 0.0100626521),
                (0.00707438308, 0.0215, 0.0101376893),
                (0.00721046544, 0.0215, 0.0102231282),
                (0.00733978695, 0.0215, 0.0103184915),
                (0.0074616253, 0.0215, 0.0104232465),
                (0.00757529999, 0.0215, 0.0105368083),
                (0.00768017609, 0.0215, 0.0106585425),
                (0.00777566786, 0.0215, 0.0107877691),
                (0.00786124192, 0.0215, 0.0109237665),
                (0.00793642033, 0.0215, 0.011065775),
                (0.00800078318, 0.0215, 0.0112130015),
                (0.00805397099, 0.0215, 0.0113646236),
                (0.00809568668, 0.0215, 0.0115197945),
                (0.00812569727, 0.0215, 0.0116776475),
                (0.00814383512, 0.0215, 0.011837301),
                (0.00814999894, 0.0215, 0.0119978631),
                (0.00814415429, 0.0215, 0.0121584373),
                (0.00812633383, 0.0215, 0.0123181264),
                (0.00809663708, 0.0215, 0.0124760388),
                (0.00805522992, 0.0215, 0.0126312923),
                (0.00800234361, 0.0215, 0.0127830198),
                (0.00793827354, 0.0215, 0.012930374),
                (0.00786337756, 0.0215, 0.0130725316),
                (0.007778074, 0.0215, 0.0132086988),
                (0.0076828393, 0.0215, 0.0133381151),
                (0.00757820538, 0.0215, 0.0134600575),
                (0.00746475665, 0.0215, 0.013573845),
                (0.00734312677, 0.0215, 0.013678842),
                (0.00721399508, 0.0215, 0.0137744622),
                (0.00707808282, 0.0215, 0.0138601713),
                (0.00693614911, 0.0215, 0.0139354909),
                (0.006, 0.0188, 0.00835),
                (0.00572955624, 0.0188, 0.00836003294),
                (0.00546059924, 0.0188, 0.00839007662),
                (0.0051946076, 0.0188, 0.00843996586),
                (0.00493304361, 0.0188, 0.0085094264),
                (0.00467734521, 0.0188, 0.00859807638),
                (0.00442891812, 0.0188, 0.00870542845),
                (0.00418912805, 0.0188, 0.00883089243),
                (0.00395929326, 0.0188, 0.0089737786),
                (0.00374067725, 0.0188, 0.00913330142),
                (0.00353448189, 0.0188, 0.00930858394),
                (0.00334184071, 0.0188, 0.00949866252),
                (0.00316381278, 0.0188, 0.00970249221),
                (0.0030013768, 0.0188, 0.00991895246),
                (0.00285542575, 0.0188, 0.0101468533),
                (0.00272676202, 0.0188, 0.0103849418),
                (0.00261609292, 0.0188, 0.0106319091),
                (0.00252402686, 0.0188, 0.0108863974),
                (0.00245106997, 0.0188, 0.0111470078),
                (0.00239762334, 0.0188, 0.0114123075),
                (0.00236398079, 0.0188, 0.0116808381),
                (0.00235032727, 0.0188, 0.0119511233),
                (0.00235673783, 0.0188, 0.0122216771),
                (0.00238317724, 0.0188, 0.0124910123),
                (0.00242950014, 0.0188, 0.0127576482),
                (0.00249545188, 0.0188, 0.0130201189),
                (0.00258066989, 0.0188, 0.0132769814),
                (0.00268468567, 0.0188, 0.0135268238),
                (0.00280692741, 0.0188, 0.0137682724),
                (0.00954434185, 0.0185, 0.0137436),
                (0.00966317314, 0.0185, 0.0134777221),
                (0.00976209218, 0.0185, 0.0132038116),
                (0.00984056128, 0.0185, 0.0129233575),
                (0.00989815389, 0.0185, 0.0126378842),
                (0.00993455696, 0.0185, 0.0123489435),
                (0.0099495726, 0.0185, 0.012058106),
                (0.00994311919, 0.0185, 0.0117669526),
                (0.00991523181, 0.0185, 0.0114770661),
                (0.00986606205, 0.0185, 0.0111900221),
                (0.00979587718, 0.0185, 0.0109073809),
                (0.00970505873, 0.0185, 0.0106306791),
                (0.00959410035, 0.0185, 0.0103614205),
                (0.00946360519, 0.0185, 0.010101069),
                (0.0093142826, 0.0185, 0.00985103959),
                (0.00914694427, 0.0185, 0.00961269152),
                (0.00896249981, 0.0185, 0.00938732036),
                (0.00876195182, 0.0185, 0.00917615118),
                (0.00854639043, 0.0185, 0.00898033185),
                (0.00831698741, 0.0185, 0.0088009268),
                (0.00807498972, 0.0185, 0.00863891124),
                (0.00782171283, 0.0185, 0.00849516586),
                (0.00755853348, 0.0185, 0.00837047202),
                (0.00728688228, 0.0185, 0.00826550753),
                (0.00700823585, 0.0185, 0.00818084296),
                (0.00672410887, 0.0185, 0.00811693853),
                (0.00643604578, 0.0185, 0.00807414161),
                (0.00614561243, 0.0185, 0.00805268483),
                (0.00585438757, 0.0185, 0.00805268483),
                (0.00556395423, 0.0185, 0.00807414161),
                (0.00527589113, 0.0185, 0.00811693853),
                (0.00499176415, 0.0185, 0.00818084296),
                (0.00471311772, 0.0185, 0.00826550753),
                (0.00444146652, 0.0185, 0.00837047202),
                (0.00417828717, 0.0185, 0.00849516586),
                (0.00392501028, 0.0185, 0.00863891124),
                (0.00368301259, 0.0185, 0.0088009268),
                (0.00345360957, 0.0185, 0.00898033185),
                (0.00323804818, 0.0185, 0.00917615118),
                (0.00303750019, 0.0185, 0.00938732036),
                (0.00285305573, 0.0185, 0.00961269152),
                (0.0026857174, 0.0185, 0.00985103959),
                (0.00253639481, 0.0185, 0.010101069),
                (0.00240589965, 0.0185, 0.0103614205),
                (0.00229494127, 0.0185, 0.0106306791),
                (0.00220412282, 0.0185, 0.0109073809),
                (0.00213393795, 0.0185, 0.0111900221),
                (0.00208476819, 0.0185, 0.0114770661),
                (0.00205688081, 0.0185, 0.0117669526),
                (0.0020504274, 0.0185, 0.012058106),
                (0.00206544304, 0.0185, 0.0123489435),
                (0.00210184611, 0.0185, 0.0126378842),
                (0.00215943872, 0.0185, 0.0129233575),
                (0.00223790782, 0.0185, 0.0132038116),
                (0.00233682686, 0.0185, 0.0134777221),
                (0.00245565815, 0.0185, 0.0137436),
                (0.00965, 0.0188, 0.012),
                (0.00963979386, 0.0188, 0.0117272352),
                (0.00960923252, 0.0188, 0.0114559957),
                (0.00955848688, 0.0188, 0.0111877986),
                (0.00948784074, 0.0188, 0.0109241436),
                (0.00939768918, 0.0188, 0.0106665053),
                (0.00928853637, 0.0188, 0.0104163244),
                (0.00916099272, 0.0188, 0.010175),
                (0.00901577153, 0.0188, 0.00994388179),
                (0.00885368491, 0.0188, 0.00972426222),
                (0.00867563933, 0.0188, 0.00951736951),
                (0.00848263049, 0.0188, 0.00932436067),
                (0.00827573778, 0.0188, 0.00914631509),
                (0.00805611821, 0.0188, 0.00898422847),
                (0.007825, 0.0188, 0.00883900728),
                (0.00758367565, 0.0188, 0.00871146363),
                (0.00733349474, 0.0188, 0.00860231082),
                (0.00707585639, 0.0188, 0.00851215926),
                (0.00681220141, 0.0188, 0.00844151312),
                (0.00654400427, 0.0188, 0.00839076748),
                (0.00627276484, 0.0188, 0.00836020614),
                (0.00919010819, 0.0188, 0.0137736149),
                (0.00931018423, 0.0188, 0.0135379143),
                (0.00941287437, 0.0188, 0.0132941362),
                (0.00949763926, 0.0188, 0.013043561),
                (0.0095640337, 0.0188, 0.0127875048),
                (0.00961170897, 0.0188, 0.0125273124),
                (0.00964041466, 0.0188, 0.0122643504),
                (-0.0102, 0.025, 0.004),
                (-0.0102, 0.02, 0.004),
                (-0.0102, 0.0217, 0.004),
                (-0.0102, 0.0185, 0.0055),
                (-0.010213311, 0.0185, 0.00551882458),
                (-0.0102, 0.0185, 0.005),
                (-0.01035, 0.02835, 0.00175),
                (-0.0102, 0.0282, 0.0019),
                (-0.0102, 0.022, 0.0019),
                (-0.01035, 0.02835, 0.00015),
                (-0.0102, 0.0285, 0.0003),
                (-0.0102, 0.0285, 0.0016),
                (-0.01035, 0.00265, 0.00015),
                (-0.0102, 0.0028, 0),
                (-0.0102, 0.0282, -1.10134124e-16),
                (-0.01035, 0.00265, 0.00175),
                (-0.0102, 0.0025, 0.0016),
                (-0.0102, 0.0025, 0.0003),
                (-0.0102, 0.0028, 0.0019),
                (-0.0102, 0.009, 0.0019),
                (-0.0102, 0.009, 0.0037),
                (-0.0102, 0.0093, 0.004),
                (-0.0102, 0.0185027962, 0.00492526991),
                (-0.0102, 0.0185111692, 0.00485095773),
                (-0.0102, 0.0185250721, 0.00477747907),
                (-0.0102, 0.0185444272, 0.00470524483),
                (-0.0102, 0.0185691263, 0.00463465898),
                (-0.0102, 0.0185990311, 0.00456611626),
                (-0.0102, 0.0186339746, 0.0045),
                (-0.0102, 0.0186737612, 0.00443667994),
                (-0.0102, 0.0187181685, 0.0043765102),
                (-0.0102, 0.0187669481, 0.00431982726),
                (-0.0102, 0.0188198273, 0.00426694813),
                (-0.0102, 0.0188765102, 0.00421816852),
                (-0.0102, 0.0189366799, 0.00417376123),
                (-0.0102, 0.019, 0.0041339746),
                (-0.0102, 0.0190661163, 0.00409903113),
                (-0.0102, 0.019134659, 0.00406912625),
                (-0.0102, 0.0192052448, 0.00404442719),
                (-0.0102, 0.0192774791, 0.00402507209),
                (-0.0102, 0.0193509577, 0.00401116917),
                (-0.0102, 0.0194252699, 0.0040027962),
                (-0.0102, 0.0195, 0.004),
                (-0.0103, 0.0193434537, 0.00391119641),
                (-0.0104, 0.0193292222, 0.00381221427),
                (-0.0103, 0.0191900942, 0.00394455773),
                (-0.0104, 0.0191619209, 0.00384860843),
                (-0.0103, 0.0190430435, 0.00399940481),
                (-0.0104, 0.019001502, 0.00390844161),
                (-0.0103, 0.0189052951, 0.00407462111),
                (-0.0104, 0.018851231, 0.00399049576),
                (-0.0103, 0.0187796532, 0.00416867547),
                (-0.0104, 0.0187141671, 0.00409310051),
                (-0.0103, 0.0186686755, 0.00427965319),
                (-0.0104, 0.0185931005, 0.00421416712),
                (-0.0103, 0.0185746211, 0.0044052951),
                (-0.0104, 0.0184904958, 0.00435123102),
                (-0.0103, 0.0184994048, 0.00454304349),
                (-0.0104, 0.0184084416, 0.00450150198),
                (-0.0103, 0.0184445577, 0.00469009419),
                (-0.0104, 0.0183486084, 0.00466192093),
                (-0.0103, 0.0184111964, 0.00484345368),
                (-0.0104, 0.0183122143, 0.00482922219),
                (-0.0102, 0.022, 0.0037),
                (0.0075, 0.0093, 0.004),
                (0.0042, 0.006, 0.004),
                (0.00420922747, 0.00624660931, 0.004),
                (0.00423685827, 0.00649183948, 0.004),
                (0.00428273789, 0.00673431909, 0.004),
                (0.00434660974, 0.00697269208, 0.004),
                (0.00442811663, 0.00720562538, 0.004),
                (0.00452680274, 0.00743181634, 0.004),
                (0.00464211617, 0.00765, 0.004),
                (0.00477341204, 0.00785895619, 0.004),
                (0.00491995611, 0.00805751635, 0.004),
                (0.00508092882, 0.00824457004, 0.004),
                (0.00525542997, 0.00841907118, 0.004),
                (0.00544248365, 0.0085800439, 0.004),
                (0.00564104381, 0.00872658796, 0.004),
                (0.00585, 0.00885788384, 0.004),
                (0.00606818366, 0.00897319727, 0.004),
                (0.00629437462, 0.00907188337, 0.004),
                (0.00652730792, 0.00915339026, 0.004),
                (0.00676568092, 0.00921726211, 0.004),
                (0.00700816052, 0.00926314173, 0.004),
                (0.00725339069, 0.00929077253, 0.004),
                (0.0042, 0.0028, 0.004),
                (-0.0042, 0.0028, 0.004),
                (-0.0042, 0.006, 0.004),
                (-0.0075, 0.0093, 0.004),
                (-0.00725339069, 0.00929077253, 0.004),
                (-0.00700816052, 0.00926314173, 0.004),
                (-0.00676568092, 0.00921726211, 0.004),
                (-0.00652730792, 0.00915339026, 0.004),
                (-0.00629437462, 0.00907188337, 0.004),
                (-0.00606818366, 0.00897319727, 0.004),
                (-0.00585, 0.00885788384, 0.004),
                (-0.00564104381, 0.00872658796, 0.004),
                (-0.00544248365, 0.0085800439, 0.004),
                (-0.00525542997, 0.00841907118, 0.004),
                (-0.00508092882, 0.00824457004, 0.004),
                (-0.00491995611, 0.00805751635, 0.004),
                (-0.00477341204, 0.00785895619, 0.004),
                (-0.00464211617, 0.00765, 0.004),
                (-0.00452680274, 0.00743181634, 0.004),
                (-0.00442811663, 0.00720562538, 0.004),
                (-0.00434660974, 0.00697269208, 0.004),
                (-0.00428273789, 0.00673431909, 0.004),
                (-0.00423685827, 0.00649183948, 0.004),
                (-0.00420922747, 0.00624660931, 0.004),
                (0.0075, 0.009, 0.0019),
                (0.0075, 0.009, 0.0037),
                (0.0075, 0.022, 0.0019),
                (0.0075, 0.022, 0.0037),
                (0.0042, 0.0285, 0.0016),
                (0.0045, 0.0282, 0.0019),
                (0.0045, 0.025, 0.0019),
                (0.00450838861, 0.0247758097, 0.0019),
                (0.00453350752, 0.0245528732, 0.0019),
                (0.00457521626, 0.0243324372, 0.0019),
                (0.00463328158, 0.0241157345, 0.0019),
                (0.00470737875, 0.0239039769, 0.0019),
                (0.0047970934, 0.0236983488, 0.0019),
                (0.00490192379, 0.0235, 0.0019),
                (0.00502128368, 0.0233100398, 0.0019),
                (0.00515450555, 0.0231295306, 0.0019),
                (0.00530084438, 0.0229594818, 0.0019),
                (0.00545948179, 0.0228008444, 0.0019),
                (0.00562953059, 0.0226545056, 0.0019),
                (0.00581003983, 0.0225212837, 0.0019),
                (0.006, 0.0224019238, 0.0019),
                (0.00619834878, 0.0222970934, 0.0019),
                (0.00640397693, 0.0222073788, 0.0019),
                (0.00661573448, 0.0221332816, 0.0019),
                (0.0068324372, 0.0220752163, 0.0019),
                (0.0070528732, 0.0220335075, 0.0019),
                (0.00727580972, 0.0220083886, 0.0019),
                (0.0075, 0.0234, 0.0019),
                (0.008, 0.0234, 0.0019),
                (0.0075, 0.0266, 0.0019),
                (0.00738043185, 0.0265955261, 0.0019),
                (0.00726153237, 0.0265821293, 0.0019),
                (0.00714396651, 0.0265598847, 0.0019),
                (0.00702839172, 0.0265289165, 0.0019),
                (0.00691545436, 0.026489398, 0.0019),
                (0.00680578602, 0.0264415502, 0.0019),
                (0.0067, 0.0263856406, 0.0019),
                (0.00659868791, 0.026321982, 0.0019),
                (0.00650241632, 0.0262509304, 0.0019),
                (0.00641172362, 0.026172883, 0.0019),
                (0.00632711701, 0.0260882764, 0.0019),
                (0.00624906963, 0.0259975837, 0.0019),
                (0.00617801796, 0.0259013121, 0.0019),
                (0.00611435935, 0.0258, 0.0019),
                (0.00605844981, 0.025694214, 0.0019),
                (0.006010602, 0.0255845456, 0.0019),
                (0.00597108351, 0.0254716083, 0.0019),
                (0.00594011534, 0.0253560335, 0.0019),
                (0.00591787068, 0.0252384676, 0.0019),
                (0.00590447392, 0.0251195682, 0.0019),
                (0.0059, 0.025, 0.0019),
                (0.00590447392, 0.0248804319, 0.0019),
                (0.00591787068, 0.0247615324, 0.0019),
                (0.00594011534, 0.0246439665, 0.0019),
                (0.00597108351, 0.0245283917, 0.0019),
                (0.006010602, 0.0244154544, 0.0019),
                (0.00605844981, 0.024305786, 0.0019),
                (0.00611435935, 0.0242, 0.0019),
                (0.00617801796, 0.0240986879, 0.0019),
                (0.00624906963, 0.0240024163, 0.0019),
                (0.00632711701, 0.0239117236, 0.0019),
                (0.00641172362, 0.023827117, 0.0019),
                (0.00650241632, 0.0237490696, 0.0019),
                (0.00659868791, 0.023678018, 0.0019),
                (0.0067, 0.0236143594, 0.0019),
                (0.00680578602, 0.0235584498, 0.0019),
                (0.00691545436, 0.023510602, 0.0019),
                (0.00702839172, 0.0234710835, 0.0019),
                (0.00714396651, 0.0234401153, 0.0019),
                (0.00726153237, 0.0234178707, 0.0019),
                (0.00738043185, 0.0234044739, 0.0019),
                (0.008, 0.0266, 0.0019),
                (0.00811956815, 0.0234044739, 0.0019),
                (0.00823846763, 0.0234178707, 0.0019),
                (0.00835603349, 0.0234401153, 0.0019),
                (0.00847160828, 0.0234710835, 0.0019),
                (0.00858454564, 0.023510602, 0.0019),
                (0.00869421398, 0.0235584498, 0.0019),
                (0.0088, 0.0236143594, 0.0019),
                (0.00890131209, 0.023678018, 0.0019),
                (0.00899758368, 0.0237490696, 0.0019),
                (0.00908827638, 0.023827117, 0.0019),
                (0.009172883, 0.0239117236, 0.0019),
                (0.00925093037, 0.0240024163, 0.0019),
                (0.00932198204, 0.0240986879, 0.0019),
                (0.00938564065, 0.0242, 0.0019),
                (0.00944155019, 0.024305786, 0.0019),
                (0.009489398, 0.0244154544, 0.0019),
                (0.00952891649, 0.0245283917, 0.0019),
                (0.00955988466, 0.0246439665, 0.0019),
                (0.00958212932, 0.0247615324, 0.0019),
                (0.00959552608, 0.0248804319, 0.0019),
                (0.0096, 0.025, 0.0019),
                (0.00959552608, 0.0251195682, 0.0019),
                (0.00958212932, 0.0252384676, 0.0019),
                (0.00955988466, 0.0253560335, 0.0019),
                (0.00952891649, 0.0254716083, 0.0019),
                (0.009489398, 0.0255845456, 0.0019),
                (0.00944155019, 0.025694214, 0.0019),
                (0.00938564065, 0.0258, 0.0019),
                (0.00932198204, 0.0259013121, 0.0019),
                (0.00925093037, 0.0259975837, 0.0019),
                (0.009172883, 0.0260882764, 0.0019),
                (0.00908827638, 0.026172883, 0.0019),
                (0.00899758368, 0.0262509304, 0.0019),
                (0.00890131209, 0.026321982, 0.0019),
                (0.0088, 0.0263856406, 0.0019),
                (0.00869421398, 0.0264415502, 0.0019),
                (0.00858454564, 0.026489398, 0.0019),
                (0.00847160828, 0.0265289165, 0.0019),
                (0.00835603349, 0.0265598847, 0.0019),
                (0.00823846763, 0.0265821293, 0.0019),
                (0.00811956815, 0.0265955261, 0.0019),
                (0.0042, 0.0285, 0.0037),
                (-0.0042, 0.0285, 0.0037),
                (-0.0042, 0.0285, 0.0016),
                (-0.0065, 0.0155, 0),
                (-0.0065027962, 0.0154252699, 7.62832251e-21),
                (-0.00651116917, 0.0153509577, 1.52139843e-20),
                (-0.00652507209, 0.0152774791, 2.27145634e-20),
                (-0.00654442719, 0.0152052448, 3.00881134e-20),
                (-0.00656912625, 0.015134659, 3.72933985e-20),
                (-0.00659903113, 0.0150661163, 4.42901238e-20),
                (-0.0066339746, 0.015, 5.10391607e-20),
                (-0.00667376123, 0.0149366799, 5.75027659e-20),
                (-0.00671816852, 0.0148765102, 6.36447924e-20),
                (-0.00676694813, 0.0148198273, 6.94308913e-20),
                (-0.00681982726, 0.0147669481, 7.48287045e-20),
                (-0.0068765102, 0.0147181685, 7.98080453e-20),
                (-0.00693667994, 0.0146737612, 8.43410671e-20),
                (-0.007, 0.0146339746, 8.84024195e-20),
                (-0.00706611626, 0.0145990311, 9.19693896e-20),
                (-0.00713465898, 0.0145691263, 9.50220297e-20),
                (-0.00720524483, 0.0145444272, 9.75432679e-20),
                (-0.00727747907, 0.0145250721, 9.95190047e-20),
                (-0.00735095773, 0.0145111692, 1.00938191e-19),
                (-0.00742526991, 0.0145027962, 1.0179289e-19),
                (-0.0075, 0.0145, 1.02078321e-19),
                (-0.00757473009, 0.0145027962, 1.0179289e-19),
                (-0.00764904227, 0.0145111692, 1.00938191e-19),
                (-0.00772252093, 0.0145250721, 9.95190047e-20),
                (-0.00779475517, 0.0145444272, 9.75432679e-20),
                (-0.00786534102, 0.0145691263, 9.50220297e-20),
                (-0.00793388374, 0.0145990311, 9.19693896e-20),
                (-0.008, 0.0146339746, 8.84024195e-20),
                (-0.00806332006, 0.0146737612, 8.43410671e-20),
                (-0.0081234898, 0.0147181685, 7.98080453e-20),
                (-0.00818017274, 0.0147669481, 7.48287045e-20),
                (-0.00823305187, 0.0148198273, 6.94308913e-20),
                (-0.00828183148, 0.0148765102, 6.36447924e-20),
                (-0.00832623877, 0.0149366799, 5.75027659e-20),
                (-0.0083660254, 0.015, 5.10391607e-20),
                (-0.00840096887, 0.0150661163, 4.42901238e-20),
                (-0.00843087375, 0.015134659, 3.72933985e-20),
                (-0.00845557281, 0.0152052448, 3.00881134e-20),
                (-0.00847492791, 0.0152774791, 2.27145634e-20),
                (-0.00848883083, 0.0153509577, 1.52139843e-20),
                (-0.0084972038, 0.0154252699, 7.62832251e-21),
                (-0.0085, 0.0155, 5.10853301e-34),
                (-0.0084972038, 0.0155747301, -7.62832251e-21),
                (-0.00848883083, 0.0156490423, -1.52139843e-20),
                (-0.00847492791, 0.0157225209, -2.27145634e-20),
                (-0.00845557281, 0.0157947552, -3.00881134e-20),
                (-0.00843087375, 0.015865341, -3.72933985e-20),
                (-0.00840096887, 0.0159338837, -4.42901238e-20),
                (-0.0083660254, 0.016, -5.10391607e-20),
                (-0.00832623877, 0.0160633201, -5.75027659e-20),
                (-0.00828183148, 0.0161234898, -6.36447924e-20),
                (-0.00823305187, 0.0161801727, -6.94308913e-20),
                (-0.00818017274, 0.0162330519, -7.48287045e-20),
                (-0.0081234898, 0.0162818315, -7.98080453e-20),
                (-0.00806332006, 0.0163262388, -8.43410671e-20),
                (-0.008, 0.0163660254, -8.84024195e-20),
                (-0.00793388374, 0.0164009689, -9.19693896e-20),
                (-0.00786534102, 0.0164308738, -9.50220297e-20),
                (-0.00779475517, 0.0164555728, -9.75432679e-20),
                (-0.00772252093, 0.0164749279, -9.95190047e-20),
                (-0.00764904227, 0.0164888308, -1.00938191e-19),
                (-0.00757473009, 0.0164972038, -1.0179289e-19),
                (-0.0075, 0.0165, -1.02078321e-19),
                (-0.00742526991, 0.0164972038, -1.0179289e-19),
                (-0.00735095773, 0.0164888308, -1.00938191e-19),
                (-0.00727747907, 0.0164749279, -9.95190047e-20),
                (-0.00720524483, 0.0164555728, -9.75432679e-20),
                (-0.00713465898, 0.0164308738, -9.50220297e-20),
                (-0.00706611626, 0.0164009689, -9.19693896e-20),
                (-0.007, 0.0163660254, -8.84024195e-20),
                (-0.00693667994, 0.0163262388, -8.43410671e-20),
                (-0.0068765102, 0.0162818315, -7.98080453e-20),
                (-0.00681982726, 0.0162330519, -7.48287045e-20),
                (-0.00676694813, 0.0161801727, -6.94308913e-20),
                (-0.00671816852, 0.0161234898, -6.36447924e-20),
                (-0.00667376123, 0.0160633201, -5.75027659e-20),
                (-0.0066339746, 0.016, -5.10391607e-20),
                (-0.00659903113, 0.0159338837, -4.42901238e-20),
                (-0.00656912625, 0.015865341, -3.72933985e-20),
                (-0.00654442719, 0.0157947552, -3.00881134e-20),
                (-0.00652507209, 0.0157225209, -2.27145634e-20),
                (-0.00651116917, 0.0156490423, -1.52139843e-20),
                (-0.0065027962, 0.0155747301, -7.62832251e-21),
                (0.0085, 0.0155, 0),
                (0.0084972038, 0.0154252699, 7.62832251e-21),
                (0.00848883083, 0.0153509577, 1.52139843e-20),
                (0.00847492791, 0.0152774791, 2.27145634e-20),
                (0.00845557281, 0.0152052448, 3.00881134e-20),
                (0.00843087375, 0.015134659, 3.72933985e-20),
                (0.00840096887, 0.0150661163, 4.42901238e-20),
                (0.0083660254, 0.015, 5.10391607e-20),
                (0.00832623877, 0.0149366799, 5.75027659e-20),
                (0.00828183148, 0.0148765102, 6.36447924e-20),
                (0.00823305187, 0.0148198273, 6.94308913e-20),
                (0.00818017274, 0.0147669481, 7.48287045e-20),
                (0.0081234898, 0.0147181685, 7.98080453e-20),
                (0.00806332006, 0.0146737612, 8.43410671e-20),
                (0.008, 0.0146339746, 8.84024195e-20),
                (0.00793388374, 0.0145990311, 9.19693896e-20),
                (0.00786534102, 0.0145691263, 9.50220297e-20),
                (0.00779475517, 0.0145444272, 9.75432679e-20),
                (0.00772252093, 0.0145250721, 9.95190047e-20),
                (0.00764904227, 0.0145111692, 1.00938191e-19),
                (0.00757473009, 0.0145027962, 1.0179289e-19),
                (0.0075, 0.0145, 1.02078321e-19),
                (0.00742526991, 0.0145027962, 1.0179289e-19),
                (0.00735095773, 0.0145111692, 1.00938191e-19),
                (0.00727747907, 0.0145250721, 9.95190047e-20),
                (0.00720524483, 0.0145444272, 9.75432679e-20),
                (0.00713465898, 0.0145691263, 9.50220297e-20),
                (0.00706611626, 0.0145990311, 9.19693896e-20),
                (0.007, 0.0146339746, 8.84024195e-20),
                (0.00693667994, 0.0146737612, 8.43410671e-20),
                (0.0068765102, 0.0147181685, 7.98080453e-20),
                (0.00681982726, 0.0147669481, 7.48287045e-20),
                (0.00676694813, 0.0148198273, 6.94308913e-20),
                (0.00671816852, 0.0148765102, 6.36447924e-20),
                (0.00667376123, 0.0149366799, 5.75027659e-20),
                (0.0066339746, 0.015, 5.10391607e-20),
                (0.00659903113, 0.0150661163, 4.42901238e-20),
                (0.00656912625, 0.015134659, 3.72933985e-20),
                (0.00654442719, 0.0152052448, 3.00881134e-20),
                (0.00652507209, 0.0152774791, 2.27145634e-20),
                (0.00651116917, 0.0153509577, 1.52139843e-20),
                (0.0065027962, 0.0154252699, 7.62832251e-21),
                (0.0065, 0.0155, 5.10853301e-34),
                (0.0065027962, 0.0155747301, -7.62832251e-21),
                (0.00651116917, 0.0156490423, -1.52139843e-20),
                (0.00652507209, 0.0157225209, -2.27145634e-20),
                (0.00654442719, 0.0157947552, -3.00881134e-20),
                (0.00656912625, 0.015865341, -3.72933985e-20),
                (0.00659903113, 0.0159338837, -4.42901238e-20),
                (0.0066339746, 0.016, -5.10391607e-20),
                (0.00667376123, 0.0160633201, -5.75027659e-20),
                (0.00671816852, 0.0161234898, -6.36447924e-20),
                (0.00676694813, 0.0161801727, -6.94308913e-20),
                (0.00681982726, 0.0162330519, -7.48287045e-20),
                (0.0068765102, 0.0162818315, -7.98080453e-20),
                (0.00693667994, 0.0163262388, -8.43410671e-20),
                (0.007, 0.0163660254, -8.84024195e-20),
                (0.00706611626, 0.0164009689, -9.19693896e-20),
                (0.00713465898, 0.0164308738, -9.50220297e-20),
                (0.00720524483, 0.0164555728, -9.75432679e-20),
                (0.00727747907, 0.0164749279, -9.95190047e-20),
                (0.00735095773, 0.0164888308, -1.00938191e-19),
                (0.00742526991, 0.0164972038, -1.0179289e-19),
                (0.0075, 0.0165, -1.02078321e-19),
                (0.00757473009, 0.0164972038, -1.0179289e-19),
                (0.00764904227, 0.0164888308, -1.00938191e-19),
                (0.00772252093, 0.0164749279, -9.95190047e-20),
                (0.00779475517, 0.0164555728, -9.75432679e-20),
                (0.00786534102, 0.0164308738, -9.50220297e-20),
                (0.00793388374, 0.0164009689, -9.19693896e-20),
                (0.008, 0.0163660254, -8.84024195e-20),
                (0.00806332006, 0.0163262388, -8.43410671e-20),
                (0.0081234898, 0.0162818315, -7.98080453e-20),
                (0.00818017274, 0.0162330519, -7.48287045e-20),
                (0.00823305187, 0.0161801727, -6.94308913e-20),
                (0.00828183148, 0.0161234898, -6.36447924e-20),
                (0.00832623877, 0.0160633201, -5.75027659e-20),
                (0.0083660254, 0.016, -5.10391607e-20),
                (0.00840096887, 0.0159338837, -4.42901238e-20),
                (0.00843087375, 0.015865341, -3.72933985e-20),
                (0.00845557281, 0.0157947552, -3.00881134e-20),
                (0.00847492791, 0.0157225209, -2.27145634e-20),
                (0.00848883083, 0.0156490423, -1.52139843e-20),
                (0.0084972038, 0.0155747301, -7.62832251e-21),
                (-0.0075, 0.0234, -1.10134124e-16),
                (-0.00738043185, 0.0234044739, -1.09971255e-16),
                (-0.00726153237, 0.0234178707, -1.09972623e-16),
                (-0.00714396651, 0.0234401153, -1.09974894e-16),
                (-0.00702839172, 0.0234710835, -1.09978055e-16),
                (-0.00691545436, 0.023510602, -1.09982089e-16),
                (-0.00680578602, 0.0235584498, -1.09986973e-16),
                (-0.0067, 0.0236143594, -1.0999268e-16),
                (-0.00659868791, 0.023678018, -1.09999178e-16),
                (-0.00650241632, 0.0237490696, -1.10006431e-16),
                (-0.00641172362, 0.023827117, -1.10014398e-16),
                (-0.006327117, 0.0239117236, -1.10023035e-16),
                (-0.00624906963, 0.0240024163, -1.10032292e-16),
                (-0.00617801796, 0.0240986879, -1.1004212e-16),
                (-0.00611435935, 0.0242, -1.10052461e-16),
                (-0.00605844981, 0.024305786, -1.1006326e-16),
                (-0.006010602, 0.0244154544, -1.10074455e-16),
                (-0.00597108351, 0.0245283917, -1.10085983e-16),
                (-0.00594011534, 0.0246439665, -1.10097781e-16),
                (-0.00591787068, 0.0247615324, -1.10109782e-16),
                (-0.00590447392, 0.0248804319, -1.10121919e-16),
                (-0.0059, 0.025, -1.10134124e-16),
                (-0.00590447392, 0.0251195682, -1.10146329e-16),
                (-0.00591787068, 0.0252384676, -1.10158466e-16),
                (-0.00594011534, 0.0253560335, -1.10170467e-16),
                (-0.00597108351, 0.0254716083, -1.10182265e-16),
                (-0.006010602, 0.0255845456, -1.10193793e-16),
                (-0.00605844981, 0.025694214, -1.10204988e-16),
                (-0.00611435935, 0.0258, -1.10215787e-16),
                (-0.00617801796, 0.0259013121, -1.10226128e-16),
                (-0.00624906963, 0.0259975837, -1.10235956e-16),
                (-0.006327117, 0.0260882764, -1.10245213e-16),
                (-0.00641172362, 0.026172883, -1.1025385e-16),
                (-0.00650241632, 0.0262509304, -1.10261817e-16),
                (-0.00659868791, 0.026321982, -1.1026907e-16),
                (-0.0067, 0.0263856406, -1.10275568e-16),
                (-0.00680578602, 0.0264415502, -1.10281275e-16),
                (-0.00691545436, 0.026489398, -1.10286159e-16),
                (-0.00702839172, 0.0265289165, -1.10290193e-16),
                (-0.00714396651, 0.0265598847, -1.10293354e-16),
                (-0.00726153237, 0.0265821293, -1.10295625e-16),
                (-0.00738043185, 0.0265955261, -1.10296993e-16),
                (-0.0075, 0.0266, -1.10134124e-16),
                (-0.008, 0.0234, -1.10134124e-16),
                (-0.008, 0.0266, -1.10134124e-16),
                (-0.00811956815, 0.0265955261, -1.105099e-16),
                (-0.00823846763, 0.0265821293, -1.10506745e-16),
                (-0.00835603349, 0.0265598847, -1.10501506e-16),
                (-0.00847160828, 0.0265289165, -1.10494212e-16),
                (-0.00858454564, 0.026489398, -1.10484905e-16),
                (-0.00869421398, 0.0264415502, -1.10473636e-16),
                (-0.0088, 0.0263856406, -1.10460468e-16),
                (-0.00890131209, 0.026321982, -1.10445475e-16),
                (-0.00899758368, 0.0262509304, -1.10428741e-16),
                (-0.00908827638, 0.026172883, -1.1041036e-16),
                (-0.00917288299, 0.0260882764, -1.10390433e-16),
                (-0.00925093037, 0.0259975837, -1.10369074e-16),
                (-0.00932198204, 0.0259013121, -1.103464e-16),
                (-0.00938564065, 0.0258, -1.10322539e-16),
                (-0.00944155019, 0.025694214, -1.10297624e-16),
                (-0.009489398, 0.0255845456, -1.10271795e-16),
                (-0.00952891649, 0.0254716083, -1.10245197e-16),
                (-0.00955988466, 0.0253560335, -1.10217977e-16),
                (-0.00958212932, 0.0252384676, -1.10190288e-16),
                (-0.00959552608, 0.0251195682, -1.10162285e-16),
                (-0.0096, 0.025, -1.10134124e-16),
                (-0.00959552608, 0.0248804319, -1.10105964e-16),
                (-0.00958212932, 0.0247615324, -1.1007796e-16),
                (-0.00955988466, 0.0246439665, -1.10050272e-16),
                (-0.00952891649, 0.0245283917, -1.10023052e-16),
                (-0.009489398, 0.0244154544, -1.09996453e-16),
                (-0.00944155019, 0.024305786, -1.09970624e-16),
                (-0.00938564065, 0.0242, -1.09945709e-16),
                (-0.00932198204, 0.0240986879, -1.09921848e-16),
                (-0.00925093037, 0.0240024163, -1.09899175e-16),
                (-0.00917288299, 0.0239117236, -1.09877815e-16),
                (-0.00908827638, 0.023827117, -1.09857888e-16),
                (-0.00899758368, 0.0237490696, -1.09839507e-16),
                (-0.00890131209, 0.023678018, -1.09822773e-16),
                (-0.0088, 0.0236143594, -1.0980778e-16),
                (-0.00869421398, 0.0235584498, -1.09794612e-16),
                (-0.00858454564, 0.023510602, -1.09783343e-16),
                (-0.00847160828, 0.0234710835, -1.09774036e-16),
                (-0.00835603349, 0.0234401153, -1.09766742e-16),
                (-0.00823846763, 0.0234178707, -1.09761503e-16),
                (-0.00811956815, 0.0234044739, -1.09758348e-16),
                (0.008, 0.0266, -1.10134124e-16),
                (0.0075, 0.0266, -1.10134124e-16),
                (0.008, 0.0234, -1.10134124e-16),
                (0.00811956815, 0.0234044739, -1.09758348e-16),
                (0.00823846763, 0.0234178707, -1.09761503e-16),
                (0.00835603349, 0.0234401153, -1.09766742e-16),
                (0.00847160828, 0.0234710835, -1.09774036e-16),
                (0.00858454564, 0.023510602, -1.09783343e-16),
                (0.00869421398, 0.0235584498, -1.09794612e-16),
                (0.0088, 0.0236143594, -1.0980778e-16),
                (0.00890131209, 0.023678018, -1.09822773e-16),
                (0.00899758368, 0.0237490696, -1.09839507e-16),
                (0.00908827638, 0.023827117, -1.09857888e-16),
                (0.009172883, 0.0239117236, -1.09877815e-16),
                (0.00925093037, 0.0240024163, -1.09899175e-16),
                (0.00932198204, 0.0240986879, -1.09921848e-16),
                (0.00938564065, 0.0242, -1.09945709e-16),
                (0.00944155019, 0.024305786, -1.09970624e-16),
                (0.009489398, 0.0244154544, -1.09996453e-16),
                (0.00952891649, 0.0245283917, -1.10023052e-16),
                (0.00955988466, 0.0246439665, -1.10050272e-16),
                (0.00958212932, 0.0247615324, -1.1007796e-16),
                (0.00959552608, 0.0248804319, -1.10105964e-16),
                (0.0096, 0.025, -1.10134124e-16),
                (0.00959552608, 0.0251195682, -1.10162285e-16),
                (0.00958212932, 0.0252384676, -1.10190288e-16),
                (0.00955988466, 0.0253560335, -1.10217977e-16),
                (0.00952891649, 0.0254716083, -1.10245197e-16),
                (0.009489398, 0.0255845456, -1.10271795e-16),
                (0.00944155019, 0.025694214, -1.10297624e-16),
                (0.00938564065, 0.0258, -1.10322539e-16),
                (0.00932198204, 0.0259013121, -1.103464e-16),
                (0.00925093037, 0.0259975837, -1.10369074e-16),
                (0.009172883, 0.0260882764, -1.10390433e-16),
                (0.00908827638, 0.026172883, -1.1041036e-16),
                (0.00899758368, 0.0262509304, -1.10428741e-16),
                (0.00890131209, 0.026321982, -1.10445475e-16),
                (0.0088, 0.0263856406, -1.10460468e-16),
                (0.00869421398, 0.0264415502, -1.10473636e-16),
                (0.00858454564, 0.026489398, -1.10484905e-16),
                (0.00847160828, 0.0265289165, -1.10494212e-16),
                (0.00835603349, 0.0265598847, -1.10501506e-16),
                (0.00823846763, 0.0265821293, -1.10506745e-16),
                (0.00811956815, 0.0265955261, -1.105099e-16),
                (0.0075, 0.0234, -1.10134124e-16),
                (0.00738043185, 0.0265955261, -1.10296993e-16),
                (0.00726153237, 0.0265821293, -1.10295625e-16),
                (0.00714396651, 0.0265598847, -1.10293354e-16),
                (0.00702839172, 0.0265289165, -1.10290193e-16),
                (0.00691545436, 0.026489398, -1.10286159e-16),
                (0.00680578602, 0.0264415502, -1.10281275e-16),
                (0.0067, 0.0263856406, -1.10275568e-16),
                (0.00659868791, 0.026321982, -1.1026907e-16),
                (0.00650241632, 0.0262509304, -1.10261817e-16),
                (0.00641172362, 0.026172883, -1.1025385e-16),
                (0.00632711701, 0.0260882764, -1.10245213e-16),
                (0.00624906963, 0.0259975837, -1.10235956e-16),
                (0.00617801796, 0.0259013121, -1.10226128e-16),
                (0.00611435935, 0.0258, -1.10215787e-16),
                (0.00605844981, 0.025694214, -1.10204988e-16),
                (0.006010602, 0.0255845456, -1.10193793e-16),
                (0.00597108351, 0.0254716083, -1.10182265e-16),
                (0.00594011534, 0.0253560335, -1.10170467e-16),
                (0.00591787068, 0.0252384676, -1.10158466e-16),
                (0.00590447392, 0.0251195682, -1.10146329e-16),
                (0.0059, 0.025, -1.10134124e-16),
                (0.00590447392, 0.0248804319, -1.10121919e-16),
                (0.00591787068, 0.0247615324, -1.10109782e-16),
                (0.00594011534, 0.0246439665, -1.10097781e-16),
                (0.00597108351, 0.0245283917, -1.10085983e-16),
                (0.006010602, 0.0244154544, -1.10074455e-16),
                (0.00605844981, 0.024305786, -1.1006326e-16),
                (0.00611435935, 0.0242, -1.10052461e-16),
                (0.00617801796, 0.0240986879, -1.1004212e-16),
                (0.00624906963, 0.0240024163, -1.10032292e-16),
                (0.00632711701, 0.0239117236, -1.10023035e-16),
                (0.00641172362, 0.023827117, -1.10014398e-16),
                (0.00650241632, 0.0237490696, -1.10006431e-16),
                (0.00659868791, 0.023678018, -1.09999178e-16),
                (0.0067, 0.0236143594, -1.0999268e-16),
                (0.00680578602, 0.0235584498, -1.09986973e-16),
                (0.00691545436, 0.023510602, -1.09982089e-16),
                (0.00702839172, 0.0234710835, -1.09978055e-16),
                (0.00714396651, 0.0234401153, -1.09974894e-16),
                (0.00726153237, 0.0234178707, -1.09972623e-16),
                (0.00738043185, 0.0234044739, -1.09971255e-16),
                (0.008, 0.0076, 0),
                (0.0075, 0.0076, 0),
                (0.008, 0.0044, 0),
                (0.00811956815, 0.00440447393, 3.7577605e-19),
                (0.00823846763, 0.00441787068, 3.72620865e-19),
                (0.00835603349, 0.00444011534, 3.67381834e-19),
                (0.00847160828, 0.00447108351, 3.60088254e-19),
                (0.00858454564, 0.00451060201, 3.50780915e-19),
                (0.00869421398, 0.00455844981, 3.39511866e-19),
                (0.0088, 0.00461435936, 3.26344129e-19),
                (0.00890131209, 0.00467801796, 3.11351344e-19),
                (0.00899758368, 0.00474906963, 2.94617356e-19),
                (0.00908827638, 0.00482711701, 2.76235748e-19),
                (0.009172883, 0.00491172362, 2.56309317e-19),
                (0.00925093037, 0.00500241632, 2.34949501e-19),
                (0.00932198204, 0.00509868791, 2.12275752e-19),
                (0.00938564065, 0.0052, 1.88414871e-19),
                (0.00944155019, 0.00530578602, 1.63500297e-19),
                (0.009489398, 0.00541545436, 1.37671364e-19),
                (0.00952891649, 0.00552839172, 1.11072516e-19),
                (0.00955988466, 0.00564396651, 8.38525061e-20),
                (0.00958212932, 0.00576153238, 5.61635587e-20),
                (0.00959552608, 0.00588043185, 2.81605219e-20),
                (0.0096, 0.006, -8.45240215e-34),
                (0.00959552608, 0.00611956815, -2.81605219e-20),
                (0.00958212932, 0.00623846763, -5.61635587e-20),
                (0.00955988466, 0.0063560335, -8.38525061e-20),
                (0.00952891649, 0.00647160828, -1.11072516e-19),
                (0.009489398, 0.00658454564, -1.37671364e-19),
                (0.00944155019, 0.00669421399, -1.63500297e-19),
                (0.00938564065, 0.0068, -1.88414871e-19),
                (0.00932198204, 0.0069013121, -2.12275752e-19),
                (0.00925093037, 0.00699758369, -2.34949501e-19),
                (0.009172883, 0.00708827638, -2.56309317e-19),
                (0.00908827638, 0.007172883, -2.76235748e-19),
                (0.00899758368, 0.00725093037, -2.94617356e-19),
                (0.00890131209, 0.00732198204, -3.11351344e-19),
                (0.0088, 0.00738564065, -3.26344129e-19),
                (0.00869421398, 0.00744155019, -3.39511866e-19),
                (0.00858454564, 0.007489398, -3.50780915e-19),
                (0.00847160828, 0.00752891649, -3.60088254e-19),
                (0.00835603349, 0.00755988466, -3.67381834e-19),
                (0.00823846763, 0.00758212932, -3.72620865e-19),
                (0.00811956815, 0.00759552608, -3.7577605e-19),
                (0.0075, 0.0044, 0),
                (0.00738043185, 0.00759552608, -1.10296993e-16),
                (0.00726153237, 0.00758212932, -1.10295625e-16),
                (0.00714396651, 0.00755988466, -1.10293354e-16),
                (0.00702839172, 0.00752891649, -1.10290193e-16),
                (0.00691545436, 0.007489398, -1.10286159e-16),
                (0.00680578602, 0.00744155019, -1.10281275e-16),
                (0.0067, 0.00738564065, -1.10275568e-16),
                (0.00659868791, 0.00732198204, -1.1026907e-16),
                (0.00650241632, 0.00725093037, -1.10261817e-16),
                (0.00641172362, 0.007172883, -1.1025385e-16),
                (0.00632711701, 0.00708827638, -1.10245213e-16),
                (0.00624906963, 0.00699758369, -1.10235956e-16),
                (0.00617801796, 0.0069013121, -1.10226128e-16),
                (0.00611435935, 0.0068, -1.10215787e-16),
                (0.00605844981, 0.00669421399, -1.10204988e-16),
                (0.006010602, 0.00658454564, -1.10193793e-16),
                (0.00597108351, 0.00647160828, -1.10182265e-16),
                (0.00594011534, 0.0063560335, -1.10170467e-16),
                (0.00591787068, 0.00623846763, -1.10158466e-16),
                (0.00590447392, 0.00611956815, -1.10146329e-16),
                (0.0059, 0.006, -1.10134124e-16),
                (0.00590447392, 0.00588043185, -1.10121919e-16),
                (0.00591787068, 0.00576153238, -1.10109782e-16),
                (0.00594011534, 0.00564396651, -1.10097781e-16),
                (0.00597108351, 0.00552839172, -1.10085983e-16),
                (0.006010602, 0.00541545436, -1.10074455e-16),
                (0.00605844981, 0.00530578602, -1.1006326e-16),
                (0.00611435935, 0.0052, -1.10052461e-16),
                (0.00617801796, 0.00509868791, -1.1004212e-16),
                (0.00624906963, 0.00500241632, -1.10032292e-16),
                (0.00632711701, 0.00491172362, -1.10023035e-16),
                (0.00641172362, 0.00482711701, -1.10014398e-16),
                (0.00650241632, 0.00474906963, -1.10006431e-16),
                (0.00659868791, 0.00467801796, -1.09999178e-16),
                (0.0067, 0.00461435936, -1.0999268e-16),
                (0.00680578602, 0.00455844981, -1.09986973e-16),
                (0.00691545436, 0.00451060201, -1.09982089e-16),
                (0.00702839172, 0.00447108351, -1.09978055e-16),
                (0.00714396651, 0.00444011534, -1.09974894e-16),
                (0.00726153237, 0.00441787068, -1.09972623e-16),
                (0.00738043185, 0.00440447393, -1.09971255e-16),
                (-0.0075, 0.0044, -1.10134124e-16),
                (-0.00738043185, 0.00440447393, -1.09971255e-16),
                (-0.00726153237, 0.00441787068, -1.09972623e-16),
                (-0.00714396651, 0.00444011534, -1.09974894e-16),
                (-0.00702839172, 0.00447108351, -1.09978055e-16),
                (-0.00691545436, 0.00451060201, -1.09982089e-16),
                (-0.00680578602, 0.00455844981, -1.09986973e-16),
                (-0.0067, 0.00461435936, -1.0999268e-16),
                (-0.00659868791, 0.00467801796, -1.09999178e-16),
                (-0.00650241632, 0.00474906963, -1.10006431e-16),
                (-0.00641172362, 0.00482711701, -1.10014398e-16),
                (-0.006327117, 0.00491172362, -1.10023035e-16),
                (-0.00624906963, 0.00500241632, -1.10032292e-16),
                (-0.00617801796, 0.00509868791, -1.1004212e-16),
                (-0.00611435935, 0.0052, -1.10052461e-16),
                (-0.00605844981, 0.00530578602, -1.1006326e-16),
                (-0.006010602, 0.00541545436, -1.10074455e-16),
                (-0.00597108351, 0.00552839172, -1.10085983e-16),
                (-0.00594011534, 0.00564396651, -1.10097781e-16),
                (-0.00591787068, 0.00576153238, -1.10109782e-16),
                (-0.00590447392, 0.00588043185, -1.10121919e-16),
                (-0.0059, 0.006, -1.10134124e-16),
                (-0.00590447392, 0.00611956815, -1.10146329e-16),
                (-0.00591787068, 0.00623846763, -1.10158466e-16),
                (-0.00594011534, 0.0063560335, -1.10170467e-16),
                (-0.00597108351, 0.00647160828, -1.10182265e-16),
                (-0.006010602, 0.00658454564, -1.10193793e-16),
                (-0.00605844981, 0.00669421399, -1.10204988e-16),
                (-0.00611435935, 0.0068, -1.10215787e-16),
                (-0.00617801796, 0.0069013121, -1.10226128e-16),
                (-0.00624906963, 0.00699758369, -1.10235956e-16),
                (-0.006327117, 0.00708827638, -1.10245213e-16),
                (-0.00641172362, 0.007172883, -1.1025385e-16),
                (-0.00650241632, 0.00725093037, -1.10261817e-16),
                (-0.00659868791, 0.00732198204, -1.1026907e-16),
                (-0.0067, 0.00738564065, -1.10275568e-16),
                (-0.00680578602, 0.00744155019, -1.10281275e-16),
                (-0.00691545436, 0.007489398, -1.10286159e-16),
                (-0.00702839172, 0.00752891649, -1.10290193e-16),
                (-0.00714396651, 0.00755988466, -1.10293354e-16),
                (-0.00726153237, 0.00758212932, -1.10295625e-16),
                (-0.00738043185, 0.00759552608, -1.10296993e-16),
                (-0.0075, 0.0076, -1.10134124e-16),
                (-0.008, 0.0044, 0),
                (-0.008, 0.0076, 0),
                (-0.00811956815, 0.00759552608, -3.7577605e-19),
                (-0.00823846763, 0.00758212932, -3.72620865e-19),
                (-0.00835603349, 0.00755988466, -3.67381834e-19),
                (-0.00847160828, 0.00752891649, -3.60088254e-19),
                (-0.00858454564, 0.007489398, -3.50780915e-19),
                (-0.00869421398, 0.00744155019, -3.39511866e-19),
                (-0.0088, 0.00738564065, -3.26344129e-19),
                (-0.00890131209, 0.00732198204, -3.11351344e-19),
                (-0.00899758368, 0.00725093037, -2.94617356e-19),
                (-0.00908827638, 0.007172883, -2.76235748e-19),
                (-0.00917288299, 0.00708827638, -2.56309317e-19),
                (-0.00925093037, 0.00699758369, -2.34949501e-19),
                (-0.00932198204, 0.0069013121, -2.12275752e-19),
                (-0.00938564065, 0.0068, -1.88414871e-19),
                (-0.00944155019, 0.00669421399, -1.63500297e-19),
                (-0.009489398, 0.00658454564, -1.37671364e-19),
                (-0.00952891649, 0.00647160828, -1.11072516e-19),
                (-0.00955988466, 0.0063560335, -8.38525061e-20),
                (-0.00958212932, 0.00623846763, -5.61635587e-20),
                (-0.00959552608, 0.00611956815, -2.81605219e-20),
                (-0.0096, 0.006, 7.24042526e-34),
                (-0.00959552608, 0.00588043185, 2.81605219e-20),
                (-0.00958212932, 0.00576153238, 5.61635587e-20),
                (-0.00955988466, 0.00564396651, 8.38525061e-20),
                (-0.00952891649, 0.00552839172, 1.11072516e-19),
                (-0.009489398, 0.00541545436, 1.37671364e-19),
                (-0.00944155019, 0.00530578602, 1.63500297e-19),
                (-0.00938564065, 0.0052, 1.88414871e-19),
                (-0.00932198204, 0.00509868791, 2.12275752e-19),
                (-0.00925093037, 0.00500241632, 2.34949501e-19),
                (-0.00917288299, 0.00491172362, 2.56309317e-19),
                (-0.00908827638, 0.00482711701, 2.76235748e-19),
                (-0.00899758368, 0.00474906963, 2.94617356e-19),
                (-0.00890131209, 0.00467801796, 3.11351344e-19),
                (-0.0088, 0.00461435936, 3.26344129e-19),
                (-0.00869421398, 0.00455844981, 3.39511866e-19),
                (-0.00858454564, 0.00451060201, 3.50780915e-19),
                (-0.00847160828, 0.00447108351, 3.60088254e-19),
                (-0.00835603349, 0.00444011534, 3.67381834e-19),
                (-0.00823846763, 0.00441787068, 3.72620865e-19),
                (-0.00811956815, 0.00440447393, 3.7577605e-19),
                (0.0042, 0.0025, 0.0016),
                (0.0045, 0.0028, 0.0019),
                (-0.0042, 0.0025, 0.0037),
                (-0.0042, 0.0025, 0.0016),
                (0.0042, 0.0025, 0.0037),
                (0.0045, 0.006, 0.0019),
                (0.00727580972, 0.00899161139, 0.0019),
                (0.0070528732, 0.00896649248, 0.0019),
                (0.0068324372, 0.00892478374, 0.0019),
                (0.00661573448, 0.00886671842, 0.0019),
                (0.00640397693, 0.00879262125, 0.0019),
                (0.00619834878, 0.00870290661, 0.0019),
                (0.006, 0.00859807621, 0.0019),
                (0.00581003983, 0.00847871633, 0.0019),
                (0.00562953059, 0.00834549445, 0.0019),
                (0.00545948179, 0.00819915562, 0.0019),
                (0.00530084438, 0.00804051822, 0.0019),
                (0.00515450555, 0.00787046941, 0.0019),
                (0.00502128368, 0.00768996018, 0.0019),
                (0.00490192379, 0.0075, 0.0019),
                (0.0047970934, 0.00730165122, 0.0019),
                (0.00470737875, 0.00709602308, 0.0019),
                (0.00463328158, 0.00688426553, 0.0019),
                (0.00457521626, 0.0066675628, 0.0019),
                (0.00453350752, 0.0064471268, 0.0019),
                (0.00450838861, 0.00622419028, 0.0019),
                (0.0075, 0.0044, 0.0019),
                (0.008, 0.0044, 0.0019),
                (0.0075, 0.0076, 0.0019),
                (0.00738043185, 0.00759552608, 0.0019),
                (0.00726153237, 0.00758212932, 0.0019),
                (0.00714396651, 0.00755988466, 0.0019),
                (0.00702839172, 0.00752891649, 0.0019),
                (0.00691545436, 0.007489398, 0.0019),
                (0.00680578602, 0.00744155019, 0.0019),
                (0.0067, 0.00738564065, 0.0019),
                (0.00659868791, 0.00732198204, 0.0019),
                (0.00650241632, 0.00725093037, 0.0019),
                (0.00641172362, 0.007172883, 0.0019),
                (0.00632711701, 0.00708827638, 0.0019),
                (0.00624906963, 0.00699758369, 0.0019),
                (0.00617801796, 0.0069013121, 0.0019),
                (0.00611435935, 0.0068, 0.0019),
                (0.00605844981, 0.00669421399, 0.0019),
                (0.006010602, 0.00658454564, 0.0019),
                (0.00597108351, 0.00647160828, 0.0019),
                (0.00594011534, 0.0063560335, 0.0019),
                (0.00591787068, 0.00623846763, 0.0019),
                (0.00590447392, 0.00611956815, 0.0019),
                (0.0059, 0.006, 0.0019),
                (0.00590447392, 0.00588043185, 0.0019),
                (0.00591787068, 0.00576153238, 0.0019),
                (0.00594011534, 0.00564396651, 0.0019),
                (0.00597108351, 0.00552839172, 0.0019),
                (0.006010602, 0.00541545436, 0.0019),
                (0.00605844981, 0.00530578602, 0.0019),
                (0.00611435935, 0.0052, 0.0019),
                (0.00617801796, 0.00509868791, 0.0019),
                (0.00624906963, 0.00500241632, 0.0019),
                (0.00632711701, 0.00491172362, 0.0019),
                (0.00641172362, 0.00482711701, 0.0019),
                (0.00650241632, 0.00474906963, 0.0019),
                (0.00659868791, 0.00467801796, 0.0019),
                (0.0067, 0.00461435936, 0.0019),
                (0.00680578602, 0.00455844981, 0.0019),
                (0.00691545436, 0.00451060201, 0.0019),
                (0.00702839172, 0.00447108351, 0.0019),
                (0.00714396651, 0.00444011534, 0.0019),
                (0.00726153237, 0.00441787068, 0.0019),
                (0.00738043185, 0.00440447393, 0.0019),
                (0.008, 0.0076, 0.0019),
                (0.00811956815, 0.00440447393, 0.0019),
                (0.00823846763, 0.00441787068, 0.0019),
                (0.00835603349, 0.00444011534, 0.0019),
                (0.00847160828, 0.00447108351, 0.0019),
                (0.00858454564, 0.00451060201, 0.0019),
                (0.00869421398, 0.00455844981, 0.0019),
                (0.0088, 0.00461435936, 0.0019),
                (0.00890131209, 0.00467801796, 0.0019),
                (0.00899758368, 0.00474906963, 0.0019),
                (0.00908827638, 0.00482711701, 0.0019),
                (0.009172883, 0.00491172362, 0.0019),
                (0.00925093037, 0.00500241632, 0.0019),
                (0.00932198204, 0.00509868791, 0.0019),
                (0.00938564065, 0.0052, 0.0019),
                (0.00944155019, 0.00530578602, 0.0019),
                (0.009489398, 0.00541545436, 0.0019),
                (0.00952891649, 0.00552839172, 0.0019),
                (0.00955988466, 0.00564396651, 0.0019),
                (0.00958212932, 0.00576153238, 0.0019),
                (0.00959552608, 0.00588043185, 0.0019),
                (0.0096, 0.006, 0.0019),
                (0.00959552608, 0.00611956815, 0.0019),
                (0.00958212932, 0.00623846763, 0.0019),
                (0.00955988466, 0.0063560335, 0.0019),
                (0.00952891649, 0.00647160828, 0.0019),
                (0.009489398, 0.00658454564, 0.0019),
                (0.00944155019, 0.00669421399, 0.0019),
                (0.00938564065, 0.0068, 0.0019),
                (0.00932198204, 0.0069013121, 0.0019),
                (0.00925093037, 0.00699758369, 0.0019),
                (0.009172883, 0.00708827638, 0.0019),
                (0.00908827638, 0.007172883, 0.0019),
                (0.00899758368, 0.00725093037, 0.0019),
                (0.00890131209, 0.00732198204, 0.0019),
                (0.0088, 0.00738564065, 0.0019),
                (0.00869421398, 0.00744155019, 0.0019),
                (0.00858454564, 0.007489398, 0.0019),
                (0.00847160828, 0.00752891649, 0.0019),
                (0.00835603349, 0.00755988466, 0.0019),
                (0.00823846763, 0.00758212932, 0.0019),
                (0.00811956815, 0.00759552608, 0.0019),
                (-0.0042, 0.025, 0.004),
                (0.0042, 0.025, 0.004),
                (0.0075, 0.0217, 0.004),
                (0.00725339069, 0.0217092275, 0.004),
                (0.00700816052, 0.0217368583, 0.004),
                (0.00676568092, 0.0217827379, 0.004),
                (0.00652730792, 0.0218466097, 0.004),
                (0.00629437462, 0.0219281166, 0.004),
                (0.00606818366, 0.0220268027, 0.004),
                (0.00585, 0.0221421162, 0.004),
                (0.00564104381, 0.022273412, 0.004),
                (0.00544248365, 0.0224199561, 0.004),
                (0.00525542997, 0.0225809288, 0.004),
                (0.00508092882, 0.02275543, 0.004),
                (0.00491995611, 0.0229424837, 0.004),
                (0.00477341204, 0.0231410438, 0.004),
                (0.00464211617, 0.02335, 0.004),
                (0.00452680274, 0.0235681837, 0.004),
                (0.00442811663, 0.0237943746, 0.004),
                (0.00434660974, 0.0240273079, 0.004),
                (0.00428273789, 0.0242656809, 0.004),
                (0.00423685827, 0.0245081605, 0.004),
                (0.00420922747, 0.0247533907, 0.004),
                (-0.0075, 0.0217, 0.004),
                (-0.00420922747, 0.0247533907, 0.004),
                (-0.00423685827, 0.0245081605, 0.004),
                (-0.00428273789, 0.0242656809, 0.004),
                (-0.00434660974, 0.0240273079, 0.004),
                (-0.00442811663, 0.0237943746, 0.004),
                (-0.00452680274, 0.0235681837, 0.004),
                (-0.00464211617, 0.02335, 0.004),
                (-0.00477341204, 0.0231410438, 0.004),
                (-0.00491995611, 0.0229424837, 0.004),
                (-0.00508092882, 0.02275543, 0.004),
                (-0.00525542997, 0.0225809288, 0.004),
                (-0.00544248365, 0.0224199561, 0.004),
                (-0.00564104381, 0.022273412, 0.004),
                (-0.00585, 0.0221421162, 0.004),
                (-0.00606818366, 0.0220268027, 0.004),
                (-0.00629437462, 0.0219281166, 0.004),
                (-0.00652730792, 0.0218466097, 0.004),
                (-0.00676568092, 0.0217827379, 0.004),
                (-0.00700816052, 0.0217368583, 0.004),
                (-0.00725339069, 0.0217092275, 0.004),
                (-0.0045, 0.0282, 0.0019),
                (-0.0075, 0.022, 0.0019),
                (-0.0045, 0.025, 0.0019),
                (-0.00450838861, 0.0247758097, 0.0019),
                (-0.00453350752, 0.0245528732, 0.0019),
                (-0.00457521626, 0.0243324372, 0.0019),
                (-0.00463328158, 0.0241157345, 0.0019),
                (-0.00470737875, 0.0239039769, 0.0019),
                (-0.0047970934, 0.0236983488, 0.0019),
                (-0.00490192379, 0.0235, 0.0019),
                (-0.00502128368, 0.0233100398, 0.0019),
                (-0.00515450555, 0.0231295306, 0.0019),
                (-0.00530084438, 0.0229594818, 0.0019),
                (-0.00545948179, 0.0228008444, 0.0019),
                (-0.00562953059, 0.0226545056, 0.0019),
                (-0.00581003983, 0.0225212837, 0.0019),
                (-0.006, 0.0224019238, 0.0019),
                (-0.00619834878, 0.0222970934, 0.0019),
                (-0.00640397693, 0.0222073788, 0.0019),
                (-0.00661573448, 0.0221332816, 0.0019),
                (-0.0068324372, 0.0220752163, 0.0019),
                (-0.0070528732, 0.0220335075, 0.0019),
                (-0.00727580972, 0.0220083886, 0.0019),
                (-0.008, 0.0234, 0.0019),
                (-0.00811956815, 0.0234044739, 0.0019),
                (-0.00823846763, 0.0234178707, 0.0019),
                (-0.00835603349, 0.0234401153, 0.0019),
                (-0.00847160828, 0.0234710835, 0.0019),
                (-0.00858454564, 0.023510602, 0.0019),
                (-0.00869421398, 0.0235584498, 0.0019),
                (-0.0088, 0.0236143594, 0.0019),
                (-0.00890131209, 0.023678018, 0.0019),
                (-0.00899758368, 0.0237490696, 0.0019),
                (-0.00908827638, 0.023827117, 0.0019),
                (-0.00917288299, 0.0239117236, 0.0019),
                (-0.00925093037, 0.0240024163, 0.0019),
                (-0.00932198204, 0.0240986879, 0.0019),
                (-0.00938564065, 0.0242, 0.0019),
                (-0.00944155019, 0.024305786, 0.0019),
                (-0.009489398, 0.0244154544, 0.0019),
                (-0.00952891649, 0.0245283917, 0.0019),
                (-0.00955988466, 0.0246439665, 0.0019),
                (-0.00958212932, 0.0247615324, 0.0019),
                (-0.00959552608, 0.0248804319, 0.0019),
                (-0.0096, 0.025, 0.0019),
                (-0.00959552608, 0.0251195682, 0.0019),
                (-0.00958212932, 0.0252384676, 0.0019),
                (-0.00955988466, 0.0253560335, 0.0019),
                (-0.00952891649, 0.0254716083, 0.0019),
                (-0.009489398, 0.0255845456, 0.0019),
                (-0.00944155019, 0.025694214, 0.0019),
                (-0.00938564065, 0.0258, 0.0019),
                (-0.00932198204, 0.0259013121, 0.0019),
                (-0.00925093037, 0.0259975837, 0.0019),
                (-0.00917288299, 0.0260882764, 0.0019),
                (-0.00908827638, 0.026172883, 0.0019),
                (-0.00899758368, 0.0262509304, 0.0019),
                (-0.00890131209, 0.026321982, 0.0019),
                (-0.0088, 0.0263856406, 0.0019),
                (-0.00869421398, 0.0264415502, 0.0019),
                (-0.00858454564, 0.026489398, 0.0019),
                (-0.00847160828, 0.0265289165, 0.0019),
                (-0.00835603349, 0.0265598847, 0.0019),
                (-0.00823846763, 0.0265821293, 0.0019),
                (-0.00811956815, 0.0265955261, 0.0019),
                (-0.008, 0.0266, 0.0019),
                (-0.0075, 0.0266, 0.0019),
                (-0.0075, 0.0234, 0.0019),
                (-0.00738043185, 0.0234044739, 0.0019),
                (-0.00726153237, 0.0234178707, 0.0019),
                (-0.00714396651, 0.0234401153, 0.0019),
                (-0.00702839172, 0.0234710835, 0.0019),
                (-0.00691545436, 0.023510602, 0.0019),
                (-0.00680578602, 0.0235584498, 0.0019),
                (-0.0067, 0.0236143594, 0.0019),
                (-0.00659868791, 0.023678018, 0.0019),
                (-0.00650241632, 0.0237490696, 0.0019),
                (-0.00641172362, 0.023827117, 0.0019),
                (-0.006327117, 0.0239117236, 0.0019),
                (-0.00624906963, 0.0240024163, 0.0019),
                (-0.00617801796, 0.0240986879, 0.0019),
                (-0.00611435935, 0.0242, 0.0019),
                (-0.00605844981, 0.024305786, 0.0019),
                (-0.006010602, 0.0244154544, 0.0019),
                (-0.00597108351, 0.0245283917, 0.0019),
                (-0.00594011534, 0.0246439665, 0.0019),
                (-0.00591787068, 0.0247615324, 0.0019),
                (-0.00590447392, 0.0248804319, 0.0019),
                (-0.0059, 0.025, 0.0019),
                (-0.00590447392, 0.0251195682, 0.0019),
                (-0.00591787068, 0.0252384676, 0.0019),
                (-0.00594011534, 0.0253560335, 0.0019),
                (-0.00597108351, 0.0254716083, 0.0019),
                (-0.006010602, 0.0255845456, 0.0019),
                (-0.00605844981, 0.025694214, 0.0019),
                (-0.00611435935, 0.0258, 0.0019),
                (-0.00617801796, 0.0259013121, 0.0019),
                (-0.00624906963, 0.0259975837, 0.0019),
                (-0.006327117, 0.0260882764, 0.0019),
                (-0.00641172362, 0.026172883, 0.0019),
                (-0.00650241632, 0.0262509304, 0.0019),
                (-0.00659868791, 0.026321982, 0.0019),
                (-0.0067, 0.0263856406, 0.0019),
                (-0.00680578602, 0.0264415502, 0.0019),
                (-0.00691545436, 0.026489398, 0.0019),
                (-0.00702839172, 0.0265289165, 0.0019),
                (-0.00714396651, 0.0265598847, 0.0019),
                (-0.00726153237, 0.0265821293, 0.0019),
                (-0.00738043185, 0.0265955261, 0.0019),
                (-0.0045, 0.0028, 0.0019),
                (-0.0075, 0.009, 0.0019),
                (-0.0045, 0.006, 0.0019),
                (-0.00727580972, 0.00899161139, 0.0019),
                (-0.0070528732, 0.00896649248, 0.0019),
                (-0.0068324372, 0.00892478374, 0.0019),
                (-0.00661573448, 0.00886671842, 0.0019),
                (-0.00640397693, 0.00879262125, 0.0019),
                (-0.00619834878, 0.00870290661, 0.0019),
                (-0.006, 0.00859807621, 0.0019),
                (-0.00581003983, 0.00847871633, 0.0019),
                (-0.00562953059, 0.00834549445, 0.0019),
                (-0.00545948179, 0.00819915562, 0.0019),
                (-0.00530084438, 0.00804051822, 0.0019),
                (-0.00515450555, 0.00787046941, 0.0019),
                (-0.00502128368, 0.00768996018, 0.0019),
                (-0.00490192379, 0.0075, 0.0019),
                (-0.0047970934, 0.00730165122, 0.0019),
                (-0.00470737875, 0.00709602308, 0.0019),
                (-0.00463328158, 0.00688426553, 0.0019),
                (-0.00457521626, 0.0066675628, 0.0019),
                (-0.00453350752, 0.0064471268, 0.0019),
                (-0.00450838861, 0.00622419028, 0.0019),
                (-0.008, 0.0044, 0.0019),
                (-0.00811956815, 0.00440447393, 0.0019),
                (-0.00823846763, 0.00441787068, 0.0019),
                (-0.00835603349, 0.00444011534, 0.0019),
                (-0.00847160828, 0.00447108351, 0.0019),
                (-0.00858454564, 0.00451060201, 0.0019),
                (-0.00869421398, 0.00455844981, 0.0019),
                (-0.0088, 0.00461435936, 0.0019),
                (-0.00890131209, 0.00467801796, 0.0019),
                (-0.00899758368, 0.00474906963, 0.0019),
                (-0.00908827638, 0.00482711701, 0.0019),
                (-0.00917288299, 0.00491172362, 0.0019),
                (-0.00925093037, 0.00500241632, 0.0019),
                (-0.00932198204, 0.00509868791, 0.0019),
                (-0.00938564065, 0.0052, 0.0019),
                (-0.00944155019, 0.00530578602, 0.0019),
                (-0.009489398, 0.00541545436, 0.0019),
                (-0.00952891649, 0.00552839172, 0.0019),
                (-0.00955988466, 0.00564396651, 0.0019),
                (-0.00958212932, 0.00576153238, 0.0019),
                (-0.00959552608, 0.00588043185, 0.0019),
                (-0.0096, 0.006, 0.0019),
                (-0.00959552608, 0.00611956815, 0.0019),
                (-0.00958212932, 0.00623846763, 0.0019),
                (-0.00955988466, 0.0063560335, 0.0019),
                (-0.00952891649, 0.00647160828, 0.0019),
                (-0.009489398, 0.00658454564, 0.0019),
                (-0.00944155019, 0.00669421399, 0.0019),
                (-0.00938564065, 0.0068, 0.0019),
                (-0.00932198204, 0.0069013121, 0.0019),
                (-0.00925093037, 0.00699758369, 0.0019),
                (-0.00917288299, 0.00708827638, 0.0019),
                (-0.00908827638, 0.007172883, 0.0019),
                (-0.00899758368, 0.00725093037, 0.0019),
                (-0.00890131209, 0.00732198204, 0.0019),
                (-0.0088, 0.00738564065, 0.0019),
                (-0.00869421398, 0.00744155019, 0.0019),
                (-0.00858454564, 0.007489398, 0.0019),
                (-0.00847160828, 0.00752891649, 0.0019),
                (-0.00835603349, 0.00755988466, 0.0019),
                (-0.00823846763, 0.00758212932, 0.0019),
                (-0.00811956815, 0.00759552608, 0.0019),
                (-0.008, 0.0076, 0.0019),
                (-0.0075, 0.0076, 0.0019),
                (-0.0075, 0.0044, 0.0019),
                (-0.00738043185, 0.00440447393, 0.0019),
                (-0.00726153237, 0.00441787068, 0.0019),
                (-0.00714396651, 0.00444011534, 0.0019),
                (-0.00702839172, 0.00447108351, 0.0019),
                (-0.00691545436, 0.00451060201, 0.0019),
                (-0.00680578602, 0.00455844981, 0.0019),
                (-0.0067, 0.00461435936, 0.0019),
                (-0.00659868791, 0.00467801796, 0.0019),
                (-0.00650241632, 0.00474906963, 0.0019),
                (-0.00641172362, 0.00482711701, 0.0019),
                (-0.006327117, 0.00491172362, 0.0019),
                (-0.00624906963, 0.00500241632, 0.0019),
                (-0.00617801796, 0.00509868791, 0.0019),
                (-0.00611435935, 0.0052, 0.0019),
                (-0.00605844981, 0.00530578602, 0.0019),
                (-0.006010602, 0.00541545436, 0.0019),
                (-0.00597108351, 0.00552839172, 0.0019),
                (-0.00594011534, 0.00564396651, 0.0019),
                (-0.00591787068, 0.00576153238, 0.0019),
                (-0.00590447392, 0.00588043185, 0.0019),
                (-0.0059, 0.006, 0.0019),
                (-0.00590447392, 0.00611956815, 0.0019),
                (-0.00591787068, 0.00623846763, 0.0019),
                (-0.00594011534, 0.0063560335, 0.0019),
                (-0.00597108351, 0.00647160828, 0.0019),
                (-0.006010602, 0.00658454564, 0.0019),
                (-0.00605844981, 0.00669421399, 0.0019),
                (-0.00611435935, 0.0068, 0.0019),
                (-0.00617801796, 0.0069013121, 0.0019),
                (-0.00624906963, 0.00699758369, 0.0019),
                (-0.006327117, 0.00708827638, 0.0019),
                (-0.00641172362, 0.007172883, 0.0019),
                (-0.00650241632, 0.00725093037, 0.0019),
                (-0.00659868791, 0.00732198204, 0.0019),
                (-0.0067, 0.00738564065, 0.0019),
                (-0.00680578602, 0.00744155019, 0.0019),
                (-0.00691545436, 0.007489398, 0.0019),
                (-0.00702839172, 0.00752891649, 0.0019),
                (-0.00714396651, 0.00755988466, 0.0019),
                (-0.00726153237, 0.00758212932, 0.0019),
                (-0.00738043185, 0.00759552608, 0.0019),
                (-0.0075, 0.009, 0.0037),
                (-0.0075, 0.022, 0.0037),
                (-0.00727580972, 0.00899161139, 0.0037),
                (-0.0070528732, 0.00896649248, 0.0037),
                (-0.0068324372, 0.00892478374, 0.0037),
                (-0.00661573448, 0.00886671842, 0.0037),
                (-0.00640397693, 0.00879262125, 0.0037),
                (-0.00619834878, 0.00870290661, 0.0037),
                (-0.006, 0.00859807621, 0.0037),
                (-0.00581003983, 0.00847871633, 0.0037),
                (-0.00562953059, 0.00834549445, 0.0037),
                (-0.00545948179, 0.00819915562, 0.0037),
                (-0.00530084438, 0.00804051822, 0.0037),
                (-0.00515450555, 0.00787046941, 0.0037),
                (-0.00502128368, 0.00768996018, 0.0037),
                (-0.00490192379, 0.0075, 0.0037),
                (-0.0047970934, 0.00730165122, 0.0037),
                (-0.00470737875, 0.00709602308, 0.0037),
                (-0.00463328158, 0.00688426553, 0.0037),
                (-0.00457521626, 0.0066675628, 0.0037),
                (-0.00453350752, 0.0064471268, 0.0037),
                (-0.00450838861, 0.00622419028, 0.0037),
                (-0.0045, 0.006, 0.0037),
                (-0.0045, 0.0028, 0.0037),
                (0.0045, 0.006, 0.0037),
                (0.0045, 0.0028, 0.0037),
                (0.00450838861, 0.00622419028, 0.0037),
                (0.00453350752, 0.0064471268, 0.0037),
                (0.00457521626, 0.0066675628, 0.0037),
                (0.00463328158, 0.00688426553, 0.0037),
                (0.00470737875, 0.00709602308, 0.0037),
                (0.0047970934, 0.00730165122, 0.0037),
                (0.00490192379, 0.0075, 0.0037),
                (0.00502128368, 0.00768996018, 0.0037),
                (0.00515450555, 0.00787046941, 0.0037),
                (0.00530084438, 0.00804051822, 0.0037),
                (0.00545948179, 0.00819915562, 0.0037),
                (0.00562953059, 0.00834549445, 0.0037),
                (0.00581003983, 0.00847871633, 0.0037),
                (0.006, 0.00859807621, 0.0037),
                (0.00619834878, 0.00870290661, 0.0037),
                (0.00640397693, 0.00879262125, 0.0037),
                (0.00661573448, 0.00886671842, 0.0037),
                (0.0068324372, 0.00892478374, 0.0037),
                (0.0070528732, 0.00896649248, 0.0037),
                (0.00727580972, 0.00899161139, 0.0037),
                (0.00727580972, 0.0220083886, 0.0037),
                (0.0070528732, 0.0220335075, 0.0037),
                (0.0068324372, 0.0220752163, 0.0037),
                (0.00661573448, 0.0221332816, 0.0037),
                (0.00640397693, 0.0222073788, 0.0037),
                (0.00619834878, 0.0222970934, 0.0037),
                (0.006, 0.0224019238, 0.0037),
                (0.00581003983, 0.0225212837, 0.0037),
                (0.00562953059, 0.0226545056, 0.0037),
                (0.00545948179, 0.0228008444, 0.0037),
                (0.00530084438, 0.0229594818, 0.0037),
                (0.00515450555, 0.0231295306, 0.0037),
                (0.00502128368, 0.0233100398, 0.0037),
                (0.00490192379, 0.0235, 0.0037),
                (0.0047970934, 0.0236983488, 0.0037),
                (0.00470737875, 0.0239039769, 0.0037),
                (0.00463328158, 0.0241157345, 0.0037),
                (0.00457521626, 0.0243324372, 0.0037),
                (0.00453350752, 0.0245528732, 0.0037),
                (0.00450838861, 0.0247758097, 0.0037),
                (0.0045, 0.025, 0.0037),
                (0.0045, 0.0282, 0.0037),
                (-0.0045, 0.0282, 0.0037),
                (0.0042, 0.0282, 0.004),
                (-0.0042, 0.0282, 0.004),
                (-0.0065, 0.0155, 0.004),
                (-0.0065027962, 0.0154252699, 0.004),
                (-0.00651116917, 0.0153509577, 0.004),
                (-0.00652507209, 0.0152774791, 0.004),
                (-0.00654442719, 0.0152052448, 0.004),
                (-0.00656912625, 0.015134659, 0.004),
                (-0.00659903113, 0.0150661163, 0.004),
                (-0.0066339746, 0.015, 0.004),
                (-0.00667376123, 0.0149366799, 0.004),
                (-0.00671816852, 0.0148765102, 0.004),
                (-0.00676694813, 0.0148198273, 0.004),
                (-0.00681982726, 0.0147669481, 0.004),
                (-0.0068765102, 0.0147181685, 0.004),
                (-0.00693667994, 0.0146737612, 0.004),
                (-0.007, 0.0146339746, 0.004),
                (-0.00706611626, 0.0145990311, 0.004),
                (-0.00713465898, 0.0145691263, 0.004),
                (-0.00720524483, 0.0145444272, 0.004),
                (-0.00727747907, 0.0145250721, 0.004),
                (-0.00735095773, 0.0145111692, 0.004),
                (-0.00742526991, 0.0145027962, 0.004),
                (-0.0075, 0.0145, 0.004),
                (-0.00757473009, 0.0145027962, 0.004),
                (-0.00764904227, 0.0145111692, 0.004),
                (-0.00772252093, 0.0145250721, 0.004),
                (-0.00779475517, 0.0145444272, 0.004),
                (-0.00786534102, 0.0145691263, 0.004),
                (-0.00793388374, 0.0145990311, 0.004),
                (-0.008, 0.0146339746, 0.004),
                (-0.00806332006, 0.0146737612, 0.004),
                (-0.0081234898, 0.0147181685, 0.004),
                (-0.00818017274, 0.0147669481, 0.004),
                (-0.00823305187, 0.0148198273, 0.004),
                (-0.00828183148, 0.0148765102, 0.004),
                (-0.00832623877, 0.0149366799, 0.004),
                (-0.0083660254, 0.015, 0.004),
                (-0.00840096887, 0.0150661163, 0.004),
                (-0.00843087375, 0.015134659, 0.004),
                (-0.00845557281, 0.0152052448, 0.004),
                (-0.00847492791, 0.0152774791, 0.004),
                (-0.00848883083, 0.0153509577, 0.004),
                (-0.0084972038, 0.0154252699, 0.004),
                (-0.0085, 0.0155, 0.004),
                (-0.0084972038, 0.0155747301, 0.004),
                (-0.00848883083, 0.0156490423, 0.004),
                (-0.00847492791, 0.0157225209, 0.004),
                (-0.00845557281, 0.0157947552, 0.004),
                (-0.00843087375, 0.015865341, 0.004),
                (-0.00840096887, 0.0159338837, 0.004),
                (-0.0083660254, 0.016, 0.004),
                (-0.00832623877, 0.0160633201, 0.004),
                (-0.00828183148, 0.0161234898, 0.004),
                (-0.00823305187, 0.0161801727, 0.004),
                (-0.00818017274, 0.0162330519, 0.004),
                (-0.0081234898, 0.0162818315, 0.004),
                (-0.00806332006, 0.0163262388, 0.004),
                (-0.008, 0.0163660254, 0.004),
                (-0.00793388374, 0.0164009689, 0.004),
                (-0.00786534102, 0.0164308738, 0.004),
                (-0.00779475517, 0.0164555728, 0.004),
                (-0.00772252093, 0.0164749279, 0.004),
                (-0.00764904227, 0.0164888308, 0.004),
                (-0.00757473009, 0.0164972038, 0.004),
                (-0.0075, 0.0165, 0.004),
                (-0.00742526991, 0.0164972038, 0.004),
                (-0.00735095773, 0.0164888308, 0.004),
                (-0.00727747907, 0.0164749279, 0.004),
                (-0.00720524483, 0.0164555728, 0.004),
                (-0.00713465898, 0.0164308738, 0.004),
                (-0.00706611626, 0.0164009689, 0.004),
                (-0.007, 0.0163660254, 0.004),
                (-0.00693667994, 0.0163262388, 0.004),
                (-0.0068765102, 0.0162818315, 0.004),
                (-0.00681982726, 0.0162330519, 0.004),
                (-0.00676694813, 0.0161801727, 0.004),
                (-0.00671816852, 0.0161234898, 0.004),
                (-0.00667376123, 0.0160633201, 0.004),
                (-0.0066339746, 0.016, 0.004),
                (-0.00659903113, 0.0159338837, 0.004),
                (-0.00656912625, 0.015865341, 0.004),
                (-0.00654442719, 0.0157947552, 0.004),
                (-0.00652507209, 0.0157225209, 0.004),
                (-0.00651116917, 0.0156490423, 0.004),
                (-0.0065027962, 0.0155747301, 0.004),
                (0.0085, 0.0155, 0.004),
                (0.0084972038, 0.0154252699, 0.004),
                (0.00848883083, 0.0153509577, 0.004),
                (0.00847492791, 0.0152774791, 0.004),
                (0.00845557281, 0.0152052448, 0.004),
                (0.00843087375, 0.015134659, 0.004),
                (0.00840096887, 0.0150661163, 0.004),
                (0.0083660254, 0.015, 0.004),
                (0.00832623877, 0.0149366799, 0.004),
                (0.00828183148, 0.0148765102, 0.004),
                (0.00823305187, 0.0148198273, 0.004),
                (0.00818017274, 0.0147669481, 0.004),
                (0.0081234898, 0.0147181685, 0.004),
                (0.00806332006, 0.0146737612, 0.004),
                (0.008, 0.0146339746, 0.004),
                (0.00793388374, 0.0145990311, 0.004),
                (0.00786534102, 0.0145691263, 0.004),
                (0.00779475517, 0.0145444272, 0.004),
                (0.00772252093, 0.0145250721, 0.004),
                (0.00764904227, 0.0145111692, 0.004),
                (0.00757473009, 0.0145027962, 0.004),
                (0.0075, 0.0145, 0.004),
                (0.00742526991, 0.0145027962, 0.004),
                (0.00735095773, 0.0145111692, 0.004),
                (0.00727747907, 0.0145250721, 0.004),
                (0.00720524483, 0.0145444272, 0.004),
                (0.00713465898, 0.0145691263, 0.004),
                (0.00706611626, 0.0145990311, 0.004),
                (0.007, 0.0146339746, 0.004),
                (0.00693667994, 0.0146737612, 0.004),
                (0.0068765102, 0.0147181685, 0.004),
                (0.00681982726, 0.0147669481, 0.004),
                (0.00676694813, 0.0148198273, 0.004),
                (0.00671816852, 0.0148765102, 0.004),
                (0.00667376123, 0.0149366799, 0.004),
                (0.0066339746, 0.015, 0.004),
                (0.00659903113, 0.0150661163, 0.004),
                (0.00656912625, 0.015134659, 0.004),
                (0.00654442719, 0.0152052448, 0.004),
                (0.00652507209, 0.0152774791, 0.004),
                (0.00651116917, 0.0153509577, 0.004),
                (0.0065027962, 0.0154252699, 0.004),
                (0.0065, 0.0155, 0.004),
                (0.0065027962, 0.0155747301, 0.004),
                (0.00651116917, 0.0156490423, 0.004),
                (0.00652507209, 0.0157225209, 0.004),
                (0.00654442719, 0.0157947552, 0.004),
                (0.00656912625, 0.015865341, 0.004),
                (0.00659903113, 0.0159338837, 0.004),
                (0.0066339746, 0.016, 0.004),
                (0.00667376123, 0.0160633201, 0.004),
                (0.00671816852, 0.0161234898, 0.004),
                (0.00676694813, 0.0161801727, 0.004),
                (0.00681982726, 0.0162330519, 0.004),
                (0.0068765102, 0.0162818315, 0.004),
                (0.00693667994, 0.0163262388, 0.004),
                (0.007, 0.0163660254, 0.004),
                (0.00706611626, 0.0164009689, 0.004),
                (0.00713465898, 0.0164308738, 0.004),
                (0.00720524483, 0.0164555728, 0.004),
                (0.00727747907, 0.0164749279, 0.004),
                (0.00735095773, 0.0164888308, 0.004),
                (0.00742526991, 0.0164972038, 0.004),
                (0.0075, 0.0165, 0.004),
                (0.00757473009, 0.0164972038, 0.004),
                (0.00764904227, 0.0164888308, 0.004),
                (0.00772252093, 0.0164749279, 0.004),
                (0.00779475517, 0.0164555728, 0.004),
                (0.00786534102, 0.0164308738, 0.004),
                (0.00793388374, 0.0164009689, 0.004),
                (0.008, 0.0163660254, 0.004),
                (0.00806332006, 0.0163262388, 0.004),
                (0.0081234898, 0.0162818315, 0.004),
                (0.00818017274, 0.0162330519, 0.004),
                (0.00823305187, 0.0161801727, 0.004),
                (0.00828183148, 0.0161234898, 0.004),
                (0.00832623877, 0.0160633201, 0.004),
                (0.0083660254, 0.016, 0.004),
                (0.00840096887, 0.0159338837, 0.004),
                (0.00843087375, 0.015865341, 0.004),
                (0.00845557281, 0.0157947552, 0.004),
                (0.00847492791, 0.0157225209, 0.004),
                (0.00848883083, 0.0156490423, 0.004),
                (0.0084972038, 0.0155747301, 0.004),
                (-0.0045, 0.025, 0.0037),
                (-0.00450838861, 0.0247758097, 0.0037),
                (-0.00453350752, 0.0245528732, 0.0037),
                (-0.00457521626, 0.0243324372, 0.0037),
                (-0.00463328158, 0.0241157345, 0.0037),
                (-0.00470737875, 0.0239039769, 0.0037),
                (-0.0047970934, 0.0236983488, 0.0037),
                (-0.00490192379, 0.0235, 0.0037),
                (-0.00502128368, 0.0233100398, 0.0037),
                (-0.00515450555, 0.0231295306, 0.0037),
                (-0.00530084438, 0.0229594818, 0.0037),
                (-0.00545948179, 0.0228008444, 0.0037),
                (-0.00562953059, 0.0226545056, 0.0037),
                (-0.00581003983, 0.0225212837, 0.0037),
                (-0.006, 0.0224019238, 0.0037),
                (-0.00619834878, 0.0222970934, 0.0037),
                (-0.00640397693, 0.0222073788, 0.0037),
                (-0.00661573448, 0.0221332816, 0.0037),
                (-0.0068324372, 0.0220752163, 0.0037),
                (-0.0070528732, 0.0220335075, 0.0037),
                (-0.00727580972, 0.0220083886, 0.0037),
                (-0.0075, 0.0155, 0.00460086062),
                (-0.0073, 0.0155, 0.0044806885),
                (-0.0071, 0.0155, 0.00436051637),
                (-0.0069, 0.0155, 0.00424034425),
                (-0.0067, 0.0155, 0.00412017212),
                (-0.00730223383, 0.0154701915, 0.0044806885),
                (-0.00730888544, 0.015441049, 0.0044806885),
                (-0.00731980623, 0.0154132233, 0.0044806885),
                (-0.00733475224, 0.015387336, 0.0044806885),
                (-0.00710446767, 0.0154403831, 0.00436051637),
                (-0.00735338963, 0.0153639655, 0.0044806885),
                (-0.00711777088, 0.0153820979, 0.00436051637),
                (-0.00737530204, 0.0153436337, 0.0044806885),
                (-0.00713961245, 0.0153264465, 0.00436051637),
                (-0.0074, 0.0153267949, 0.0044806885),
                (-0.00716950449, 0.015274672, 0.00436051637),
                (-0.0069067015, 0.0154105746, 0.00424034425),
                (-0.00742693179, 0.0153138253, 0.0044806885),
                (-0.00720677925, 0.0152279309, 0.00436051637),
                (-0.00692665632, 0.0153231469, 0.00424034425),
                (-0.00745549581, 0.0153050144, 0.0044806885),
                (-0.00725060408, 0.0151872674, 0.00436051637),
                (-0.00695941868, 0.0152396698, 0.00424034425),
                (-0.00748505398, 0.0153005592, 0.0044806885),
                (-0.0073, 0.0151535898, 0.00436051637),
                (-0.00700425674, 0.015162008, 0.00424034425),
                (-0.00670893534, 0.0153807662, 0.00412017212),
                (-0.00751494602, 0.0153005592, 0.0044806885),
                (-0.00735386359, 0.0151276505, 0.00436051637),
                (-0.00706016888, 0.0150918964, 0.00424034425),
                (-0.00673554176, 0.0152641959, 0.00412017212),
                (-0.00754450419, 0.0153050144, 0.0044806885),
                (-0.00741099163, 0.0151100288, 0.00436051637),
                (-0.00712590612, 0.0150309011, 0.00424034425),
                (-0.00677922491, 0.015152893, 0.00412017212),
                (-0.0075730682, 0.0153138253, 0.0044806885),
                (-0.00747010796, 0.0151011185, 0.00436051637),
                (-0.0072, 0.0149803848, 0.00424034425),
                (-0.00683900898, 0.015049344, 0.00412017212),
                (-0.0076, 0.0153267949, 0.0044806885),
                (-0.00752989204, 0.0151011185, 0.00436051637),
                (-0.00728079539, 0.0149414758, 0.00424034425),
                (-0.0069135585, 0.0149558618, 0.00412017212),
                (-0.00762469796, 0.0153436337, 0.0044806885),
                (-0.00758900837, 0.0151100288, 0.00436051637),
                (-0.00736648744, 0.0149150433, 0.00424034425),
                (-0.00700120816, 0.0148745348, 0.00412017212),
                (-0.00764661037, 0.0153639655, 0.0044806885),
                (-0.00764613641, 0.0151276505, 0.00436051637),
                (-0.00745516194, 0.0149016777, 0.00424034425),
                (-0.0071, 0.0148071797, 0.00412017212),
                (-0.00766524775, 0.015387336, 0.0044806885),
                (-0.0077, 0.0151535898, 0.00436051637),
                (-0.00754483806, 0.0149016777, 0.00424034425),
                (-0.00720772718, 0.014755301, 0.00412017212),
                (-0.00768019377, 0.0154132233, 0.0044806885),
                (-0.00774939592, 0.0151872674, 0.00436051637),
                (-0.00763351256, 0.0149150433, 0.00424034425),
                (-0.00732198325, 0.0147200577, 0.00412017212),
                (-0.00769111456, 0.015441049, 0.0044806885),
                (-0.00779322075, 0.0152279309, 0.00436051637),
                (-0.00771920461, 0.0149414758, 0.00424034425),
                (-0.00744021592, 0.014702237, 0.00412017212),
                (-0.00769776617, 0.0154701915, 0.0044806885),
                (-0.00783049551, 0.015274672, 0.00436051637),
                (-0.0078, 0.0149803848, 0.00424034425),
                (-0.00755978407, 0.014702237, 0.00412017212),
                (-0.0077, 0.0155, 0.0044806885),
                (-0.00786038755, 0.0153264465, 0.00436051637),
                (-0.00787409388, 0.0150309011, 0.00424034425),
                (-0.00767801675, 0.0147200577, 0.00412017212),
                (-0.00769776617, 0.0155298085, 0.0044806885),
                (-0.00788222912, 0.0153820979, 0.00436051637),
                (-0.00793983112, 0.0150918964, 0.00424034425),
                (-0.00779227282, 0.014755301, 0.00412017212),
                (-0.00769111456, 0.015558951, 0.0044806885),
                (-0.00789553233, 0.0154403831, 0.00436051637),
                (-0.00799574326, 0.015162008, 0.00424034425),
                (-0.0079, 0.0148071797, 0.00412017212),
                (-0.00768019377, 0.0155867768, 0.0044806885),
                (-0.0079, 0.0155, 0.00436051637),
                (-0.00804058132, 0.0152396698, 0.00424034425),
                (-0.00799879184, 0.0148745348, 0.00412017212),
                (-0.00766524775, 0.015612664, 0.0044806885),
                (-0.00789553233, 0.0155596169, 0.00436051637),
                (-0.00807334368, 0.0153231469, 0.00424034425),
                (-0.0080864415, 0.0149558618, 0.00412017212),
                (-0.00764661037, 0.0156360346, 0.0044806885),
                (-0.00788222912, 0.0156179021, 0.00436051637),
                (-0.0080932985, 0.0154105746, 0.00424034425),
                (-0.00816099102, 0.015049344, 0.00412017212),
                (-0.00762469796, 0.0156563663, 0.0044806885),
                (-0.00786038755, 0.0156735535, 0.00436051637),
                (-0.0081, 0.0155, 0.00424034425),
                (-0.00822077509, 0.015152893, 0.00412017212),
                (-0.0076, 0.0156732051, 0.0044806885),
                (-0.00783049551, 0.015725328, 0.00436051637),
                (-0.0080932985, 0.0155894254, 0.00424034425),
                (-0.00826445824, 0.0152641959, 0.00412017212),
                (-0.0075730682, 0.0156861748, 0.0044806885),
                (-0.00779322075, 0.0157720691, 0.00436051637),
                (-0.00807334368, 0.0156768531, 0.00424034425),
                (-0.00829106466, 0.0153807662, 0.00412017212),
                (-0.00754450419, 0.0156949856, 0.0044806885),
                (-0.00774939592, 0.0158127326, 0.00436051637),
                (-0.00804058132, 0.0157603302, 0.00424034425),
                (-0.0083, 0.0155, 0.00412017212),
                (-0.00751494602, 0.0156994408, 0.0044806885),
                (-0.0077, 0.0158464102, 0.00436051637),
                (-0.00799574326, 0.015837992, 0.00424034425),
                (-0.00829106466, 0.0156192338, 0.00412017212),
                (-0.00748505398, 0.0156994408, 0.0044806885),
                (-0.00764613641, 0.0158723495, 0.00436051637),
                (-0.00793983112, 0.0159081036, 0.00424034425),
                (-0.00826445824, 0.0157358041, 0.00412017212),
                (-0.00745549581, 0.0156949856, 0.0044806885),
                (-0.00758900837, 0.0158899712, 0.00436051637),
                (-0.00787409388, 0.0159690989, 0.00424034425),
                (-0.00822077509, 0.015847107, 0.00412017212),
                (-0.00742693179, 0.0156861748, 0.0044806885),
                (-0.00752989204, 0.0158988815, 0.00436051637),
                (-0.0078, 0.0160196152, 0.00424034425),
                (-0.00816099102, 0.015950656, 0.00412017212),
                (-0.0074, 0.0156732051, 0.0044806885),
                (-0.00747010796, 0.0158988815, 0.00436051637),
                (-0.00771920461, 0.0160585243, 0.00424034425),
                (-0.0080864415, 0.0160441382, 0.00412017212),
                (-0.00737530204, 0.0156563663, 0.0044806885),
                (-0.00741099163, 0.0158899712, 0.00436051637),
                (-0.00763351256, 0.0160849568, 0.00424034425),
                (-0.00799879184, 0.0161254652, 0.00412017212),
                (-0.00735338963, 0.0156360346, 0.0044806885),
                (-0.00735386359, 0.0158723495, 0.00436051637),
                (-0.00754483806, 0.0160983223, 0.00424034425),
                (-0.0079, 0.0161928203, 0.00412017212),
                (-0.00733475224, 0.015612664, 0.0044806885),
                (-0.0073, 0.0158464102, 0.00436051637),
                (-0.00745516194, 0.0160983223, 0.00424034425),
                (-0.00779227282, 0.016244699, 0.00412017212),
                (-0.00731980623, 0.0155867768, 0.0044806885),
                (-0.00725060408, 0.0158127326, 0.00436051637),
                (-0.00736648744, 0.0160849568, 0.00424034425),
                (-0.00767801675, 0.0162799423, 0.00412017212),
                (-0.00730888544, 0.015558951, 0.0044806885),
                (-0.00720677925, 0.0157720691, 0.00436051637),
                (-0.00728079539, 0.0160585243, 0.00424034425),
                (-0.00755978407, 0.016297763, 0.00412017212),
                (-0.00730223383, 0.0155298085, 0.0044806885),
                (-0.00716950449, 0.015725328, 0.00436051637),
                (-0.0072, 0.0160196152, 0.00424034425),
                (-0.00744021592, 0.016297763, 0.00412017212),
                (-0.00713961245, 0.0156735535, 0.00436051637),
                (-0.00712590612, 0.0159690989, 0.00424034425),
                (-0.00732198325, 0.0162799423, 0.00412017212),
                (-0.00711777088, 0.0156179021, 0.00436051637),
                (-0.00706016888, 0.0159081036, 0.00424034425),
                (-0.00720772718, 0.016244699, 0.00412017212),
                (-0.00710446767, 0.0155596169, 0.00436051637),
                (-0.00700425674, 0.015837992, 0.00424034425),
                (-0.0071, 0.0161928203, 0.00412017212),
                (-0.00695941868, 0.0157603302, 0.00424034425),
                (-0.00700120816, 0.0161254652, 0.00412017212),
                (-0.00692665632, 0.0156768531, 0.00424034425),
                (-0.0069135585, 0.0160441382, 0.00412017212),
                (-0.0069067015, 0.0155894254, 0.00424034425),
                (-0.00683900898, 0.015950656, 0.00412017212),
                (-0.00677922491, 0.015847107, 0.00412017212),
                (-0.00673554176, 0.0157358041, 0.00412017212),
                (-0.00670893534, 0.0156192338, 0.00412017212),
                (0.0075, 0.0155, 0.00460086062),
                (0.0077, 0.0155, 0.0044806885),
                (0.0079, 0.0155, 0.00436051637),
                (0.0081, 0.0155, 0.00424034425),
                (0.0083, 0.0155, 0.00412017212),
                (0.00769776617, 0.0154701915, 0.0044806885),
                (0.00769111456, 0.015441049, 0.0044806885),
                (0.00768019377, 0.0154132233, 0.0044806885),
                (0.00766524776, 0.015387336, 0.0044806885),
                (0.00789553233, 0.0154403831, 0.00436051637),
                (0.00764661037, 0.0153639655, 0.0044806885),
                (0.00788222912, 0.0153820979, 0.00436051637),
                (0.00762469796, 0.0153436337, 0.0044806885),
                (0.00786038755, 0.0153264465, 0.00436051637),
                (0.0076, 0.0153267949, 0.0044806885),
                (0.00783049551, 0.015274672, 0.00436051637),
                (0.0080932985, 0.0154105746, 0.00424034425),
                (0.00757306821, 0.0153138253, 0.0044806885),
                (0.00779322075, 0.0152279309, 0.00436051637),
                (0.00807334368, 0.0153231469, 0.00424034425),
                (0.00754450419, 0.0153050144, 0.0044806885),
                (0.00774939592, 0.0151872674, 0.00436051637),
                (0.00804058132, 0.0152396698, 0.00424034425),
                (0.00751494602, 0.0153005592, 0.0044806885),
                (0.0077, 0.0151535898, 0.00436051637),
                (0.00799574326, 0.015162008, 0.00424034425),
                (0.00829106466, 0.0153807662, 0.00412017212),
                (0.00748505398, 0.0153005592, 0.0044806885),
                (0.00764613641, 0.0151276505, 0.00436051637),
                (0.00793983112, 0.0150918964, 0.00424034425),
                (0.00826445824, 0.0152641959, 0.00412017212),
                (0.00745549581, 0.0153050144, 0.0044806885),
                (0.00758900837, 0.0151100288, 0.00436051637),
                (0.00787409388, 0.0150309011, 0.00424034425),
                (0.00822077509, 0.015152893, 0.00412017212),
                (0.0074269318, 0.0153138253, 0.0044806885),
                (0.00752989204, 0.0151011185, 0.00436051637),
                (0.0078, 0.0149803848, 0.00424034425),
                (0.00816099102, 0.015049344, 0.00412017212),
                (0.0074, 0.0153267949, 0.0044806885),
                (0.00747010796, 0.0151011185, 0.00436051637),
                (0.00771920461, 0.0149414758, 0.00424034425),
                (0.0080864415, 0.0149558618, 0.00412017212),
                (0.00737530204, 0.0153436337, 0.0044806885),
                (0.00741099163, 0.0151100288, 0.00436051637),
                (0.00763351256, 0.0149150433, 0.00424034425),
                (0.00799879184, 0.0148745348, 0.00412017212),
                (0.00735338963, 0.0153639655, 0.0044806885),
                (0.00735386359, 0.0151276505, 0.00436051637),
                (0.00754483806, 0.0149016777, 0.00424034425),
                (0.0079, 0.0148071797, 0.00412017212),
                (0.00733475225, 0.015387336, 0.0044806885),
                (0.0073, 0.0151535898, 0.00436051637),
                (0.00745516194, 0.0149016777, 0.00424034425),
                (0.00779227282, 0.014755301, 0.00412017212),
                (0.00731980623, 0.0154132233, 0.0044806885),
                (0.00725060408, 0.0151872674, 0.00436051637),
                (0.00736648744, 0.0149150433, 0.00424034425),
                (0.00767801675, 0.0147200577, 0.00412017212),
                (0.00730888544, 0.015441049, 0.0044806885),
                (0.00720677925, 0.0152279309, 0.00436051637),
                (0.00728079539, 0.0149414758, 0.00424034425),
                (0.00755978408, 0.014702237, 0.00412017212),
                (0.00730223383, 0.0154701915, 0.0044806885),
                (0.00716950449, 0.015274672, 0.00436051637),
                (0.0072, 0.0149803848, 0.00424034425),
                (0.00744021593, 0.014702237, 0.00412017212),
                (0.0073, 0.0155, 0.0044806885),
                (0.00713961245, 0.0153264465, 0.00436051637),
                (0.00712590612, 0.0150309011, 0.00424034425),
                (0.00732198325, 0.0147200577, 0.00412017212),
                (0.00730223383, 0.0155298085, 0.0044806885),
                (0.00711777088, 0.0153820979, 0.00436051637),
                (0.00706016888, 0.0150918964, 0.00424034425),
                (0.00720772718, 0.014755301, 0.00412017212),
                (0.00730888544, 0.015558951, 0.0044806885),
                (0.00710446767, 0.0154403831, 0.00436051637),
                (0.00700425674, 0.015162008, 0.00424034425),
                (0.0071, 0.0148071797, 0.00412017212),
                (0.00731980623, 0.0155867768, 0.0044806885),
                (0.0071, 0.0155, 0.00436051637),
                (0.00695941868, 0.0152396698, 0.00424034425),
                (0.00700120816, 0.0148745348, 0.00412017212),
                (0.00733475225, 0.015612664, 0.0044806885),
                (0.00710446767, 0.0155596169, 0.00436051637),
                (0.00692665632, 0.0153231469, 0.00424034425),
                (0.0069135585, 0.0149558618, 0.00412017212),
                (0.00735338963, 0.0156360346, 0.0044806885),
                (0.00711777088, 0.0156179021, 0.00436051637),
                (0.0069067015, 0.0154105746, 0.00424034425),
                (0.00683900898, 0.015049344, 0.00412017212),
                (0.00737530204, 0.0156563663, 0.0044806885),
                (0.00713961245, 0.0156735535, 0.00436051637),
                (0.0069, 0.0155, 0.00424034425),
                (0.00677922491, 0.015152893, 0.00412017212),
                (0.0074, 0.0156732051, 0.0044806885),
                (0.00716950449, 0.015725328, 0.00436051637),
                (0.0069067015, 0.0155894254, 0.00424034425),
                (0.00673554176, 0.0152641959, 0.00412017212),
                (0.0074269318, 0.0156861748, 0.0044806885),
                (0.00720677925, 0.0157720691, 0.00436051637),
                (0.00692665632, 0.0156768531, 0.00424034425),
                (0.00670893534, 0.0153807662, 0.00412017212),
                (0.00745549581, 0.0156949856, 0.0044806885),
                (0.00725060408, 0.0158127326, 0.00436051637),
                (0.00695941868, 0.0157603302, 0.00424034425),
                (0.0067, 0.0155, 0.00412017212),
                (0.00748505398, 0.0156994408, 0.0044806885),
                (0.0073, 0.0158464102, 0.00436051637),
                (0.00700425674, 0.015837992, 0.00424034425),
                (0.00670893534, 0.0156192338, 0.00412017212),
                (0.00751494602, 0.0156994408, 0.0044806885),
                (0.00735386359, 0.0158723495, 0.00436051637),
                (0.00706016888, 0.0159081036, 0.00424034425),
                (0.00673554176, 0.0157358041, 0.00412017212),
                (0.00754450419, 0.0156949856, 0.0044806885),
                (0.00741099163, 0.0158899712, 0.00436051637),
                (0.00712590612, 0.0159690989, 0.00424034425),
                (0.00677922491, 0.015847107, 0.00412017212),
                (0.00757306821, 0.0156861748, 0.0044806885),
                (0.00747010796, 0.0158988815, 0.00436051637),
                (0.0072, 0.0160196152, 0.00424034425),
                (0.00683900898, 0.015950656, 0.00412017212),
                (0.0076, 0.0156732051, 0.0044806885),
                (0.00752989204, 0.0158988815, 0.00436051637),
                (0.00728079539, 0.0160585243, 0.00424034425),
                (0.0069135585, 0.0160441382, 0.00412017212),
                (0.00762469796, 0.0156563663, 0.0044806885),
                (0.00758900837, 0.0158899712, 0.00436051637),
                (0.00736648744, 0.0160849568, 0.00424034425),
                (0.00700120816, 0.0161254652, 0.00412017212),
                (0.00764661037, 0.0156360346, 0.0044806885),
                (0.00764613641, 0.0158723495, 0.00436051637),
                (0.00745516194, 0.0160983223, 0.00424034425),
                (0.0071, 0.0161928203, 0.00412017212),
                (0.00766524776, 0.015612664, 0.0044806885),
                (0.0077, 0.0158464102, 0.00436051637),
                (0.00754483806, 0.0160983223, 0.00424034425),
                (0.00720772718, 0.016244699, 0.00412017212),
                (0.00768019377, 0.0155867768, 0.0044806885),
                (0.00774939592, 0.0158127326, 0.00436051637),
                (0.00763351256, 0.0160849568, 0.00424034425),
                (0.00732198325, 0.0162799423, 0.00412017212),
                (0.00769111456, 0.015558951, 0.0044806885),
                (0.00779322075, 0.0157720691, 0.00436051637),
                (0.00771920461, 0.0160585243, 0.00424034425),
                (0.00744021593, 0.016297763, 0.00412017212),
                (0.00769776617, 0.0155298085, 0.0044806885),
                (0.00783049551, 0.015725328, 0.00436051637),
                (0.0078, 0.0160196152, 0.00424034425),
                (0.00755978408, 0.016297763, 0.00412017212),
                (0.00786038755, 0.0156735535, 0.00436051637),
                (0.00787409388, 0.0159690989, 0.00424034425),
                (0.00767801675, 0.0162799423, 0.00412017212),
                (0.00788222912, 0.0156179021, 0.00436051637),
                (0.00793983112, 0.0159081036, 0.00424034425),
                (0.00779227282, 0.016244699, 0.00412017212),
                (0.00789553233, 0.0155596169, 0.00436051637),
                (0.00799574326, 0.015837992, 0.00424034425),
                (0.0079, 0.0161928203, 0.00412017212),
                (0.00804058132, 0.0157603302, 0.00424034425),
                (0.00799879184, 0.0161254652, 0.00412017212),
                (0.00807334368, 0.0156768531, 0.00424034425),
                (0.0080864415, 0.0160441382, 0.00412017212),
                (0.0080932985, 0.0155894254, 0.00424034425),
                (0.00816099102, 0.015950656, 0.00412017212),
                (0.00822077509, 0.015847107, 0.00412017212),
                (0.00826445824, 0.0157358041, 0.00412017212),
                (0.00829106466, 0.0156192338, 0.00412017212),
                (0.0129, 0.0018, 0.037),
                (-0.0129, 0.0018, 0.037),
                (0.0129, 0.0328222607, 0.037),
                (-0.0129, 0.0328222607, 0.037),
                (-0.0129, 5.98853762e-18, 0.025),
                (-0.0129, 1.63249935e-17, 0.14436467),
                (-0.0129, 2.71289673e-06, 0.14443828),
                (-0.0129, 1.08368673e-05, 0.144511491),
                (-0.0129, 2.43278327e-05, 0.144583905),
                (-0.0129, 4.31125938e-05, 0.144655129),
                (-0.0129, 6.70892284e-05, 0.144724778),
                (-0.0129, 9.6127644e-05, 0.144792473),
                (-0.0129, 0.000130070284, 0.144857846),
                (-0.0129, 0.000168732984, 0.144920544),
                (-0.0129, 0.000211905966, 0.144980225),
                (-0.0129, 0.000259354984, 0.145036567),
                (-0.0129, 0.000310822589, 0.145089263),
                (-0.0129, 0.000366029528, 0.145138028),
                (-0.0129, 0.00042467626, 0.145182596),
                (-0.0129, 0.00048644458, 0.145222727),
                (-0.0129, 0.000550999345, 0.145258202),
                (-0.0129, 0.000617990296, 0.145288829),
                (-0.0129, 0.000687053952, 0.145314441),
                (-0.0129, 0.000757815588, 0.145334901),
                (-0.0129, 0.000829891267, 0.145350096),
                (-0.0129, 0.000902889921, 0.145359944),
                (-0.0129, 0.000976415475, 0.145364392),
                (-0.0129, 0.00105006899, 0.145363416),
                (-0.0129, 0.00112345085, 0.145357021),
                (-0.0129, 0.00119616288, 0.145345242),
                (-0.0129, 0.00126781058, 0.145328142),
                (-0.0129, 0.00133800519, 0.145305815),
                (-0.0129, 0.00140636585, 0.145278381),
                (-0.0129, 0.00147252166, 0.145245989),
                (-0.0129, 0.00153611366, 0.145208816),
                (-0.0129, 0.00159679682, 0.145167063),
                (-0.0129, 0.00165424189, 0.145120956),
                (-0.0129, 0.00170813717, 0.145070745),
                (-0.0129, 0.00175819025, 0.145016704),
                (-0.0129, 0.00180412954, 0.144959124),
                (-0.0129, 0.00184570579, 0.14489832),
                (-0.0129, 0.0101751326, 0.13066884),
                (-0.0129, 0.0175384716, 0.115916259),
                (-0.0129, 0.0239030321, 0.100706071),
                (-0.0129, 0.0292405573, 0.0851058064),
                (-0.0129, 0.0335273503, 0.0691847247),
                (-0.0129, 0.0359053494, 0.0669173512),
                (-0.0129, 0.0356932352, 0.0669644042),
                (-0.0129, 0.0354850828, 0.0670266857),
                (-0.0129, 0.035281984, 0.0671038692),
                (-0.0129, 0.035085004, 0.0671955497),
                (-0.0129, 0.0348951762, 0.0673012464),
                (-0.0129, 0.034713496, 0.0674204048),
                (-0.0129, 0.0345409165, 0.0675524),
                (-0.0129, 0.034378343, 0.0676965397),
                (-0.0129, 0.034226628, 0.0678520678),
                (-0.0129, 0.0340865674, 0.0680181685),
                (-0.0129, 0.0339588958, 0.0681939706),
                (-0.0129, 0.0338442829, 0.068378552),
                (-0.0129, 0.0337433298, 0.0685709445),
                (-0.0129, 0.0336565661, 0.068770139),
                (-0.0129, 0.0335844468, 0.0689750908),
                (-0.0129, 0.0377492144, 0.0578236595),
                (-0.0129, 0.0380516142, 0.0580392361),
                (-0.0129, 0.0383371789, 0.0582766632),
                (-0.0129, 0.0386043333, 0.0585346311),
                (-0.0129, 0.0388516034, 0.0588117166),
                (-0.0129, 0.0390776252, 0.0591063911),
                (-0.0129, 0.0392811517, 0.0594170289),
                (-0.0129, 0.0394610602, 0.0597419163),
                (-0.0129, 0.0396163581, 0.060079261),
                (-0.0129, 0.0397461886, 0.060427202),
                (-0.0129, 0.0398498356, 0.0607838197),
                (-0.0129, 0.0399267272, 0.0611471468),
                (-0.0129, 0.0399764393, 0.0615151788),
                (-0.0129, 0.0399986976, 0.0618858855),
                (-0.0129, 0.0399933793, 0.0622572217),
                (-0.0129, 0.0399605138, 0.062627139),
                (-0.0129, 0.0399002823, 0.0629935964),
                (-0.0129, 0.0398130171, 0.0633545724),
                (-0.0129, 0.0396991997, 0.0637080756),
                (-0.0129, 0.039559458, 0.0640521557),
                (-0.0129, 0.0393945628, 0.0643849146),
                (-0.0129, 0.039205424, 0.0647045165),
                (-0.0129, 0.0389930848, 0.0650091982),
                (-0.0129, 0.0387587167, 0.0652972789),
                (-0.0129, 0.0385036128, 0.0655671694),
                (-0.0129, 0.0382291802, 0.0658173806),
                (-0.0129, 0.0379369331, 0.0660465323),
                (-0.0129, 0.0376284836, 0.0662533603),
                (-0.0129, 0.0373055334, 0.0664367235),
                (-0.0129, 0.0369698642, 0.0665956104),
                (-0.0129, 0.0366233277, 0.0667291444),
                (-0.0129, 0.0362678357, 0.0668365889),
                (-0.0129, 0.0364421963, 0.0548091004),
                (-0.0129, 0.0364131285, 0.0550244176),
                (-0.0129, 0.0363997207, 0.0552412738),
                (-0.0129, 0.0364020432, 0.0554585318),
                (-0.0129, 0.0364200839, 0.0556750519),
                (-0.0129, 0.0364537481, 0.0558896984),
                (-0.0129, 0.0365028593, 0.0561013455),
                (-0.0129, 0.0365671598, 0.0563088831),
                (-0.0129, 0.0366463125, 0.0565112226),
                (-0.0129, 0.036739902, 0.0567073027),
                (-0.0129, 0.0368474377, 0.0568960949),
                (-0.0129, 0.0369683553, 0.057076609),
                (-0.0129, 0.0371020206, 0.0572478982),
                (-0.0129, 0.0372477327, 0.057409064),
                (-0.0129, 0.0374047271, 0.0575592611),
                (-0.0129, 0.0375721805, 0.0576977016),
                (-0.0129, 0.0379323674, 0.0449690867),
                (-0.0129, 0.0390256635, 0.0350771109),
                (-0.0129, 0.0397203161, 0.0251491737),
                (-0.0129, 0.0397231693, 0.0249282591),
                (-0.0129, 0.0397097566, 0.0247077337),
                (-0.0129, 0.0396801509, 0.0244887933),
                (-0.0129, 0.0396345128, 0.0242726255),
                (-0.0129, 0.0395730896, 0.0240604026),
                (-0.0129, 0.0394962146, 0.0238532755),
                (-0.0129, 0.0394043047, 0.0236523678),
                (-0.0129, 0.0392978583, 0.0234587688),
                (-0.0129, 0.0391774528, 0.0232735288),
                (-0.0129, 0.0390437411, 0.0230976522),
                (-0.0129, 0.0388974486, 0.022932093),
                (-0.0129, 0.0387393685, 0.022777749),
                (-0.0129, 0.0385703582, 0.0226354574),
                (-0.0129, 0.0383913344, 0.0225059898),
                (-0.0129, 0.0382032679, 0.0223900485),
                (-0.0129, 0.0380071789, 0.0222882622),
                (-0.0129, 0.0378041306, 0.022201183),
                (-0.0129, 0.0375952245, 0.0221292831),
                (-0.0129, 0.0373815934, 0.0220729526),
                (-0.0129, 0.037164396, 0.0220324968),
                (-0.0129, 0.0369448103, 0.0220081352),
                (-0.0129, 0.0367240272, 0.022),
                (-0.0129, 0.003, 0.022),
                (-0.0129, 0.00277580972, 0.0220083886),
                (-0.0129, 0.0025528732, 0.0220335075),
                (-0.0129, 0.0023324372, 0.0220752163),
                (-0.0129, 0.00211573448, 0.0221332816),
                (-0.0129, 0.00190397693, 0.0222073788),
                (-0.0129, 0.00169834878, 0.0222970934),
                (-0.0129, 0.0015, 0.0224019238),
                (-0.0129, 0.00131003983, 0.0225212837),
                (-0.0129, 0.00112953059, 0.0226545056),
                (-0.0129, 0.000959481787, 0.0228008444),
                (-0.0129, 0.000800844385, 0.0229594818),
                (-0.0129, 0.000654505553, 0.0231295306),
                (-0.0129, 0.000521283677, 0.0233100398),
                (-0.0129, 0.000401923789, 0.0235),
                (-0.0129, 0.000297093396, 0.0236983488),
                (-0.0129, 0.000207378754, 0.0239039769),
                (-0.0129, 0.000133281583, 0.0241157345),
                (-0.0129, 7.52162635e-05, 0.0243324372),
                (-0.0129, 3.35075213e-05, 0.0245528732),
                (-0.0129, 8.38860846e-06, 0.0247758097),
                (-0.0129, 0.035, 0.064),
                (-0.0129, 0.0351494602, 0.0639944076),
                (-0.0129, 0.0352980845, 0.0639776617),
                (-0.0129, 0.0354450419, 0.0639498558),
                (-0.0129, 0.0355895103, 0.0639111456),
                (-0.0129, 0.035730682, 0.0638617475),
                (-0.0129, 0.0358677675, 0.0638019377),
                (-0.0129, 0.036, 0.0637320508),
                (-0.0129, 0.0361266401, 0.0636524775),
                (-0.0129, 0.0362469796, 0.063563663),
                (-0.0129, 0.0363603455, 0.0634661037),
                (-0.0129, 0.0364661037, 0.0633603455),
                (-0.0129, 0.036563663, 0.0632469796),
                (-0.0129, 0.0366524775, 0.0631266401),
                (-0.0129, 0.0367320508, 0.063),
                (-0.0129, 0.0368019377, 0.0628677675),
                (-0.0129, 0.0368617475, 0.062730682),
                (-0.0129, 0.0369111456, 0.0625895103),
                (-0.0129, 0.0369498558, 0.0624450419),
                (-0.0129, 0.0369776617, 0.0622980845),
                (-0.0129, 0.0369944076, 0.0621494602),
                (-0.0129, 0.037, 0.062),
                (-0.0129, 0.0369944076, 0.0618505398),
                (-0.0129, 0.0369776617, 0.0617019155),
                (-0.0129, 0.0369498558, 0.0615549581),
                (-0.0129, 0.0369111456, 0.0614104897),
                (-0.0129, 0.0368617475, 0.061269318),
                (-0.0129, 0.0368019377, 0.0611322325),
                (-0.0129, 0.0367320508, 0.061),
                (-0.0129, 0.0366524775, 0.0608733599),
                (-0.0129, 0.036563663, 0.0607530204),
                (-0.0129, 0.0364661037, 0.0606396545),
                (-0.0129, 0.0363603455, 0.0605338963),
                (-0.0129, 0.0362469796, 0.060436337),
                (-0.0129, 0.0361266401, 0.0603475225),
                (-0.0129, 0.036, 0.0602679492),
                (-0.0129, 0.0358677675, 0.0601980623),
                (-0.0129, 0.035730682, 0.0601382525),
                (-0.0129, 0.0355895103, 0.0600888544),
                (-0.0129, 0.0354450419, 0.0600501442),
                (-0.0129, 0.0352980845, 0.0600223383),
                (-0.0129, 0.0351494602, 0.0600055924),
                (-0.0129, 0.035, 0.06),
                (-0.0129, 0.0348505398, 0.0600055924),
                (-0.0129, 0.0347019155, 0.0600223383),
                (-0.0129, 0.0345549581, 0.0600501442),
                (-0.0129, 0.0344104897, 0.0600888544),
                (-0.0129, 0.034269318, 0.0601382525),
                (-0.0129, 0.0341322325, 0.0601980623),
                (-0.0129, 0.034, 0.0602679492),
                (-0.0129, 0.0338733599, 0.0603475225),
                (-0.0129, 0.0337530204, 0.060436337),
                (-0.0129, 0.0336396545, 0.0605338963),
                (-0.0129, 0.0335338963, 0.0606396545),
                (-0.0129, 0.033436337, 0.0607530204),
                (-0.0129, 0.0333475225, 0.0608733599),
                (-0.0129, 0.0332679492, 0.061),
                (-0.0129, 0.0331980623, 0.0611322325),
                (-0.0129, 0.0331382525, 0.061269318),
                (-0.0129, 0.0330888544, 0.0614104897),
                (-0.0129, 0.0330501442, 0.0615549581),
                (-0.0129, 0.0330223383, 0.0617019155),
                (-0.0129, 0.0330055924, 0.0618505398),
                (-0.0129, 0.033, 0.062),
                (-0.0129, 0.0330055924, 0.0621494602),
                (-0.0129, 0.0330223383, 0.0622980845),
                (-0.0129, 0.0330501442, 0.0624450419),
                (-0.0129, 0.0330888544, 0.0625895103),
                (-0.0129, 0.0331382525, 0.062730682),
                (-0.0129, 0.0331980623, 0.0628677675),
                (-0.0129, 0.0332679492, 0.063),
                (-0.0129, 0.0333475225, 0.0631266401),
                (-0.0129, 0.033436337, 0.0632469796),
                (-0.0129, 0.0335338963, 0.0633603455),
                (-0.0129, 0.0336396545, 0.0634661037),
                (-0.0129, 0.0337530204, 0.063563663),
                (-0.0129, 0.0338733599, 0.0636524775),
                (-0.0129, 0.034, 0.0637320508),
                (-0.0129, 0.0341322325, 0.0638019377),
                (-0.0129, 0.034269318, 0.0638617475),
                (-0.0129, 0.0344104897, 0.0639111456),
                (-0.0129, 0.0345549581, 0.0639498558),
                (-0.0129, 0.0347019155, 0.0639776617),
                (-0.0129, 0.0348505398, 0.0639944076),
                (-0.0129, 0.005, 0.029),
                (-0.0129, 0.00514946019, 0.0289944076),
                (-0.0129, 0.00529808453, 0.0289776617),
                (-0.0129, 0.00544504187, 0.0289498558),
                (-0.0129, 0.00558951035, 0.0289111456),
                (-0.0129, 0.00573068205, 0.0288617475),
                (-0.0129, 0.00586776748, 0.0288019377),
                (-0.0129, 0.006, 0.0287320508),
                (-0.0129, 0.00612664012, 0.0286524775),
                (-0.0129, 0.0062469796, 0.028563663),
                (-0.0129, 0.00636034548, 0.0284661037),
                (-0.0129, 0.00646610374, 0.0283603455),
                (-0.0129, 0.00656366296, 0.0282469796),
                (-0.0129, 0.00665247755, 0.0281266401),
                (-0.0129, 0.00673205081, 0.028),
                (-0.0129, 0.00680193774, 0.0278677675),
                (-0.0129, 0.0068617475, 0.027730682),
                (-0.0129, 0.00691114561, 0.0275895103),
                (-0.0129, 0.00694985582, 0.0274450419),
                (-0.0129, 0.00697766165, 0.0272980845),
                (-0.0129, 0.00699440759, 0.0271494602),
                (-0.0129, 0.007, 0.027),
                (-0.0129, 0.00699440759, 0.0268505398),
                (-0.0129, 0.00697766165, 0.0267019155),
                (-0.0129, 0.00694985582, 0.0265549581),
                (-0.0129, 0.00691114561, 0.0264104897),
                (-0.0129, 0.0068617475, 0.026269318),
                (-0.0129, 0.00680193774, 0.0261322325),
                (-0.0129, 0.00673205081, 0.026),
                (-0.0129, 0.00665247755, 0.0258733599),
                (-0.0129, 0.00656366296, 0.0257530204),
                (-0.0129, 0.00646610374, 0.0256396545),
                (-0.0129, 0.00636034548, 0.0255338963),
                (-0.0129, 0.0062469796, 0.025436337),
                (-0.0129, 0.00612664012, 0.0253475225),
                (-0.0129, 0.006, 0.0252679492),
                (-0.0129, 0.00586776748, 0.0251980623),
                (-0.0129, 0.00573068205, 0.0251382525),
                (-0.0129, 0.00558951035, 0.0250888544),
                (-0.0129, 0.00544504187, 0.0250501442),
                (-0.0129, 0.00529808453, 0.0250223383),
                (-0.0129, 0.00514946019, 0.0250055924),
                (-0.0129, 0.005, 0.025),
                (-0.0129, 0.00485053981, 0.0250055924),
                (-0.0129, 0.00470191547, 0.0250223383),
                (-0.0129, 0.00455495813, 0.0250501442),
                (-0.0129, 0.00441048965, 0.0250888544),
                (-0.0129, 0.00426931795, 0.0251382525),
                (-0.0129, 0.00413223252, 0.0251980623),
                (-0.0129, 0.004, 0.0252679492),
                (-0.0129, 0.00387335988, 0.0253475225),
                (-0.0129, 0.0037530204, 0.025436337),
                (-0.0129, 0.00363965452, 0.0255338963),
                (-0.0129, 0.00353389626, 0.0256396545),
                (-0.0129, 0.00343633704, 0.0257530204),
                (-0.0129, 0.00334752245, 0.0258733599),
                (-0.0129, 0.00326794919, 0.026),
                (-0.0129, 0.00319806226, 0.0261322325),
                (-0.0129, 0.0031382525, 0.026269318),
                (-0.0129, 0.00308885439, 0.0264104897),
                (-0.0129, 0.00305014418, 0.0265549581),
                (-0.0129, 0.00302233835, 0.0267019155),
                (-0.0129, 0.00300559241, 0.0268505398),
                (-0.0129, 0.003, 0.027),
                (-0.0129, 0.00300559241, 0.0271494602),
                (-0.0129, 0.00302233835, 0.0272980845),
                (-0.0129, 0.00305014418, 0.0274450419),
                (-0.0129, 0.00308885439, 0.0275895103),
                (-0.0129, 0.0031382525, 0.027730682),
                (-0.0129, 0.00319806226, 0.0278677675),
                (-0.0129, 0.00326794919, 0.028),
                (-0.0129, 0.00334752245, 0.0281266401),
                (-0.0129, 0.00343633704, 0.0282469796),
                (-0.0129, 0.00353389626, 0.0283603455),
                (-0.0129, 0.00363965452, 0.0284661037),
                (-0.0129, 0.0037530204, 0.028563663),
                (-0.0129, 0.00387335988, 0.0286524775),
                (-0.0129, 0.004, 0.0287320508),
                (-0.0129, 0.00413223252, 0.0288019377),
                (-0.0129, 0.00426931795, 0.0288617475),
                (-0.0129, 0.00441048965, 0.0289111456),
                (-0.0129, 0.00455495813, 0.0289498558),
                (-0.0129, 0.00470191547, 0.0289776617),
                (-0.0129, 0.00485053981, 0.0289944076),
                (-0.0129, 0.035, 0.029),
                (-0.0129, 0.0351494602, 0.0289944076),
                (-0.0129, 0.0352980845, 0.0289776617),
                (-0.0129, 0.0354450419, 0.0289498558),
                (-0.0129, 0.0355895103, 0.0289111456),
                (-0.0129, 0.035730682, 0.0288617475),
                (-0.0129, 0.0358677675, 0.0288019377),
                (-0.0129, 0.036, 0.0287320508),
                (-0.0129, 0.0361266401, 0.0286524775),
                (-0.0129, 0.0362469796, 0.028563663),
                (-0.0129, 0.0363603455, 0.0284661037),
                (-0.0129, 0.0364661037, 0.0283603455),
                (-0.0129, 0.036563663, 0.0282469796),
                (-0.0129, 0.0366524775, 0.0281266401),
                (-0.0129, 0.0367320508, 0.028),
                (-0.0129, 0.0368019377, 0.0278677675),
                (-0.0129, 0.0368617475, 0.027730682),
                (-0.0129, 0.0369111456, 0.0275895103),
                (-0.0129, 0.0369498558, 0.0274450419),
                (-0.0129, 0.0369776617, 0.0272980845),
                (-0.0129, 0.0369944076, 0.0271494602),
                (-0.0129, 0.037, 0.027),
                (-0.0129, 0.0369944076, 0.0268505398),
                (-0.0129, 0.0369776617, 0.0267019155),
                (-0.0129, 0.0369498558, 0.0265549581),
                (-0.0129, 0.0369111456, 0.0264104897),
                (-0.0129, 0.0368617475, 0.026269318),
                (-0.0129, 0.0368019377, 0.0261322325),
                (-0.0129, 0.0367320508, 0.026),
                (-0.0129, 0.0366524775, 0.0258733599),
                (-0.0129, 0.036563663, 0.0257530204),
                (-0.0129, 0.0364661037, 0.0256396545),
                (-0.0129, 0.0363603455, 0.0255338963),
                (-0.0129, 0.0362469796, 0.025436337),
                (-0.0129, 0.0361266401, 0.0253475225),
                (-0.0129, 0.036, 0.0252679492),
                (-0.0129, 0.0358677675, 0.0251980623),
                (-0.0129, 0.035730682, 0.0251382525),
                (-0.0129, 0.0355895103, 0.0250888544),
                (-0.0129, 0.0354450419, 0.0250501442),
                (-0.0129, 0.0352980845, 0.0250223383),
                (-0.0129, 0.0351494602, 0.0250055924),
                (-0.0129, 0.035, 0.025),
                (-0.0129, 0.0348505398, 0.0250055924),
                (-0.0129, 0.0347019155, 0.0250223383),
                (-0.0129, 0.0345549581, 0.0250501442),
                (-0.0129, 0.0344104897, 0.0250888544),
                (-0.0129, 0.034269318, 0.0251382525),
                (-0.0129, 0.0341322325, 0.0251980623),
                (-0.0129, 0.034, 0.0252679492),
                (-0.0129, 0.0338733599, 0.0253475225),
                (-0.0129, 0.0337530204, 0.025436337),
                (-0.0129, 0.0336396545, 0.0255338963),
                (-0.0129, 0.0335338963, 0.0256396545),
                (-0.0129, 0.033436337, 0.0257530204),
                (-0.0129, 0.0333475225, 0.0258733599),
                (-0.0129, 0.0332679492, 0.026),
                (-0.0129, 0.0331980623, 0.0261322325),
                (-0.0129, 0.0331382525, 0.026269318),
                (-0.0129, 0.0330888544, 0.0264104897),
                (-0.0129, 0.0330501442, 0.0265549581),
                (-0.0129, 0.0330223383, 0.0267019155),
                (-0.0129, 0.0330055924, 0.0268505398),
                (-0.0129, 0.033, 0.027),
                (-0.0129, 0.0330055924, 0.0271494602),
                (-0.0129, 0.0330223383, 0.0272980845),
                (-0.0129, 0.0330501442, 0.0274450419),
                (-0.0129, 0.0330888544, 0.0275895103),
                (-0.0129, 0.0331382525, 0.027730682),
                (-0.0129, 0.0331980623, 0.0278677675),
                (-0.0129, 0.0332679492, 0.028),
                (-0.0129, 0.0333475225, 0.0281266401),
                (-0.0129, 0.033436337, 0.0282469796),
                (-0.0129, 0.0335338963, 0.0283603455),
                (-0.0129, 0.0336396545, 0.0284661037),
                (-0.0129, 0.0337530204, 0.028563663),
                (-0.0129, 0.0338733599, 0.0286524775),
                (-0.0129, 0.034, 0.0287320508),
                (-0.0129, 0.0341322325, 0.0288019377),
                (-0.0129, 0.034269318, 0.0288617475),
                (-0.0129, 0.0344104897, 0.0289111456),
                (-0.0129, 0.0345549581, 0.0289498558),
                (-0.0129, 0.0347019155, 0.0289776617),
                (-0.0129, 0.0348505398, 0.0289944076),
                (-0.0129, 0.0330229013, 0.035),
                (-0.0129, 0.0331180163, 0.0340003152),
                (-0.0129, 0.0332097163, 0.0330003113),
                (-0.0129, 0.033298, 0.032),
                (-0.0129, 0.0018, 0.035),
                (-0.0129, 0.0018, 0.032),
                (-0.0129, 0.0323512011, 0.0412394824),
                (-0.0129, 0.0325150548, 0.0398270865),
                (-0.0129, 0.0326720759, 0.0384139147),
                (-0.0129, 0.0018, 0.0389500715),
                (-0.0129, 0.0321088975, 0.0432269326),
                (-0.0129, 0.0018, 0.0409556791),
                (-0.0129, 0.0315512878, 0.0474288735),
                (-0.0129, 0.0317438884, 0.0460291252),
                (-0.0129, 0.0319297597, 0.0446284674),
                (-0.0129, 0.0018, 0.0429447569),
                (-0.0129, 0.0312671605, 0.0494086388),
                (-0.0129, 0.0018, 0.0449673459),
                (-0.0129, 0.0306188381, 0.0536081689),
                (-0.0129, 0.030841689, 0.0522093721),
                (-0.0129, 0.0310577981, 0.0508095179),
                (-0.0129, 0.0018, 0.0470307091),
                (-0.0129, 0.030292092, 0.0555850239),
                (-0.0129, 0.0018, 0.0490821389),
                (-0.0129, 0.0295459316, 0.0598170087),
                (-0.0129, 0.0298015238, 0.0584075645),
                (-0.0129, 0.0300502459, 0.0569968917),
                (-0.0129, 0.0018, 0.051258859),
                (-0.0129, 0.0291751376, 0.0617956167),
                (-0.0129, 0.0018, 0.0533518373),
                (-0.0129, 0.0283208443, 0.0660953333),
                (-0.0129, 0.0286127312, 0.0646635157),
                (-0.0129, 0.028897498, 0.063230265),
                (-0.0129, 0.0018, 0.0556870929),
                (-0.0129, 0.0279039264, 0.0680802192),
                (-0.0129, 0.0018, 0.0578356003),
                (-0.0129, 0.0269276697, 0.0724840154),
                (-0.0129, 0.0272605946, 0.071017754),
                (-0.0129, 0.0275860163, 0.0695498091),
                (-0.0129, 0.0018, 0.0603836819),
                (-0.0129, 0.0264618788, 0.0744795266),
                (-0.0129, 0.0018, 0.0626034967),
                (-0.0129, 0.025345753, 0.0790254625),
                (-0.0129, 0.0257258354, 0.0775121322),
                (-0.0129, 0.0260978808, 0.075996806),
                (-0.0129, 0.0018, 0.0654319244),
                (-0.0129, 0.0248276296, 0.0810357124),
                (-0.0129, 0.0018, 0.0677412997),
                (-0.0129, 0.0235489152, 0.0857641751),
                (-0.0129, 0.0239839047, 0.0841903962),
                (-0.0129, 0.0244101472, 0.0826142257),
                (-0.0129, 0.0018, 0.0709367218),
                (-0.0129, 0.022974243, 0.08779296),
                (-0.0129, 0.0018, 0.073357293),
                (-0.0129, 0.0215044372, 0.0927472278),
                (-0.0129, 0.0220040457, 0.0910986853),
                (-0.0129, 0.0224939865, 0.0894472438),
                (-0.0129, 0.0018, 0.0770342672),
                (-0.0129, 0.0208681911, 0.0947979096),
                (-0.0129, 0.0018, 0.0795923124),
                (-0.0129, 0.0191715115, 0.100025394),
                (-0.0129, 0.0197479258, 0.0982864348),
                (-0.0129, 0.020313493, 0.0965439174),
                (-0.0129, 0.0018, 0.0839076318),
                (-0.0129, 0.0187508573, 0.101272061),
                (-0.0129, 0.0018, 0.0855445935),
                (-0.0129, 0.0166852678, 0.107144052),
                (-0.0129, 0.0173876061, 0.105191597),
                (-0.0129, 0.0180761474, 0.103234235),
                (-0.0129, 0.0018, 0.0913793644),
                (-0.0129, 0.0162239707, 0.108403407),
                (-0.0129, 0.0018, 0.0931272707),
                (-0.0129, 0.0138664139, 0.114579675),
                (-0.0129, 0.0146676905, 0.112526829),
                (-0.0129, 0.0154535574, 0.110468035),
                (-0.0129, 0.0018, 0.0999778082),
                (-0.0129, 0.0133609433, 0.115851803),
                (-0.0129, 0.0018, 0.101861618),
                (-0.0129, 0.01066222, 0.122370031),
                (-0.0129, 0.0115791645, 0.120204507),
                (-0.0129, 0.0124787581, 0.118031718),
                (-0.0129, 0.0018, 0.110073894),
                (-0.0129, 0.0101087014, 0.123654386),
                (-0.0129, 0.0018, 0.112126243),
                (-0.0129, 0.0070103401, 0.130552493),
                (-0.0129, 0.00806282939, 0.128262007),
                (-0.0129, 0.00909564179, 0.125962582),
                (-0.0129, 0.0018, 0.122212262),
                (-0.0129, 0.00640459298, 0.131847744),
                (-0.0129, 0.0018, 0.124477138),
                (-0.0129, 0.0018, 0.141197718),
                (-0.0129, 0.00337165988, 0.138099271),
                (-0.0129, 0.00490659566, 0.134982468),
                (0.0129, 0.0359053494, 0.0669173512),
                (0.0129, 0.0356932352, 0.0669644042),
                (0.0129, 0.0354850828, 0.0670266857),
                (0.0129, 0.035281984, 0.0671038692),
                (0.0129, 0.035085004, 0.0671955497),
                (0.0129, 0.0348951762, 0.0673012464),
                (0.0129, 0.034713496, 0.0674204048),
                (0.0129, 0.0345409165, 0.0675524),
                (0.0129, 0.034378343, 0.0676965397),
                (0.0129, 0.034226628, 0.0678520678),
                (0.0129, 0.0340865674, 0.0680181685),
                (0.0129, 0.0339588958, 0.0681939706),
                (0.0129, 0.0338442829, 0.068378552),
                (0.0129, 0.0337433298, 0.0685709445),
                (0.0129, 0.0336565661, 0.068770139),
                (0.0129, 0.0335844468, 0.0689750908),
                (0.0129, 0.0335273503, 0.0691847247),
                (0.0129, 0.0377492144, 0.0578236595),
                (0.0129, 0.0380516142, 0.0580392361),
                (0.0129, 0.0383371789, 0.0582766632),
                (0.0129, 0.0386043333, 0.0585346311),
                (0.0129, 0.0388516034, 0.0588117166),
                (0.0129, 0.0390776252, 0.0591063911),
                (0.0129, 0.0392811517, 0.0594170289),
                (0.0129, 0.0394610602, 0.0597419163),
                (0.0129, 0.0396163581, 0.060079261),
                (0.0129, 0.0397461886, 0.060427202),
                (0.0129, 0.0398498356, 0.0607838197),
                (0.0129, 0.0399267272, 0.0611471468),
                (0.0129, 0.0399764393, 0.0615151788),
                (0.0129, 0.0399986976, 0.0618858855),
                (0.0129, 0.0399933793, 0.0622572217),
                (0.0129, 0.0399605138, 0.062627139),
                (0.0129, 0.0399002823, 0.0629935964),
                (0.0129, 0.0398130171, 0.0633545724),
                (0.0129, 0.0396991997, 0.0637080756),
                (0.0129, 0.039559458, 0.0640521557),
                (0.0129, 0.0393945628, 0.0643849146),
                (0.0129, 0.039205424, 0.0647045165),
                (0.0129, 0.0389930848, 0.0650091982),
                (0.0129, 0.0387587167, 0.0652972789),
                (0.0129, 0.0385036128, 0.0655671694),
                (0.0129, 0.0382291802, 0.0658173806),
                (0.0129, 0.0379369331, 0.0660465323),
                (0.0129, 0.0376284836, 0.0662533603),
                (0.0129, 0.0373055334, 0.0664367235),
                (0.0129, 0.0369698642, 0.0665956104),
                (0.0129, 0.0366233277, 0.0667291444),
                (0.0129, 0.0362678357, 0.0668365889),
                (0.0129, 0.0364421963, 0.0548091004),
                (0.0129, 0.0364131285, 0.0550244176),
                (0.0129, 0.0363997207, 0.0552412738),
                (0.0129, 0.0364020432, 0.0554585318),
                (0.0129, 0.0364200839, 0.0556750519),
                (0.0129, 0.0364537481, 0.0558896984),
                (0.0129, 0.0365028593, 0.0561013455),
                (0.0129, 0.0365671598, 0.0563088831),
                (0.0129, 0.0366463125, 0.0565112226),
                (0.0129, 0.036739902, 0.0567073027),
                (0.0129, 0.0368474377, 0.0568960949),
                (0.0129, 0.0369683553, 0.057076609),
                (0.0129, 0.0371020206, 0.0572478982),
                (0.0129, 0.0372477327, 0.057409064),
                (0.0129, 0.0374047271, 0.0575592611),
                (0.0129, 0.0375721805, 0.0576977016),
                (0.0129, 0.0379323674, 0.0449690867),
                (0.0129, 0.0390256635, 0.0350771109),
                (0.0129, 0.0397203161, 0.0251491737),
                (0.0129, 0.0397231693, 0.0249282591),
                (0.0129, 0.0397097566, 0.0247077337),
                (0.0129, 0.0396801509, 0.0244887933),
                (0.0129, 0.0396345128, 0.0242726255),
                (0.0129, 0.0395730896, 0.0240604026),
                (0.0129, 0.0394962146, 0.0238532755),
                (0.0129, 0.0394043047, 0.0236523678),
                (0.0129, 0.0392978583, 0.0234587688),
                (0.0129, 0.0391774528, 0.0232735288),
                (0.0129, 0.0390437411, 0.0230976522),
                (0.0129, 0.0388974486, 0.022932093),
                (0.0129, 0.0387393685, 0.022777749),
                (0.0129, 0.0385703582, 0.0226354574),
                (0.0129, 0.0383913344, 0.0225059898),
                (0.0129, 0.0382032679, 0.0223900485),
                (0.0129, 0.0380071789, 0.0222882622),
                (0.0129, 0.0378041306, 0.022201183),
                (0.0129, 0.0375952245, 0.0221292831),
                (0.0129, 0.0373815934, 0.0220729526),
                (0.0129, 0.037164396, 0.0220324968),
                (0.0129, 0.0369448103, 0.0220081352),
                (0.0129, 0.0367240272, 0.022),
                (0.0129, 0.003, 0.022),
                (0.0129, 0.00277580972, 0.0220083886),
                (0.0129, 0.0025528732, 0.0220335075),
                (0.0129, 0.0023324372, 0.0220752163),
                (0.0129, 0.00211573448, 0.0221332816),
                (0.0129, 0.00190397693, 0.0222073788),
                (0.0129, 0.00169834878, 0.0222970934),
                (0.0129, 0.0015, 0.0224019238),
                (0.0129, 0.00131003983, 0.0225212837),
                (0.0129, 0.00112953059, 0.0226545056),
                (0.0129, 0.000959481787, 0.0228008444),
                (0.0129, 0.000800844385, 0.0229594818),
                (0.0129, 0.000654505553, 0.0231295306),
                (0.0129, 0.000521283677, 0.0233100398),
                (0.0129, 0.000401923789, 0.0235),
                (0.0129, 0.000297093396, 0.0236983488),
                (0.0129, 0.000207378754, 0.0239039769),
                (0.0129, 0.000133281583, 0.0241157345),
                (0.0129, 7.52162635e-05, 0.0243324372),
                (0.0129, 3.35075213e-05, 0.0245528732),
                (0.0129, 8.38860846e-06, 0.0247758097),
                (0.0129, 2.59786817e-19, 0.025),
                (0.0129, 1.05962427e-17, 0.14436467),
                (0.0129, 2.71289673e-06, 0.14443828),
                (0.0129, 1.08368673e-05, 0.144511491),
                (0.0129, 2.43278327e-05, 0.144583905),
                (0.0129, 4.31125938e-05, 0.144655129),
                (0.0129, 6.70892284e-05, 0.144724778),
                (0.0129, 9.6127644e-05, 0.144792473),
                (0.0129, 0.000130070284, 0.144857846),
                (0.0129, 0.000168732984, 0.144920544),
                (0.0129, 0.000211905966, 0.144980225),
                (0.0129, 0.000259354984, 0.145036567),
                (0.0129, 0.000310822589, 0.145089263),
                (0.0129, 0.000366029528, 0.145138028),
                (0.0129, 0.00042467626, 0.145182596),
                (0.0129, 0.00048644458, 0.145222727),
                (0.0129, 0.000550999345, 0.145258202),
                (0.0129, 0.000617990296, 0.145288829),
                (0.0129, 0.000687053952, 0.145314441),
                (0.0129, 0.000757815588, 0.145334901),
                (0.0129, 0.000829891267, 0.145350096),
                (0.0129, 0.000902889921, 0.145359944),
                (0.0129, 0.000976415475, 0.145364392),
                (0.0129, 0.00105006899, 0.145363416),
                (0.0129, 0.00112345085, 0.145357021),
                (0.0129, 0.00119616288, 0.145345242),
                (0.0129, 0.00126781058, 0.145328142),
                (0.0129, 0.00133800519, 0.145305815),
                (0.0129, 0.00140636585, 0.145278381),
                (0.0129, 0.00147252166, 0.145245989),
                (0.0129, 0.00153611366, 0.145208816),
                (0.0129, 0.00159679682, 0.145167063),
                (0.0129, 0.00165424189, 0.145120956),
                (0.0129, 0.00170813717, 0.145070745),
                (0.0129, 0.00175819025, 0.145016704),
                (0.0129, 0.00180412954, 0.144959124),
                (0.0129, 0.00184570579, 0.14489832),
                (0.0129, 0.0101751326, 0.13066884),
                (0.0129, 0.0175384716, 0.115916259),
                (0.0129, 0.0239030321, 0.100706071),
                (0.0129, 0.0292405573, 0.0851058064),
                (0.0129, 0.035, 0.064),
                (0.0129, 0.0351494602, 0.0639944076),
                (0.0129, 0.0352980845, 0.0639776617),
                (0.0129, 0.0354450419, 0.0639498558),
                (0.0129, 0.0355895103, 0.0639111456),
                (0.0129, 0.035730682, 0.0638617475),
                (0.0129, 0.0358677675, 0.0638019377),
                (0.0129, 0.036, 0.0637320508),
                (0.0129, 0.0361266401, 0.0636524775),
                (0.0129, 0.0362469796, 0.063563663),
                (0.0129, 0.0363603455, 0.0634661037),
                (0.0129, 0.0364661037, 0.0633603455),
                (0.0129, 0.036563663, 0.0632469796),
                (0.0129, 0.0366524775, 0.0631266401),
                (0.0129, 0.0367320508, 0.063),
                (0.0129, 0.0368019377, 0.0628677675),
                (0.0129, 0.0368617475, 0.062730682),
                (0.0129, 0.0369111456, 0.0625895103),
                (0.0129, 0.0369498558, 0.0624450419),
                (0.0129, 0.0369776617, 0.0622980845),
                (0.0129, 0.0369944076, 0.0621494602),
                (0.0129, 0.037, 0.062),
                (0.0129, 0.0369944076, 0.0618505398),
                (0.0129, 0.0369776617, 0.0617019155),
                (0.0129, 0.0369498558, 0.0615549581),
                (0.0129, 0.0369111456, 0.0614104897),
                (0.0129, 0.0368617475, 0.061269318),
                (0.0129, 0.0368019377, 0.0611322325),
                (0.0129, 0.0367320508, 0.061),
                (0.0129, 0.0366524775, 0.0608733599),
                (0.0129, 0.036563663, 0.0607530204),
                (0.0129, 0.0364661037, 0.0606396545),
                (0.0129, 0.0363603455, 0.0605338963),
                (0.0129, 0.0362469796, 0.060436337),
                (0.0129, 0.0361266401, 0.0603475225),
                (0.0129, 0.036, 0.0602679492),
                (0.0129, 0.0358677675, 0.0601980623),
                (0.0129, 0.035730682, 0.0601382525),
                (0.0129, 0.0355895103, 0.0600888544),
                (0.0129, 0.0354450419, 0.0600501442),
                (0.0129, 0.0352980845, 0.0600223383),
                (0.0129, 0.0351494602, 0.0600055924),
                (0.0129, 0.035, 0.06),
                (0.0129, 0.0348505398, 0.0600055924),
                (0.0129, 0.0347019155, 0.0600223383),
                (0.0129, 0.0345549581, 0.0600501442),
                (0.0129, 0.0344104897, 0.0600888544),
                (0.0129, 0.034269318, 0.0601382525),
                (0.0129, 0.0341322325, 0.0601980623),
                (0.0129, 0.034, 0.0602679492),
                (0.0129, 0.0338733599, 0.0603475225),
                (0.0129, 0.0337530204, 0.060436337),
                (0.0129, 0.0336396545, 0.0605338963),
                (0.0129, 0.0335338963, 0.0606396545),
                (0.0129, 0.033436337, 0.0607530204),
                (0.0129, 0.0333475225, 0.0608733599),
                (0.0129, 0.0332679492, 0.061),
                (0.0129, 0.0331980623, 0.0611322325),
                (0.0129, 0.0331382525, 0.061269318),
                (0.0129, 0.0330888544, 0.0614104897),
                (0.0129, 0.0330501442, 0.0615549581),
                (0.0129, 0.0330223383, 0.0617019155),
                (0.0129, 0.0330055924, 0.0618505398),
                (0.0129, 0.033, 0.062),
                (0.0129, 0.0330055924, 0.0621494602),
                (0.0129, 0.0330223383, 0.0622980845),
                (0.0129, 0.0330501442, 0.0624450419),
                (0.0129, 0.0330888544, 0.0625895103),
                (0.0129, 0.0331382525, 0.062730682),
                (0.0129, 0.0331980623, 0.0628677675),
                (0.0129, 0.0332679492, 0.063),
                (0.0129, 0.0333475225, 0.0631266401),
                (0.0129, 0.033436337, 0.0632469796),
                (0.0129, 0.0335338963, 0.0633603455),
                (0.0129, 0.0336396545, 0.0634661037),
                (0.0129, 0.0337530204, 0.063563663),
                (0.0129, 0.0338733599, 0.0636524775),
                (0.0129, 0.034, 0.0637320508),
                (0.0129, 0.0341322325, 0.0638019377),
                (0.0129, 0.034269318, 0.0638617475),
                (0.0129, 0.0344104897, 0.0639111456),
                (0.0129, 0.0345549581, 0.0639498558),
                (0.0129, 0.0347019155, 0.0639776617),
                (0.0129, 0.0348505398, 0.0639944076),
                (0.0129, 0.005, 0.029),
                (0.0129, 0.00514946019, 0.0289944076),
                (0.0129, 0.00529808453, 0.0289776617),
                (0.0129, 0.00544504187, 0.0289498558),
                (0.0129, 0.00558951035, 0.0289111456),
                (0.0129, 0.00573068205, 0.0288617475),
                (0.0129, 0.00586776748, 0.0288019377),
                (0.0129, 0.006, 0.0287320508),
                (0.0129, 0.00612664012, 0.0286524775),
                (0.0129, 0.0062469796, 0.028563663),
                (0.0129, 0.00636034548, 0.0284661037),
                (0.0129, 0.00646610374, 0.0283603455),
                (0.0129, 0.00656366296, 0.0282469796),
                (0.0129, 0.00665247755, 0.0281266401),
                (0.0129, 0.00673205081, 0.028),
                (0.0129, 0.00680193774, 0.0278677675),
                (0.0129, 0.0068617475, 0.027730682),
                (0.0129, 0.00691114561, 0.0275895103),
                (0.0129, 0.00694985582, 0.0274450419),
                (0.0129, 0.00697766165, 0.0272980845),
                (0.0129, 0.00699440759, 0.0271494602),
                (0.0129, 0.007, 0.027),
                (0.0129, 0.00699440759, 0.0268505398),
                (0.0129, 0.00697766165, 0.0267019155),
                (0.0129, 0.00694985582, 0.0265549581),
                (0.0129, 0.00691114561, 0.0264104897),
                (0.0129, 0.0068617475, 0.026269318),
                (0.0129, 0.00680193774, 0.0261322325),
                (0.0129, 0.00673205081, 0.026),
                (0.0129, 0.00665247755, 0.0258733599),
                (0.0129, 0.00656366296, 0.0257530204),
                (0.0129, 0.00646610374, 0.0256396545),
                (0.0129, 0.00636034548, 0.0255338963),
                (0.0129, 0.0062469796, 0.025436337),
                (0.0129, 0.00612664012, 0.0253475225),
                (0.0129, 0.006, 0.0252679492),
                (0.0129, 0.00586776748, 0.0251980623),
                (0.0129, 0.00573068205, 0.0251382525),
                (0.0129, 0.00558951035, 0.0250888544),
                (0.0129, 0.00544504187, 0.0250501442),
                (0.0129, 0.00529808453, 0.0250223383),
                (0.0129, 0.00514946019, 0.0250055924),
                (0.0129, 0.005, 0.025),
                (0.0129, 0.00485053981, 0.0250055924),
                (0.0129, 0.00470191547, 0.0250223383),
                (0.0129, 0.00455495813, 0.0250501442),
                (0.0129, 0.00441048965, 0.0250888544),
                (0.0129, 0.00426931795, 0.0251382525),
                (0.0129, 0.00413223252, 0.0251980623),
                (0.0129, 0.004, 0.0252679492),
                (0.0129, 0.00387335988, 0.0253475225),
                (0.0129, 0.0037530204, 0.025436337),
                (0.0129, 0.00363965452, 0.0255338963),
                (0.0129, 0.00353389626, 0.0256396545),
                (0.0129, 0.00343633704, 0.0257530204),
                (0.0129, 0.00334752245, 0.0258733599),
                (0.0129, 0.00326794919, 0.026),
                (0.0129, 0.00319806226, 0.0261322325),
                (0.0129, 0.0031382525, 0.026269318),
                (0.0129, 0.00308885439, 0.0264104897),
                (0.0129, 0.00305014418, 0.0265549581),
                (0.0129, 0.00302233835, 0.0267019155),
                (0.0129, 0.00300559241, 0.0268505398),
                (0.0129, 0.003, 0.027),
                (0.0129, 0.00300559241, 0.0271494602),
                (0.0129, 0.00302233835, 0.0272980845),
                (0.0129, 0.00305014418, 0.0274450419),
                (0.0129, 0.00308885439, 0.0275895103),
                (0.0129, 0.0031382525, 0.027730682),
                (0.0129, 0.00319806226, 0.0278677675),
                (0.0129, 0.00326794919, 0.028),
                (0.0129, 0.00334752245, 0.0281266401),
                (0.0129, 0.00343633704, 0.0282469796),
                (0.0129, 0.00353389626, 0.0283603455),
                (0.0129, 0.00363965452, 0.0284661037),
                (0.0129, 0.0037530204, 0.028563663),
                (0.0129, 0.00387335988, 0.0286524775),
                (0.0129, 0.004, 0.0287320508),
                (0.0129, 0.00413223252, 0.0288019377),
                (0.0129, 0.00426931795, 0.0288617475),
                (0.0129, 0.00441048965, 0.0289111456),
                (0.0129, 0.00455495813, 0.0289498558),
                (0.0129, 0.00470191547, 0.0289776617),
                (0.0129, 0.00485053981, 0.0289944076),
                (0.0129, 0.035, 0.029),
                (0.0129, 0.0351494602, 0.0289944076),
                (0.0129, 0.0352980845, 0.0289776617),
                (0.0129, 0.0354450419, 0.0289498558),
                (0.0129, 0.0355895103, 0.0289111456),
                (0.0129, 0.035730682, 0.0288617475),
                (0.0129, 0.0358677675, 0.0288019377),
                (0.0129, 0.036, 0.0287320508),
                (0.0129, 0.0361266401, 0.0286524775),
                (0.0129, 0.0362469796, 0.028563663),
                (0.0129, 0.0363603455, 0.0284661037),
                (0.0129, 0.0364661037, 0.0283603455),
                (0.0129, 0.036563663, 0.0282469796),
                (0.0129, 0.0366524775, 0.0281266401),
                (0.0129, 0.0367320508, 0.028),
                (0.0129, 0.0368019377, 0.0278677675),
                (0.0129, 0.0368617475, 0.027730682),
                (0.0129, 0.0369111456, 0.0275895103),
                (0.0129, 0.0369498558, 0.0274450419),
                (0.0129, 0.0369776617, 0.0272980845),
                (0.0129, 0.0369944076, 0.0271494602),
                (0.0129, 0.037, 0.027),
                (0.0129, 0.0369944076, 0.0268505398),
                (0.0129, 0.0369776617, 0.0267019155),
                (0.0129, 0.0369498558, 0.0265549581),
                (0.0129, 0.0369111456, 0.0264104897),
                (0.0129, 0.0368617475, 0.026269318),
                (0.0129, 0.0368019377, 0.0261322325),
                (0.0129, 0.0367320508, 0.026),
                (0.0129, 0.0366524775, 0.0258733599),
                (0.0129, 0.036563663, 0.0257530204),
                (0.0129, 0.0364661037, 0.0256396545),
                (0.0129, 0.0363603455, 0.0255338963),
                (0.0129, 0.0362469796, 0.025436337),
                (0.0129, 0.0361266401, 0.0253475225),
                (0.0129, 0.036, 0.0252679492),
                (0.0129, 0.0358677675, 0.0251980623),
                (0.0129, 0.035730682, 0.0251382525),
                (0.0129, 0.0355895103, 0.0250888544),
                (0.0129, 0.0354450419, 0.0250501442),
                (0.0129, 0.0352980845, 0.0250223383),
                (0.0129, 0.0351494602, 0.0250055924),
                (0.0129, 0.035, 0.025),
                (0.0129, 0.0348505398, 0.0250055924),
                (0.0129, 0.0347019155, 0.0250223383),
                (0.0129, 0.0345549581, 0.0250501442),
                (0.0129, 0.0344104897, 0.0250888544),
                (0.0129, 0.034269318, 0.0251382525),
                (0.0129, 0.0341322325, 0.0251980623),
                (0.0129, 0.034, 0.0252679492),
                (0.0129, 0.0338733599, 0.0253475225),
                (0.0129, 0.0337530204, 0.025436337),
                (0.0129, 0.0336396545, 0.0255338963),
                (0.0129, 0.0335338963, 0.0256396545),
                (0.0129, 0.033436337, 0.0257530204),
                (0.0129, 0.0333475225, 0.0258733599),
                (0.0129, 0.0332679492, 0.026),
                (0.0129, 0.0331980623, 0.0261322325),
                (0.0129, 0.0331382525, 0.026269318),
                (0.0129, 0.0330888544, 0.0264104897),
                (0.0129, 0.0330501442, 0.0265549581),
                (0.0129, 0.0330223383, 0.0267019155),
                (0.0129, 0.0330055924, 0.0268505398),
                (0.0129, 0.033, 0.027),
                (0.0129, 0.0330055924, 0.0271494602),
                (0.0129, 0.0330223383, 0.0272980845),
                (0.0129, 0.0330501442, 0.0274450419),
                (0.0129, 0.0330888544, 0.0275895103),
                (0.0129, 0.0331382525, 0.027730682),
                (0.0129, 0.0331980623, 0.0278677675),
                (0.0129, 0.0332679492, 0.028),
                (0.0129, 0.0333475225, 0.0281266401),
                (0.0129, 0.033436337, 0.0282469796),
                (0.0129, 0.0335338963, 0.0283603455),
                (0.0129, 0.0336396545, 0.0284661037),
                (0.0129, 0.0337530204, 0.028563663),
                (0.0129, 0.0338733599, 0.0286524775),
                (0.0129, 0.034, 0.0287320508),
                (0.0129, 0.0341322325, 0.0288019377),
                (0.0129, 0.034269318, 0.0288617475),
                (0.0129, 0.0344104897, 0.0289111456),
                (0.0129, 0.0345549581, 0.0289498558),
                (0.0129, 0.0347019155, 0.0289776617),
                (0.0129, 0.0348505398, 0.0289944076),
                (0.0129, 0.0018, 0.032),
                (0.0129, 0.0018, 0.035),
                (0.0129, 0.033298, 0.032),
                (0.0129, 0.0330229013, 0.035),
                (0.0129, 0.0331180163, 0.0340003152),
                (0.0129, 0.0332097163, 0.0330003113),
                (0.0129, 0.0018, 0.0389500715),
                (0.0129, 0.0323512011, 0.0412394824),
                (0.0129, 0.0325150548, 0.0398270865),
                (0.0129, 0.0326720759, 0.0384139147),
                (0.0129, 0.0018, 0.0429447569),
                (0.0129, 0.0315512878, 0.0474288735),
                (0.0129, 0.0018, 0.0409556791),
                (0.0129, 0.0321088975, 0.0432269326),
                (0.0129, 0.0317438884, 0.0460291252),
                (0.0129, 0.0319297597, 0.0446284674),
                (0.0129, 0.0018, 0.0470307091),
                (0.0129, 0.0306188381, 0.0536081689),
                (0.0129, 0.0018, 0.0449673459),
                (0.0129, 0.0312671605, 0.0494086388),
                (0.0129, 0.030841689, 0.0522093721),
                (0.0129, 0.0310577981, 0.0508095179),
                (0.0129, 0.0018, 0.051258859),
                (0.0129, 0.0295459316, 0.0598170087),
                (0.0129, 0.0018, 0.0490821389),
                (0.0129, 0.030292092, 0.0555850239),
                (0.0129, 0.0298015238, 0.0584075645),
                (0.0129, 0.0300502459, 0.0569968917),
                (0.0129, 0.0018, 0.0556870929),
                (0.0129, 0.0283208443, 0.0660953333),
                (0.0129, 0.0018, 0.0533518373),
                (0.0129, 0.0291751376, 0.0617956167),
                (0.0129, 0.0286127312, 0.0646635157),
                (0.0129, 0.028897498, 0.063230265),
                (0.0129, 0.0018, 0.0603836819),
                (0.0129, 0.0269276697, 0.0724840154),
                (0.0129, 0.0018, 0.0578356003),
                (0.0129, 0.0279039264, 0.0680802192),
                (0.0129, 0.0272605946, 0.071017754),
                (0.0129, 0.0275860163, 0.0695498091),
                (0.0129, 0.0018, 0.0654319244),
                (0.0129, 0.025345753, 0.0790254625),
                (0.0129, 0.0018, 0.0626034967),
                (0.0129, 0.0264618788, 0.0744795266),
                (0.0129, 0.0257258354, 0.0775121322),
                (0.0129, 0.0260978808, 0.075996806),
                (0.0129, 0.0018, 0.0709367218),
                (0.0129, 0.0235489152, 0.0857641751),
                (0.0129, 0.0018, 0.0677412997),
                (0.0129, 0.0248276296, 0.0810357124),
                (0.0129, 0.0239839047, 0.0841903962),
                (0.0129, 0.0244101472, 0.0826142257),
                (0.0129, 0.0018, 0.0770342672),
                (0.0129, 0.0215044372, 0.0927472278),
                (0.0129, 0.0018, 0.073357293),
                (0.0129, 0.022974243, 0.08779296),
                (0.0129, 0.0220040457, 0.0910986853),
                (0.0129, 0.0224939865, 0.0894472438),
                (0.0129, 0.0018, 0.0839076318),
                (0.0129, 0.0191715115, 0.100025394),
                (0.0129, 0.0018, 0.0795923124),
                (0.0129, 0.0208681911, 0.0947979096),
                (0.0129, 0.0197479258, 0.0982864348),
                (0.0129, 0.020313493, 0.0965439174),
                (0.0129, 0.0018, 0.0913793644),
                (0.0129, 0.0166852678, 0.107144052),
                (0.0129, 0.0018, 0.0855445935),
                (0.0129, 0.0187508573, 0.101272061),
                (0.0129, 0.0173876061, 0.105191597),
                (0.0129, 0.0180761474, 0.103234235),
                (0.0129, 0.0018, 0.0999778082),
                (0.0129, 0.0138664139, 0.114579675),
                (0.0129, 0.0018, 0.0931272707),
                (0.0129, 0.0162239707, 0.108403407),
                (0.0129, 0.0146676905, 0.112526829),
                (0.0129, 0.0154535574, 0.110468035),
                (0.0129, 0.0018, 0.110073894),
                (0.0129, 0.01066222, 0.122370031),
                (0.0129, 0.0018, 0.101861618),
                (0.0129, 0.0133609433, 0.115851803),
                (0.0129, 0.0115791645, 0.120204507),
                (0.0129, 0.0124787581, 0.118031718),
                (0.0129, 0.0018, 0.122212262),
                (0.0129, 0.0070103401, 0.130552493),
                (0.0129, 0.0018, 0.112126243),
                (0.0129, 0.0101087014, 0.123654386),
                (0.0129, 0.00806282939, 0.128262007),
                (0.0129, 0.00909564179, 0.125962582),
                (0.0129, 0.0018, 0.124477138),
                (0.0129, 0.0018, 0.141197718),
                (0.0129, 0.00640459298, 0.131847744),
                (0.0129, 0.00337165988, 0.138099271),
                (0.0129, 0.00490659566, 0.134982468)
        ]
        int[] faceVertexCounts = [3, 3, 3, 3, 3, 3, 3, 3, 3, 3, 3, 3, 3, 3, 3, 3, 3, 3, 3, 3, 3, 3, 3, 3, 3, 3, 3, 3, 3, 3, 3, 3, 3, 3, 3, 3, 3, 3, 3, 3, 3, 3, 3, 3, 3, 3, 3, 3, 3, 3, 3, 3, 3, 3, 3, 3, 3, 3, 3, 3, 3, 3, 3, 3, 3, 3, 3, 3, 3, 3, 3, 3, 3, 3, 3, 3, 3, 3, 3, 3, 3, 3, 3, 3, 3, 3, 3, 3, 3, 3, 3, 3, 3, 3, 3, 3, 3, 3, 3, 3, 3, 3, 3, 3, 3, 3, 3, 3, 3, 3, 3, 3, 3, 3, 3, 3, 3, 3, 3, 3, 3, 3, 3, 3, 3, 3, 3, 3, 3, 3, 3, 3, 3, 3, 3, 3, 3, 3, 3, 3, 3, 3, 3, 3, 3, 3, 3, 3, 3, 3, 3, 3, 3, 3, 3, 3, 3, 3, 3, 3, 3, 3, 3, 3, 3, 3, 3, 3, 3, 3, 3, 3, 3, 3, 3, 3, 3, 3, 3, 3, 3, 3, 3, 3, 3, 3, 3, 3, 3, 3, 3, 3, 3, 3, 3, 3, 3, 3, 3, 3, 3, 3, 3, 3, 3, 3, 3, 3, 3, 3, 3, 3, 3, 3, 3, 3, 3, 3, 3, 3, 3, 3, 3, 3, 3, 3, 3, 3, 3, 3, 3, 3, 3, 3, 3, 3, 3, 3, 3, 3, 3, 3, 3, 3, 3, 3, 3, 3, 3, 3, 3, 3, 3, 3, 3, 3, 3, 3, 3, 3, 3, 3, 3, 3, 3, 3, 3, 3, 3, 3, 3, 3, 3, 3, 3, 3, 3, 3, 3, 3, 3, 3, 3, 3, 3, 3, 3, 3, 3, 3, 3, 3, 3, 3, 3, 3, 3, 3, 3, 3, 3, 3, 3, 3, 3, 3, 3, 3, 3, 3, 3, 3, 3, 3, 3, 3, 3, 3, 3, 3, 3, 3, 3, 3, 3, 3, 3, 3, 3, 3, 3, 3, 3, 3, 3, 3, 3, 3, 3, 3, 3, 3, 3, 3, 3, 3, 3, 3, 3, 3, 3, 3, 3, 3, 3, 3, 3, 3, 3, 3, 3, 3, 3, 3, 3, 3, 3, 3, 3, 3, 3, 3, 3, 3, 3, 3, 3, 3, 3, 3, 3, 3, 3, 3, 3, 3, 3, 3, 3, 3, 3, 3, 3, 3, 3, 3, 3, 3, 3, 3, 3, 3, 3, 3, 3, 3, 3, 3, 3, 3, 3, 3, 3, 3, 3, 3, 3, 3, 3, 3, 3, 3, 3, 3, 3, 3, 3, 3, 3, 3, 3, 3, 3, 3, 3, 3, 3, 3, 3, 3, 3, 3, 3, 3, 3, 3, 3, 3, 3, 3, 3, 3, 3, 3, 3, 3, 3, 3, 3, 3, 3, 3, 3, 3, 3, 3, 3, 3, 3, 3, 3, 3, 3, 3, 3, 3, 3, 3, 3, 3, 3, 3, 3, 3, 3, 3, 3, 3, 3, 3, 3, 3, 3, 3, 3, 3, 3, 3, 3, 3, 3, 3, 3, 3, 3, 3, 3, 3, 3, 3, 3, 3, 3, 3, 3, 3, 3, 3, 3, 3, 3, 3, 3, 3, 3, 3, 3, 3, 3, 3, 3, 3, 3, 3, 3, 3, 3, 3, 3, 3, 3, 3, 3, 3, 3, 3, 3, 3, 3, 3, 3, 3, 3, 3, 3, 3, 3, 3, 3, 3, 3, 3, 3, 3, 3, 3, 3, 3, 3, 3, 3, 3, 3, 3, 3, 3, 3, 3, 3, 3, 3, 3, 3, 3, 3, 3, 3, 3, 3, 3, 3, 3, 3, 3, 3, 3, 3, 3, 3, 3, 3, 3, 3, 3, 3, 3, 3, 3, 3, 3, 3, 3, 3, 3, 3, 3, 3, 3, 3, 3, 3, 3, 3, 3, 3, 3, 3, 3, 3, 3, 3, 3, 3, 3, 3, 3, 3, 3, 3, 3, 3, 3, 3, 3, 3, 3, 3, 3, 3, 3, 3, 3, 3, 3, 3, 3, 3, 3, 3, 3, 3, 3, 3, 3, 3, 3, 3, 3, 3, 3, 3, 3, 3, 3, 3, 3, 3, 3, 3, 3, 3, 3, 3, 3, 3, 3, 3, 3, 3, 3, 3, 3, 3, 3, 3, 3, 3, 3, 3, 3, 3, 3, 3, 3, 3, 3, 3, 3, 3, 3, 3, 3, 3, 3, 3, 3, 3, 3, 3, 3, 3, 3, 3, 3, 3, 3, 3, 3, 3, 3, 3, 3, 3, 3, 3, 3, 3, 3, 3, 3, 3, 3, 3, 3, 3, 3, 3, 3, 3, 3, 3, 3, 3, 3, 3, 3, 3, 3, 3, 3, 3, 3, 3, 3, 3, 3, 3, 3, 3, 3, 3, 3, 3, 3, 3, 3, 3, 3, 3, 3, 3, 3, 3, 3, 3, 3, 3, 3, 3, 3, 3, 3, 3, 3, 3, 3, 3, 3, 3, 3, 3, 3, 3, 3, 3, 3, 3, 3, 3, 3, 3, 3, 3, 3, 3, 3, 3, 3, 3, 3, 3, 3, 3, 3, 3, 3, 3, 3, 3, 3, 3, 3, 3, 3, 3, 3, 3, 3, 3, 3, 3, 3, 3, 3, 3, 3, 3, 3, 3, 3, 3, 3, 3, 3, 3, 3, 3, 3, 3, 3, 3, 3, 3, 3, 3, 3, 3, 3, 3, 3, 3, 3, 3, 3, 3, 3, 3, 3, 3, 3, 3, 3, 3, 3, 3, 3, 3, 3, 3, 3, 3, 3, 3, 3, 3, 3, 3, 3, 3, 3, 3, 3, 3, 3, 3, 3, 3, 3, 3, 3, 3, 3, 3, 3, 3, 3, 3, 3, 3, 3, 3, 3, 3, 3, 3, 3, 3, 3, 3, 3, 3, 3, 3, 3, 3, 3, 3, 3, 3, 3, 3, 3, 3, 3, 3, 3, 3, 3, 3, 3, 3, 3, 3, 3, 3, 3, 3, 3, 3, 3, 3, 3, 3, 3, 3, 3, 3, 3, 3, 3, 3, 3, 3, 3, 3, 3, 3, 3, 3, 3, 3, 3, 3, 3, 3, 3, 3, 3, 3, 3, 3, 3, 3, 3, 3, 3, 3, 3, 3, 3, 3, 3, 3, 3, 3, 3, 3, 3, 3, 3, 3, 3, 3, 3, 3, 3, 3, 3, 3, 3, 3, 3, 3, 3, 3, 3, 3, 3, 3, 3, 3, 3, 3, 3, 3, 3, 3, 3, 3, 3, 3, 3, 3, 3, 3, 3, 3, 3, 3, 3, 3, 3, 3, 3, 3, 3, 3, 3, 3, 3, 3, 3, 3, 3, 3, 3, 3, 3, 3, 3, 3, 3, 3, 3, 3, 3, 3, 3, 3, 3, 3, 3, 3, 3, 3, 3, 3, 3, 3, 3, 3, 3, 3, 3, 3, 3, 3, 3, 3, 3, 3, 3, 3, 3, 3, 3, 3, 3, 3, 3, 3, 3, 3, 3, 3, 3, 3, 3, 3, 3, 3, 3, 3, 3, 3, 3, 3, 3, 3, 3, 3, 3, 3, 3, 3, 3, 3, 3, 3, 3, 3, 3, 3, 3, 3, 3, 3, 3, 3, 3, 3, 3, 3, 3, 3, 3, 3, 3, 3, 3, 3, 3, 3, 3, 3, 3, 3, 3, 3, 3, 3, 3, 3, 3, 3, 3, 3, 3, 3, 3, 3, 3, 3, 3, 3, 3, 3, 3, 3, 3, 3, 3, 3, 3, 3, 3, 3, 3, 3, 3, 3, 3, 3, 3, 3, 3, 3, 3, 3, 3, 3, 3, 3, 3, 3, 3, 3, 3, 3, 3, 3, 3, 3, 3, 3, 3, 3, 3, 3, 3, 3, 3, 3, 3, 3, 3, 3, 3, 3, 3, 3, 3, 3, 3, 3, 3, 3, 3, 3, 3, 3, 3, 3, 3, 3, 3, 3, 3, 3, 3, 3, 3, 3, 3, 3, 3, 3, 3, 3, 3, 3, 3, 3, 3, 3, 3, 3, 3, 3, 3, 3, 3, 3, 3, 3, 3, 3, 3, 3, 3, 3, 3, 3, 3, 3, 3, 3, 3, 3, 3, 3, 3, 3, 3, 3, 3, 3, 3, 3, 3, 3, 3, 3, 3, 3, 3, 3, 3, 3, 3, 3, 3, 3, 3, 3, 3, 3, 3, 3, 3, 3, 3, 3, 3, 3, 3, 3, 3, 3, 3, 3, 3, 3, 3, 3, 3, 3, 3, 3, 3, 3, 3, 3, 3, 3, 3, 3, 3, 3, 3, 3, 3, 3, 3, 3, 3, 3, 3, 3, 3, 3, 3, 3, 3, 3, 3, 3, 3, 3, 3, 3, 3, 3, 3, 3, 3, 3, 3, 3, 3, 3, 3, 3, 3, 3, 3, 3, 3, 3, 3, 3, 3, 3, 3, 3, 3, 3, 3, 3, 3, 3, 3, 3, 3, 3, 3, 3, 3, 3, 3, 3, 3, 3, 3, 3, 3, 3, 3, 3, 3, 3, 3, 3, 3, 3, 3, 3, 3, 3, 3, 3, 3, 3, 3, 3, 3, 3, 3, 3, 3, 3, 3, 3, 3, 3, 3, 3, 3, 3, 3, 3, 3, 3, 3, 3, 3, 3, 3, 3, 3, 3, 3, 3, 3, 3, 3, 3, 3, 3, 3, 3, 3, 3, 3, 3, 3, 3, 3, 3, 3, 3, 3, 3, 3, 3, 3, 3, 3, 3, 3, 3, 3, 3, 3, 3, 3, 3, 3, 3, 3, 3, 3, 3, 3, 3, 3, 3, 3, 3, 3, 3, 3, 3, 3, 3, 3, 3, 3, 3, 3, 3, 3, 3, 3, 3, 3, 3, 3, 3, 3, 3, 3, 3, 3, 3, 3, 3, 3, 3, 3, 3, 3, 3, 3, 3, 3, 3, 3, 3, 3, 3, 3, 3, 3, 3, 3, 3, 3, 3, 3, 3, 3, 3, 3, 3, 3, 3, 3, 3, 3, 3, 3, 3, 3, 3, 3, 3, 3, 3, 3, 3, 3, 3, 3, 3, 3, 3, 3, 3, 3, 3, 3, 3, 3, 3, 3, 3, 3, 3, 3, 3, 3, 3, 3, 3, 3, 3, 3, 3, 3, 3, 3, 3, 3, 3, 3, 3, 3, 3, 3, 3, 3, 3, 3, 3, 3, 3, 3, 3, 3, 3, 3, 3, 3, 3, 3, 3, 3, 3, 3, 3, 3, 3, 3, 3, 3, 3, 3, 3, 3, 3, 3, 3, 3, 3, 3, 3, 3, 3, 3, 3, 3, 3, 3, 3, 3, 3, 3, 3, 3, 3, 3, 3, 3, 3, 3, 3, 3, 3, 3, 3, 3, 3, 3, 3, 3, 3, 3, 3, 3, 3, 3, 3, 3, 3, 3, 3, 3, 3, 3, 3, 3, 3, 3, 3, 3, 3, 3, 3, 3, 3, 3, 3, 3, 3, 3, 3, 3, 3, 3, 3, 3, 3, 3, 3, 3, 3, 3, 3, 3, 3, 3, 3, 3, 3, 3, 3, 3, 3, 3, 3, 3, 3, 3, 3, 3, 3, 3, 3, 3, 3, 3, 3, 3, 3, 3, 3, 3, 3, 3, 3, 3, 3, 3, 3, 3, 3, 3, 3, 3, 3, 3, 3, 3, 3, 3, 3, 3, 3, 3, 3, 3, 3, 3, 3, 3, 3, 3, 3, 3, 3, 3, 3, 3, 3, 3, 3, 3, 3, 3, 3, 3, 3, 3, 3, 3, 3, 3, 3, 3, 3, 3, 3, 3, 3, 3, 3, 3, 3, 3, 3, 3, 3, 3, 3, 3, 3, 3, 3, 3, 3, 3, 3, 3, 3, 3, 3, 3, 3, 3, 3, 3, 3, 3, 3, 3, 3, 3, 3, 3, 3, 3, 3, 3, 3, 3, 3, 3, 3, 3, 3, 3, 3, 3, 3, 3, 3, 3, 3, 3, 3, 3, 3, 3, 3, 3, 3, 3, 3, 3, 3, 3, 3, 3, 3, 3, 3, 3, 3, 3, 3, 3, 3, 3, 3, 3, 3, 3, 3, 3, 3, 3, 3, 3, 3, 3, 3, 3, 3, 3, 3, 3, 3, 3, 3, 3, 3, 3, 3, 3, 3, 3, 3, 3, 3, 3, 3, 3, 3, 3, 3, 3, 3, 3, 3, 3, 3, 3, 3, 3, 3, 3, 3, 3, 3, 3, 3, 3, 3, 3, 3, 3, 3, 3, 3, 3, 3, 3, 3, 3, 3, 3, 3, 3, 3, 3, 3, 3, 3, 3, 3, 3, 3, 3, 3, 3, 3, 3, 3, 3, 3, 3, 3, 3, 3, 3, 3, 3, 3, 3, 3, 3, 3, 3, 3, 3, 3, 3, 3, 3, 3, 3, 3, 3, 3, 3, 3, 3, 3, 3, 3, 3, 3, 3, 3, 3, 3, 3, 3, 3, 3, 3, 3, 3, 3, 3, 3, 3, 3, 3, 3, 3, 3, 3, 3, 3, 3, 3, 3, 3, 3, 3, 3, 3, 3, 3, 3, 3, 3, 3, 3, 3, 3, 3, 3, 3, 3, 3, 3, 3, 3, 3, 3, 3, 3, 3, 3, 3, 3, 3, 3, 3, 3, 3, 3, 3, 3, 3, 3, 3, 3, 3, 3, 3, 3, 3, 3, 3, 3, 3, 3, 3, 3, 3, 3, 3, 3, 3, 3, 3, 3, 3, 3, 3, 3, 3, 3, 3, 3, 3, 3, 3, 3, 3, 3, 3, 3, 3, 3, 3, 3, 3, 3, 3, 3, 3, 3, 3, 3, 3, 3, 3, 3, 3, 3, 3, 3, 3, 3, 3, 3, 3, 3, 3, 3, 3, 3, 3, 3, 3, 3, 3, 3, 3, 3, 3, 3, 3, 3, 3, 3, 3, 3, 3, 3, 3, 3, 3, 3, 3, 3, 3, 3, 3, 3, 3, 3, 3, 3, 3, 3, 3, 3, 3, 3, 3, 3, 3, 3, 3, 3, 3, 3, 3, 3, 3, 3, 3, 3, 3, 3, 3, 3, 3, 3, 3, 3, 3, 3, 3, 3, 3, 3, 3, 3, 3, 3, 3, 3, 3, 3, 3, 3, 3, 3, 3, 3, 3, 3, 3, 3, 3, 3, 3, 3, 3, 3, 3, 3, 3, 3, 3, 3, 3, 3, 3, 3, 3, 3, 3, 3, 3, 3, 3, 3, 3, 3, 3, 3, 3, 3, 3, 3, 3, 3, 3, 3, 3, 3, 3, 3, 3, 3, 3, 3, 3, 3, 3, 3, 3, 3, 3, 3, 3, 3, 3, 3, 3, 3, 3, 3, 3, 3, 3, 3, 3, 3, 3, 3, 3, 3, 3, 3, 3, 3, 3, 3, 3, 3, 3, 3, 3, 3, 3, 3, 3, 3, 3, 3, 3, 3, 3, 3, 3, 3, 3, 3, 3, 3, 3, 3, 3, 3, 3, 3, 3, 3, 3, 3, 3, 3, 3, 3, 3, 3, 3, 3, 3, 3, 3, 3, 3, 3, 3, 3, 3, 3, 3, 3, 3, 3, 3, 3, 3, 3, 3, 3, 3, 3, 3, 3, 3, 3, 3, 3, 3, 3, 3, 3, 3, 3, 3, 3, 3, 3, 3, 3, 3, 3, 3, 3, 3, 3, 3, 3, 3, 3, 3, 3, 3, 3, 3, 3, 3, 3, 3, 3, 3, 3, 3, 3, 3, 3, 3, 3, 3, 3, 3, 3, 3, 3, 3, 3, 3, 3, 3, 3, 3, 3, 3, 3, 3, 3, 3, 3, 3, 3, 3, 3, 3, 3, 3, 3, 3, 3, 3, 3, 3, 3, 3, 3, 3, 3, 3, 3, 3, 3, 3, 3, 3, 3, 3, 3, 3, 3, 3, 3, 3, 3, 3, 3, 3, 3, 3, 3, 3, 3, 3, 3, 3, 3, 3, 3, 3, 3, 3, 3, 3, 3, 3, 3, 3, 3, 3, 3, 3, 3, 3, 3, 3, 3, 3, 3, 3, 3, 3, 3, 3, 3, 3, 3, 3, 3, 3, 3, 3, 3, 3, 3, 3, 3, 3, 3, 3, 3, 3, 3, 3, 3, 3, 3, 3, 3, 3, 3, 3, 3, 3, 3, 3, 3, 3, 3, 3, 3, 3, 3, 3, 3, 3, 3, 3, 3, 3, 3, 3, 3, 3, 3, 3, 3, 3, 3, 3, 3, 3, 3, 3, 3, 3, 3, 3, 3, 3, 3, 3, 3, 3, 3, 3, 3, 3, 3, 3, 3, 3, 3, 3, 3, 3, 3, 3, 3, 3, 3, 3, 3, 3, 3, 3, 3, 3, 3, 3, 3, 3, 3, 3, 3, 3, 3, 3, 3, 3, 3, 3, 3, 3, 3, 3, 3, 3, 3, 3, 3, 3, 3, 3, 3, 3, 3, 3, 3, 3, 3, 3, 3, 3, 3, 3, 3, 3, 3, 3, 3, 3, 3, 3, 3, 3, 3, 3, 3, 3, 3, 3, 3, 3, 3, 3, 3, 3, 3, 3, 3, 3, 3, 3, 3, 3, 3, 3, 3, 3, 3, 3, 3, 3, 3, 3, 3, 3, 3, 3, 3, 3, 3, 3, 3, 3, 3, 3, 3, 3, 3, 3, 3, 3, 3, 3, 3, 3, 3, 3, 3, 3, 3, 3, 3, 3, 3, 3, 3, 3, 3, 3, 3, 3, 3, 3, 3, 3, 3, 3, 3, 3, 3, 3, 3, 3, 3, 3, 3, 3, 3, 3, 3, 3, 3, 3, 3, 3, 3, 3, 3, 3, 3, 3, 3, 3, 3, 3, 3, 3, 3, 3, 3, 3, 3, 3, 3, 3, 3, 3, 3, 3, 3, 3, 3, 3, 3, 3, 3, 3, 3, 3, 3, 3, 3, 3, 3, 3, 3, 3, 3, 3, 3, 3, 3, 3, 3, 3, 3, 3, 3, 3, 3, 3, 3, 3, 3, 3, 3, 3, 3, 3, 3, 3, 3, 3, 3, 3, 3, 3, 3, 3, 3, 3, 3, 3, 3, 3, 3, 3, 3, 3, 3, 3, 3, 3, 3, 3, 3, 3, 3, 3, 3, 3, 3, 3, 3, 3, 3, 3, 3, 3, 3, 3, 3, 3, 3, 3, 3, 3, 3, 3, 3, 3, 3, 3, 3, 3, 3, 3, 3, 3, 3, 3, 3, 3, 3, 3, 3, 3, 3, 3, 3, 3, 3, 3, 3, 3, 3, 3, 3, 3, 3, 3, 3, 3, 3, 3, 3, 3, 3, 3, 3, 3, 3, 3, 3, 3, 3, 3, 3, 3, 3, 3, 3, 3, 3, 3, 3, 3, 3, 3, 3, 3, 3, 3, 3, 3, 3, 3, 3, 3, 3, 3, 3, 3, 3, 3, 3, 3, 3, 3, 3, 3, 3, 3, 3, 3, 3, 3, 3, 3, 3, 3, 3, 3, 3, 3, 3, 3, 3, 3, 3, 3, 3, 3, 3, 3, 3, 3, 3, 3, 3, 3, 3, 3, 3, 3, 3, 3, 3, 3, 3, 3, 3, 3, 3, 3, 3, 3, 3, 3, 3, 3, 3, 3, 3, 3, 3, 3, 3, 3, 3, 3, 3, 3, 3, 3, 3, 3, 3, 3, 3, 3, 3, 3, 3, 3, 3, 3, 3, 3, 3, 3, 3, 3, 3, 3, 3, 3, 3, 3, 3, 3, 3, 3, 3, 3, 3, 3, 3, 3, 3, 3, 3, 3, 3, 3, 3, 3, 3, 3, 3, 3, 3, 3, 3, 3, 3, 3, 3, 3, 3, 3, 3, 3, 3, 3, 3, 3, 3, 3, 3, 3, 3, 3, 3, 3, 3, 3, 3, 3, 3, 3, 3, 3, 3, 3, 3, 3, 3, 3, 3, 3, 3, 3, 3, 3, 3, 3, 3, 3, 3, 3, 3, 3, 3, 3, 3, 3, 3, 3, 3, 3, 3, 3, 3, 3, 3, 3, 3, 3, 3, 3, 3, 3, 3, 3, 3, 3, 3, 3, 3, 3, 3, 3, 3, 3, 3, 3, 3, 3, 3, 3, 3, 3, 3, 3, 3, 3, 3, 3, 3, 3, 3, 3, 3, 3, 3, 3, 3, 3, 3, 3, 3, 3, 3, 3, 3, 3, 3, 3, 3, 3, 3, 3, 3, 3, 3, 3, 3, 3, 3, 3, 3, 3, 3, 3, 3, 3, 3, 3, 3, 3, 3, 3, 3, 3, 3, 3, 3, 3, 3, 3, 3, 3, 3, 3, 3, 3, 3, 3, 3, 3, 3, 3, 3, 3, 3, 3, 3, 3, 3, 3, 3, 3, 3, 3, 3, 3, 3, 3, 3, 3, 3, 3, 3, 3, 3, 3, 3, 3, 3, 3, 3, 3, 3, 3, 3, 3, 3, 3, 3, 3, 3, 3, 3, 3, 3, 3, 3, 3, 3, 3, 3, 3, 3, 3, 3, 3, 3, 3, 3, 3, 3, 3, 3, 3, 3, 3, 3, 3, 3, 3, 3, 3, 3, 3, 3, 3, 3, 3, 3, 3, 3, 3, 3, 3, 3, 3, 3, 3, 3, 3, 3, 3, 3, 3, 3, 3, 3, 3, 3, 3, 3, 3, 3, 3, 3, 3, 3, 3, 3, 3, 3, 3, 3, 3, 3, 3, 3, 3, 3, 3, 3, 3, 3, 3, 3, 3, 3, 3, 3, 3, 3, 3, 3, 3, 3, 3, 3, 3, 3, 3, 3, 3, 3, 3, 3, 3, 3, 3, 3, 3, 3, 3, 3, 3, 3, 3, 3, 3, 3, 3, 3, 3, 3, 3, 3, 3, 3, 3, 3, 3, 3, 3, 3, 3, 3, 3, 3, 3, 3, 3, 3, 3, 3, 3, 3, 3, 3, 3, 3, 3, 3, 3, 3, 3, 3, 3, 3, 3, 3, 3, 3, 3, 3, 3, 3, 3, 3, 3, 3, 3, 3, 3, 3, 3, 3, 3, 3, 3, 3, 3, 3, 3, 3, 3, 3, 3, 3, 3, 3, 3, 3, 3, 3, 3, 3, 3, 3, 3, 3, 3, 3, 3, 3, 3, 3, 3, 3, 3, 3, 3, 3, 3, 3, 3, 3, 3, 3, 3, 3, 3, 3, 3, 3, 3, 3, 3, 3, 3, 3, 3, 3, 3, 3, 3, 3, 3, 3, 3, 3, 3, 3, 3, 3, 3, 3, 3, 3, 3, 3, 3, 3, 3, 3, 3, 3, 3, 3, 3, 3, 3, 3, 3, 3, 3, 3, 3, 3, 3, 3, 3, 3, 3, 3, 3, 3, 3, 3, 3, 3, 3, 3, 3, 3, 3, 3, 3, 3, 3, 3, 3, 3, 3, 3, 3, 3, 3, 3, 3, 3, 3, 3, 3, 3, 3, 3, 3, 3, 3, 3, 3, 3, 3, 3, 3, 3, 3, 3, 3, 3, 3, 3, 3, 3, 3, 3, 3, 3, 3, 3, 3, 3, 3, 3, 3, 3, 3, 3, 3, 3, 3, 3, 3, 3, 3, 3, 3, 3, 3, 3, 3, 3, 3, 3, 3, 3, 3, 3, 3, 3, 3, 3, 3, 3, 3, 3, 3, 3, 3, 3, 3, 3, 3, 3, 3, 3, 3, 3, 3, 3, 3, 3, 3, 3, 3, 3, 3, 3, 3, 3, 3, 3, 3, 3, 3, 3, 3, 3, 3, 3, 3, 3, 3, 3, 3, 3, 3, 3, 3, 3, 3, 3, 3, 3, 3, 3, 3, 3, 3, 3, 3, 3, 3, 3, 3, 3, 3, 3, 3, 3, 3, 3, 3, 3, 3, 3, 3, 3, 3, 3, 3, 3, 3, 3, 3, 3, 3, 3, 3, 3, 3, 3, 3, 3, 3, 3, 3, 3, 3, 3, 3, 3, 3, 3, 3, 3, 3, 3, 3, 3, 3, 3, 3, 3, 3, 3, 3, 3, 3, 3, 3, 3, 3, 3, 3, 3, 3, 3, 3, 3, 3, 3, 3, 3, 3, 3, 3, 3, 3, 3, 3, 3, 3, 3, 3, 3, 3, 3, 3, 3, 3, 3, 3, 3, 3, 3, 3, 3, 3, 3, 3, 3, 3, 3, 3, 3, 3, 3, 3, 3, 3, 3, 3, 3, 3, 3, 3, 3, 3, 3, 3, 3, 3, 3, 3, 3, 3, 3, 3, 3, 3, 3, 3, 3, 3, 3, 3, 3, 3, 3, 3, 3, 3, 3, 3, 3, 3, 3, 3, 3, 3, 3, 3, 3, 3, 3, 3, 3, 3, 3, 3, 3, 3, 3, 3, 3, 3, 3, 3, 3, 3, 3, 3, 3, 3, 3, 3, 3, 3, 3, 3, 3, 3, 3, 3, 3, 3, 3, 3, 3, 3, 3, 3, 3, 3, 3, 3, 3, 3, 3, 3, 3, 3, 3, 3, 3, 3, 3, 3, 3, 3, 3, 3, 3, 3, 3, 3, 3, 3, 3, 3, 3, 3, 3, 3, 3, 3, 3, 3, 3, 3, 3, 3, 3, 3, 3, 3, 3, 3, 3, 3, 3, 3, 3, 3, 3, 3, 3, 3, 3, 3, 3, 3, 3, 3, 3, 3, 3, 3, 3, 3, 3, 3, 3, 3, 3, 3, 3, 3, 3, 3, 3, 3, 3, 3, 3, 3, 3, 3, 3, 3, 3, 3, 3, 3, 3, 3, 3, 3, 3, 3, 3, 3, 3, 3, 3, 3, 3, 3, 3, 3, 3, 3, 3, 3, 3, 3, 3, 3, 3, 3, 3, 3, 3, 3, 3, 3, 3, 3, 3, 3, 3, 3, 3, 3, 3, 3, 3, 3, 3, 3, 3, 3, 3, 3, 3, 3, 3, 3, 3, 3, 3, 3, 3, 3, 3, 3, 3, 3, 3, 3, 3, 3, 3, 3, 3, 3, 3, 3, 3, 3, 3, 3, 3, 3, 3, 3, 3, 3, 3, 3, 3, 3, 3, 3, 3, 3, 3, 3, 3, 3, 3, 3, 3, 3, 3, 3, 3, 3, 3, 3, 3, 3, 3, 3, 3, 3, 3, 3, 3, 3, 3, 3, 3, 3, 3, 3, 3, 3, 3, 3, 3, 3, 3, 3, 3, 3, 3, 3, 3, 3, 3, 3, 3, 3, 3, 3, 3, 3, 3, 3, 3, 3, 3, 3, 3, 3, 3, 3, 3, 3, 3, 3, 3, 3, 3, 3, 3, 3, 3, 3, 3, 3, 3, 3, 3, 3, 3, 3, 3, 3, 3, 3, 3, 3, 3, 3, 3, 3, 3, 3, 3, 3, 3, 3, 3, 3, 3, 3, 3, 3, 3, 3, 3, 3, 3, 3, 3, 3, 3, 3, 3, 3, 3, 3, 3, 3, 3, 3, 3, 3, 3, 3, 3, 3, 3, 3, 3, 3, 3, 3, 3, 3, 3, 3, 3, 3, 3, 3, 3, 3, 3, 3, 3, 3, 3, 3, 3, 3, 3, 3, 3, 3, 3, 3, 3, 3, 3, 3, 3, 3, 3, 3, 3, 3, 3, 3, 3, 3, 3, 3, 3, 3, 3, 3, 3, 3, 3, 3, 3, 3, 3, 3, 3, 3, 3, 3, 3, 3, 3, 3, 3, 3, 3, 3, 3, 3, 3, 3, 3, 3, 3, 3, 3, 3, 3, 3, 3, 3, 3, 3, 3, 3, 3, 3, 3, 3, 3, 3, 3, 3, 3, 3, 3, 3, 3, 3, 3, 3, 3, 3, 3, 3, 3, 3, 3, 3, 3, 3, 3, 3, 3, 3, 3, 3, 3, 3, 3, 3, 3, 3, 3, 3, 3, 3, 3, 3, 3, 3, 3, 3, 3, 3, 3, 3, 3, 3, 3, 3, 3, 3, 3, 3, 3, 3, 3, 3, 3, 3, 3, 3, 3, 3, 3, 3, 3, 3, 3, 3, 3, 3, 3, 3, 3, 3, 3, 3, 3, 3, 3, 3, 3, 3, 3, 3, 3, 3, 3, 3, 3, 3, 3, 3, 3, 3, 3, 3, 3, 3, 3, 3, 3, 3, 3, 3, 3, 3, 3, 3, 3, 3, 3, 3, 3, 3, 3, 3, 3, 3, 3, 3, 3, 3, 3, 3, 3, 3, 3, 3, 3, 3, 3, 3, 3, 3, 3, 3, 3, 3, 3, 3, 3, 3, 3, 3, 3, 3, 3, 3, 3, 3, 3, 3, 3, 3, 3, 3, 3, 3, 3, 3, 3, 3, 3, 3, 3, 3, 3, 3, 3, 3, 3, 3, 3, 3, 3, 3, 3, 3, 3, 3, 3, 3, 3, 3, 3, 3, 3, 3, 3, 3, 3, 3, 3, 3, 3, 3, 3, 3, 3, 3, 3, 3, 3, 3, 3, 3, 3, 3, 3, 3, 3, 3, 3, 3, 3, 3, 3, 3, 3, 3, 3, 3, 3, 3, 3, 3, 3, 3, 3, 3, 3, 3, 3, 3, 3, 3, 3, 3, 3, 3, 3, 3, 3, 3, 3, 3, 3, 3, 3, 3, 3, 3, 3, 3, 3, 3, 3, 3, 3, 3, 3, 3, 3, 3, 3, 3, 3, 3, 3, 3, 3, 3, 3, 3, 3, 3, 3, 3, 3, 3, 3, 3, 3, 3, 3, 3, 3, 3, 3, 3, 3, 3, 3, 3, 3, 3, 3, 3, 3, 3, 3, 3, 3, 3, 3, 3, 3, 3, 3, 3, 3, 3, 3, 3, 3, 3, 3, 3, 3, 3, 3, 3, 3, 3, 3, 3, 3, 3, 3, 3, 3, 3, 3, 3, 3, 3, 3, 3, 3, 3, 3, 3, 3, 3, 3, 3, 3, 3, 3, 3, 3, 3, 3, 3, 3, 3, 3, 3, 3, 3, 3, 3, 3, 3, 3, 3, 3, 3, 3, 3, 3, 3, 3, 3, 3, 3, 3, 3, 3, 3, 3, 3, 3, 3, 3, 3, 3, 3, 3, 3, 3, 3, 3, 3, 3, 3, 3, 3, 3, 3, 3, 3, 3, 3, 3, 3, 3, 3, 3, 3, 3, 3, 3, 3, 3, 3, 3, 3, 3, 3, 3, 3, 3, 3, 3, 3, 3, 3, 3, 3, 3, 3, 3, 3, 3, 3, 3, 3, 3, 3, 3, 3, 3, 3, 3, 3, 3, 3, 3, 3, 3, 3, 3, 3, 3, 3, 3, 3, 3, 3, 3, 3, 3, 3, 3, 3, 3, 3, 3, 3, 3, 3, 3, 3, 3, 3, 3, 3, 3, 3, 3, 3, 3, 3, 3, 3, 3, 3, 3, 3, 3, 3, 3, 3, 3, 3, 3, 3, 3, 3, 3, 3, 3, 3, 3, 3, 3, 3, 3, 3, 3, 3, 3, 3, 3, 3, 3, 3, 3, 3, 3, 3, 3, 3, 3, 3, 3, 3, 3, 3, 3, 3, 3, 3, 3, 3, 3, 3, 3, 3, 3, 3, 3, 3, 3, 3, 3, 3, 3, 3, 3, 3, 3, 3, 3, 3, 3, 3, 3, 3, 3, 3, 3, 3, 3, 3, 3, 3, 3, 3, 3, 3, 3, 3, 3, 3, 3, 3, 3, 3, 3, 3, 3, 3, 3, 3, 3, 3, 3, 3, 3, 3, 3, 3, 3, 3, 3, 3, 3, 3, 3, 3, 3, 3, 3, 3, 3, 3, 3, 3, 3, 3, 3, 3, 3, 3, 3, 3, 3, 3, 3, 3, 3, 3, 3, 3, 3, 3, 3, 3, 3, 3, 3, 3, 3, 3, 3, 3, 3, 3, 3, 3, 3, 3, 3, 3, 3, 3, 3, 3, 3, 3, 3, 3, 3, 3, 3, 3, 3, 3, 3, 3, 3, 3, 3, 3, 3, 3, 3, 3, 3, 3, 3, 3, 3, 3, 3, 3, 3, 3, 3, 3, 3, 3, 3, 3, 3, 3, 3, 3, 3, 3, 3, 3, 3, 3, 3, 3, 3, 3, 3, 3, 3, 3, 3, 3, 3, 3, 3, 3, 3, 3, 3, 3, 3, 3, 3, 3, 3, 3, 3, 3, 3, 3, 3, 3, 3, 3, 3, 3, 3, 3, 3, 3, 3, 3, 3, 3, 3, 3, 3, 3, 3, 3, 3, 3, 3, 3, 3, 3, 3, 3, 3, 3, 3, 3, 3, 3, 3, 3, 3, 3, 3, 3, 3, 3, 3, 3, 3, 3, 3, 3, 3, 3, 3, 3, 3, 3, 3, 3, 3, 3, 3, 3, 3, 3, 3, 3, 3, 3, 3, 3, 3, 3, 3, 3, 3, 3, 3, 3, 3, 3, 3, 3, 3, 3, 3, 3, 3, 3, 3, 3, 3, 3, 3, 3, 3, 3, 3, 3, 3, 3, 3, 3, 3, 3, 3, 3, 3, 3, 3, 3, 3, 3, 3, 3, 3, 3, 3, 3, 3, 3, 3, 3, 3, 3, 3, 3, 3, 3, 3, 3, 3, 3, 3, 3, 3, 3, 3, 3, 3, 3, 3, 3, 3, 3, 3, 3, 3, 3, 3, 3, 3, 3, 3, 3, 3, 3, 3, 3, 3, 3, 3, 3, 3, 3, 3, 3, 3, 3, 3, 3, 3, 3, 3, 3, 3, 3, 3, 3, 3, 3, 3, 3, 3, 3, 3, 3, 3, 3, 3, 3, 3, 3, 3, 3, 3, 3, 3, 3, 3, 3, 3, 3, 3, 3, 3, 3, 3, 3, 3, 3, 3, 3, 3, 3, 3, 3, 3, 3, 3, 3, 3, 3, 3, 3, 3, 3, 3, 3, 3, 3, 3, 3, 3, 3, 3, 3, 3, 3, 3, 3, 3, 3, 3, 3, 3, 3, 3, 3, 3, 3, 3, 3, 3, 3, 3, 3, 3, 3, 3, 3, 3, 3, 3, 3, 3, 3, 3, 3, 3, 3, 3, 3, 3, 3, 3, 3, 3, 3, 3, 3, 3, 3, 3, 3, 3, 3, 3, 3, 3, 3, 3, 3, 3, 3, 3, 3, 3, 3, 3, 3, 3, 3, 3, 3, 3, 3, 3, 3, 3, 3, 3, 3, 3, 3, 3, 3, 3, 3, 3, 3, 3, 3, 3, 3, 3, 3, 3, 3, 3, 3, 3, 3, 3, 3, 3, 3, 3, 3, 3, 3, 3, 3, 3, 3, 3, 3, 3, 3, 3, 3, 3, 3, 3, 3, 3, 3, 3, 3, 3, 3, 3, 3, 3, 3, 3, 3, 3, 3, 3, 3, 3, 3, 3, 3, 3, 3, 3, 3, 3, 3, 3, 3, 3, 3, 3, 3, 3, 3, 3, 3, 3, 3, 3, 3, 3, 3, 3, 3, 3, 3, 3, 3, 3, 3, 3, 3, 3, 3, 3, 3, 3, 3, 3, 3, 3, 3, 3, 3, 3, 3, 3, 3, 3, 3, 3, 3, 3, 3, 3, 3, 3, 3, 3, 3, 3, 3, 3, 3, 3, 3, 3, 3, 3, 3, 3, 3, 3, 3, 3, 3, 3, 3, 3, 3, 3, 3, 3, 3, 3, 3, 3, 3, 3, 3, 3, 3, 3, 3, 3, 3, 3, 3, 3, 3, 3, 3, 3, 3, 3, 3, 3, 3, 3, 3, 3, 3, 3, 3, 3, 3, 3, 3, 3, 3, 3, 3, 3, 3, 3, 3, 3, 3, 3, 3, 3, 3, 3, 3, 3, 3, 3, 3, 3, 3, 3, 3, 3, 3, 3, 3, 3, 3, 3, 3, 3, 3, 3, 3, 3, 3, 3, 3, 3, 3, 3, 3, 3, 3, 3, 3, 3, 3, 3, 3, 3, 3, 3, 3, 3, 3, 3, 3, 3, 3, 3, 3, 3, 3, 3, 3, 3, 3, 3, 3, 3, 3, 3, 3, 3, 3, 3, 3, 3, 3, 3, 3, 3, 3, 3, 3, 3, 3, 3, 3, 3, 3, 3, 3, 3, 3, 3, 3, 3, 3, 3, 3, 3, 3, 3, 3, 3, 3, 3, 3, 3, 3, 3, 3, 3, 3, 3, 3, 3, 3, 3, 3, 3, 3, 3, 3, 3, 3, 3, 3, 3, 3, 3, 3, 3, 3, 3, 3, 3, 3, 3, 3, 3, 3, 3, 3, 3, 3, 3, 3, 3, 3, 3, 3, 3, 3, 3, 3, 3, 3, 3, 3, 3, 3, 3, 3, 3, 3, 3, 3, 3, 3, 3, 3, 3, 3, 3, 3, 3, 3, 3, 3, 3, 3, 3, 3, 3, 3, 3, 3, 3, 3, 3, 3, 3, 3, 3, 3, 3, 3, 3, 3, 3, 3, 3, 3, 3, 3, 3, 3, 3, 3, 3, 3, 3, 3, 3, 3, 3, 3, 3, 3, 3, 3, 3, 3, 3, 3, 3, 3, 3, 3, 3, 3, 3, 3, 3, 3, 3, 3, 3, 3, 3, 3, 3, 3, 3, 3, 3, 3, 3, 3, 3, 3, 3, 3, 3, 3, 3, 3, 3, 3, 3, 3, 3, 3, 3, 3, 3, 3, 3, 3, 3, 3, 3, 3, 3, 3, 3, 3, 3, 3, 3, 3, 3, 3, 3, 3, 3, 3, 3, 3, 3, 3, 3, 3, 3, 3, 3, 3, 3, 3, 3, 3, 3, 3, 3, 3, 3, 3, 3, 3, 3, 3, 3, 3, 3, 3, 3, 3, 3, 3, 3, 3, 3, 3, 3, 3, 3, 3, 3, 3, 3, 3, 3, 3, 3, 3, 3, 3, 3, 3, 3, 3, 3, 3, 3, 3, 3, 3, 3, 3, 3, 3, 3, 3, 3, 3, 3, 3, 3, 3, 3, 3, 3, 3, 3, 3, 3, 3, 3, 3, 3, 3, 3, 3, 3, 3, 3, 3, 3, 3, 3, 3, 3, 3, 3, 3, 3, 3, 3, 3, 3, 3, 3, 3, 3, 3, 3, 3, 3, 3, 3, 3, 3, 3, 3, 3, 3, 3, 3, 3, 3, 3, 3, 3, 3, 3, 3, 3, 3, 3, 3, 3, 3, 3, 3, 3, 3, 3, 3, 3, 3, 3, 3, 3, 3, 3, 3, 3, 3, 3, 3, 3, 3, 3, 3, 3, 3, 3, 3, 3, 3, 3, 3, 3, 3, 3, 3, 3, 3, 3, 3, 3, 3, 3, 3, 3, 3, 3, 3, 3, 3, 3, 3, 3, 3, 3, 3, 3, 3, 3, 3, 3, 3, 3, 3, 3, 3, 3, 3, 3, 3, 3, 3, 3, 3, 3, 3, 3, 3, 3, 3, 3, 3, 3, 3, 3, 3, 3, 3, 3, 3, 3, 3, 3, 3, 3, 3, 3, 3, 3, 3, 3, 3, 3, 3, 3, 3, 3, 3, 3, 3, 3, 3, 3, 3, 3, 3, 3, 3, 3, 3, 3, 3, 3, 3, 3, 3, 3, 3, 3, 3, 3, 3, 3, 3, 3, 3, 3, 3, 3, 3, 3, 3, 3, 3, 3, 3, 3, 3, 3, 3, 3, 3, 3, 3, 3, 3, 3, 3, 3, 3, 3, 3, 3, 3, 3, 3, 3, 3, 3, 3, 3, 3, 3, 3, 3, 3, 3, 3, 3, 3, 3, 3, 3, 3, 3, 3, 3, 3, 3, 3, 3, 3, 3, 3, 3, 3, 3, 3, 3, 3, 3, 3, 3, 3, 3, 3, 3, 3, 3, 3, 3, 3, 3, 3, 3, 3, 3, 3, 3, 3, 3, 3, 3, 3, 3, 3, 3, 3, 3, 3, 3, 3, 3, 3, 3, 3, 3, 3, 3, 3, 3, 3, 3, 3, 3, 3, 3, 3, 3, 3, 3, 3, 3, 3, 3, 3, 3, 3, 3, 3, 3, 3, 3, 3, 3, 3, 3, 3, 3, 3, 3, 3, 3, 3, 3, 3, 3, 3, 3, 3, 3, 3, 3, 3, 3, 3, 3, 3, 3, 3, 3, 3, 3, 3, 3, 3, 3, 3, 3, 3, 3, 3, 3, 3, 3, 3, 3, 3, 3, 3, 3, 3, 3, 3, 3, 3, 3, 3, 3, 3, 3, 3, 3, 3, 3, 3, 3, 3, 3, 3, 3, 3, 3, 3, 3, 3, 3, 3, 3, 3, 3, 3, 3, 3, 3, 3, 3, 3, 3, 3, 3, 3, 3, 3, 3, 3, 3, 3, 3, 3, 3, 3, 3, 3, 3, 3, 3, 3, 3, 3, 3, 3, 3, 3, 3, 3, 3, 3, 3, 3, 3, 3, 3, 3, 3, 3, 3, 3, 3, 3, 3, 3, 3, 3, 3, 3, 3, 3, 3, 3, 3, 3, 3, 3, 3, 3, 3, 3, 3, 3, 3, 3, 3, 3, 3, 3, 3, 3, 3, 3, 3, 3, 3, 3, 3, 3, 3, 3, 3, 3, 3, 3, 3, 3, 3, 3, 3, 3, 3, 3, 3, 3, 3, 3, 3, 3, 3, 3, 3, 3, 3, 3, 3, 3, 3, 3, 3, 3, 3, 3, 3, 3, 3, 3, 3, 3, 3, 3, 3, 3, 3, 3, 3, 3, 3, 3, 3, 3, 3, 3, 3, 3, 3, 3, 3, 3, 3, 3, 3, 3, 3, 3, 3, 3, 3, 3, 3, 3, 3, 3, 3, 3, 3, 3, 3, 3, 3, 3, 3, 3, 3, 3, 3, 3, 3, 3, 3, 3, 3, 3, 3, 3, 3, 3, 3, 3, 3, 3, 3, 3, 3, 3, 3, 3, 3, 3, 3, 3, 3, 3, 3, 3, 3, 3, 3, 3, 3, 3, 3, 3, 3, 3, 3, 3, 3, 3, 3, 3, 3, 3, 3, 3, 3, 3, 3, 3, 3, 3, 3, 3, 3, 3, 3, 3, 3, 3, 3, 3, 3, 3, 3, 3, 3, 3, 3, 3, 3, 3, 3, 3, 3, 3, 3, 3, 3, 3, 3, 3, 3, 3, 3, 3, 3, 3, 3, 3, 3, 3, 3, 3, 3, 3, 3, 3, 3, 3, 3, 3, 3, 3, 3, 3, 3, 3, 3, 3, 3, 3, 3, 3, 3, 3, 3, 3, 3, 3, 3, 3, 3, 3, 3, 3, 3, 3, 3, 3, 3, 3, 3, 3, 3, 3, 3, 3, 3, 3, 3, 3, 3, 3, 3, 3, 3, 3, 3, 3, 3, 3, 3, 3, 3, 3, 3, 3, 3, 3, 3, 3, 3, 3, 3, 3, 3, 3, 3, 3, 3, 3, 3, 3, 3, 3, 3, 3, 3, 3, 3, 3, 3, 3, 3, 3, 3, 3, 3, 3, 3, 3, 3, 3, 3, 3, 3, 3, 3, 3, 3, 3, 3, 3, 3, 3, 3, 3, 3, 3, 3, 3, 3, 3, 3, 3, 3, 3, 3, 3, 3, 3, 3, 3, 3, 3, 3, 3, 3, 3, 3, 3, 3, 3, 3, 3, 3, 3, 3, 3, 3, 3, 3, 3, 3, 3, 3, 3, 3, 3, 3, 3, 3, 3, 3, 3, 3, 3, 3, 3, 3, 3, 3, 3, 3, 3, 3, 3, 3, 3, 3, 3, 3, 3, 3, 3, 3, 3, 3, 3, 3, 3, 3, 3, 3, 3, 3, 3, 3, 3, 3, 3, 3, 3, 3, 3, 3, 3, 3, 3, 3, 3, 3, 3, 3, 3, 3, 3, 3, 3, 3, 3, 3, 3, 3, 3, 3, 3, 3, 3, 3, 3, 3, 3, 3, 3, 3, 3, 3, 3, 3, 3, 3, 3, 3, 3, 3, 3, 3, 3, 3, 3, 3, 3, 3, 3, 3, 3, 3, 3, 3, 3, 3, 3, 3, 3, 3, 3, 3, 3, 3, 3, 3, 3, 3, 3, 3, 3, 3, 3, 3, 3, 3, 3, 3, 3, 3, 3, 3, 3, 3, 3, 3, 3, 3, 3, 3, 3, 3, 3, 3, 3, 3, 3, 3, 3, 3, 3, 3, 3, 3, 3, 3, 3, 3, 3, 3, 3, 3, 3, 3, 3, 3, 3, 3, 3, 3, 3, 3, 3, 3, 3, 3, 3, 3, 3, 3, 3, 3, 3, 3, 3, 3, 3, 3, 3, 3, 3, 3, 3, 3, 3, 3, 3, 3, 3, 3, 3, 3, 3, 3, 3, 3, 3, 3, 3, 3, 3, 3, 3, 3, 3, 3, 3, 3, 3, 3, 3, 3, 3, 3, 3, 3, 3, 3, 3, 3, 3, 3, 3, 3, 3, 3, 3, 3, 3, 3, 3, 3, 3, 3, 3, 3, 3, 3, 3, 3, 3, 3, 3, 3, 3, 3, 3, 3, 3, 3, 3, 3, 3, 3, 3, 3, 3, 3, 3, 3, 3, 3, 3, 3, 3, 3, 3, 3, 3, 3, 3, 3, 3, 3, 3, 3, 3, 3, 3, 3, 3, 3, 3, 3, 3, 3, 3, 3, 3, 3, 3, 3, 3, 3, 3, 3, 3, 3, 3, 3, 3, 3, 3, 3, 3, 3, 3, 3, 3, 3, 3, 3, 3, 3, 3, 3, 3, 3, 3, 3, 3, 3, 3, 3, 3, 3, 3, 3, 3, 3, 3, 3, 3, 3, 3, 3, 3, 3, 3, 3, 3, 3, 3, 3, 3, 3, 3, 3, 3, 3, 3, 3, 3, 3, 3, 3, 3, 3, 3, 3, 3, 3, 3, 3, 3, 3, 3, 3, 3, 3, 3, 3, 3, 3, 3, 3, 3, 3, 3, 3, 3, 3, 3, 3, 3, 3, 3, 3, 3, 3, 3, 3, 3, 3, 3, 3, 3, 3, 3, 3, 3, 3, 3, 3, 3, 3, 3, 3, 3, 3, 3, 3, 3, 3, 3, 3, 3, 3, 3, 3, 3, 3, 3, 3, 3, 3, 3, 3, 3, 3, 3, 3, 3, 3, 3, 3, 3, 3, 3, 3, 3, 3, 3, 3, 3, 3, 3, 3, 3, 3, 3, 3, 3, 3, 3, 3, 3, 3, 3, 3, 3, 3, 3, 3, 3, 3, 3, 3, 3, 3, 3, 3, 3, 3, 3, 3, 3, 3, 3, 3, 3, 3, 3, 3, 3, 3, 3, 3, 3, 3, 3, 3, 3, 3, 3, 3, 3, 3, 3, 3, 3, 3, 3, 3, 3, 3, 3, 3, 3, 3, 3, 3, 3, 3, 3, 3, 3, 3, 3, 3, 3, 3, 3, 3, 3, 3, 3, 3, 3, 3, 3, 3, 3, 3, 3, 3, 3, 3, 3, 3, 3, 3, 3, 3, 3, 3, 3, 3, 3, 3, 3, 3, 3, 3, 3, 3, 3, 3, 3, 3, 3, 3, 3, 3, 3, 3, 3, 3, 3, 3, 3, 3, 3, 3, 3, 3, 3, 3, 3, 3, 3, 3, 3, 3, 3, 3, 3, 3, 3, 3, 3, 3, 3, 3, 3, 3, 3, 3, 3, 3, 3, 3, 3, 3, 3, 3, 3, 3, 3, 3, 3, 3, 3, 3, 3, 3, 3, 3, 3, 3, 3, 3, 3, 3, 3, 3, 3, 3, 3, 3, 3, 3, 3, 3, 3, 3, 3, 3, 3, 3, 3, 3, 3, 3, 3, 3, 3, 3, 3, 3, 3, 3, 3, 3, 3, 3, 3, 3, 3, 3, 3, 3, 3, 3, 3, 3, 3, 3, 3, 3, 3, 3, 3, 3, 3, 3, 3, 3, 3, 3, 3, 3, 3, 3, 3, 3, 3, 3, 3, 3, 3, 3, 3, 3, 3, 3, 3, 3, 3, 3, 3, 3, 3, 3, 3, 3, 3, 3, 3, 3, 3, 3, 3, 3, 3, 3, 3, 3, 3, 3, 3, 3, 3, 3, 3, 3, 3, 3, 3, 3, 3, 3, 3, 3, 3, 3, 3, 3, 3, 3, 3, 3, 3, 3, 3, 3, 3, 3, 3, 3, 3, 3, 3, 3, 3, 3, 3, 3, 3, 3, 3, 3, 3, 3, 3, 3, 3, 3, 3, 3, 3, 3, 3, 3, 3, 3, 3, 3, 3, 3, 3, 3, 3, 3, 3, 3, 3, 3, 3, 3, 3, 3, 3, 3, 3, 3, 3, 3, 3, 3, 3, 3, 3, 3, 3, 3, 3, 3, 3, 3, 3, 3, 3, 3, 3, 3, 3, 3, 3, 3, 3, 3, 3, 3, 3, 3, 3, 3, 3, 3, 3, 3, 3, 3, 3, 3, 3, 3, 3, 3, 3, 3, 3, 3, 3, 3, 3, 3, 3, 3, 3, 3, 3, 3, 3, 3, 3, 3, 3, 3, 3, 3, 3, 3, 3, 3, 3, 3, 3, 3, 3, 3, 3, 3, 3, 3, 3, 3, 3, 3, 3, 3, 3, 3, 3, 3, 3, 3, 3, 3, 3, 3, 3, 3, 3, 3, 3, 3, 3, 3, 3, 3, 3, 3, 3, 3, 3, 3, 3, 3, 3, 3, 3, 3, 3, 3, 3, 3, 3, 3, 3, 3, 3, 3, 3, 3, 3, 3, 3, 3, 3, 3, 3, 3, 3, 3, 3, 3, 3, 3, 3, 3, 3, 3, 3, 3, 3, 3, 3, 3, 3, 3, 3, 3, 3, 3, 3, 3, 3, 3, 3, 3, 3, 3, 3, 3, 3, 3, 3, 3, 3, 3, 3, 3, 3, 3, 3, 3, 3, 3, 3, 3, 3, 3, 3, 3, 3, 3, 3, 3, 3, 3, 3, 3, 3, 3, 3, 3, 3, 3, 3, 3, 3, 3, 3, 3, 3, 3, 3, 3, 3, 3, 3, 3, 3, 3, 3, 3, 3, 3, 3, 3, 3, 3, 3, 3, 3, 3, 3, 3, 3, 3, 3, 3, 3, 3, 3, 3, 3, 3, 3, 3, 3, 3, 3, 3, 3, 3, 3, 3, 3, 3, 3, 3, 3, 3, 3, 3, 3, 3, 3, 3, 3, 3, 3, 3, 3, 3, 3, 3, 3, 3, 3, 3, 3, 3, 3, 3, 3, 3, 3, 3, 3, 3, 3, 3, 3, 3, 3, 3, 3, 3, 3, 3, 3, 3, 3, 3, 3, 3, 3, 3, 3, 3, 3, 3, 3, 3, 3, 3, 3, 3, 3, 3, 3, 3, 3, 3, 3, 3, 3, 3, 3, 3, 3, 3, 3, 3, 3, 3, 3, 3, 3, 3, 3, 3, 3, 3, 3, 3, 3, 3, 3, 3, 3, 3, 3, 3, 3, 3, 3, 3, 3, 3, 3, 3, 3, 3, 3, 3, 3, 3, 3, 3, 3, 3, 3, 3, 3, 3, 3, 3, 3, 3, 3, 3, 3, 3, 3, 3, 3, 3, 3, 3, 3, 3, 3, 3, 3, 3, 3, 3, 3, 3, 3, 3, 3, 3, 3, 3, 3, 3, 3, 3, 3, 3, 3, 3, 3, 3, 3, 3, 3, 3, 3, 3, 3, 3, 3, 3, 3, 3, 3, 3, 3, 3, 3, 3, 3, 3, 3, 3, 3, 3, 3, 3, 3, 3, 3, 3, 3, 3, 3, 3, 3, 3, 3, 3, 3, 3, 3, 3, 3, 3, 3, 3, 3, 3, 3, 3, 3, 3, 3, 3, 3, 3, 3, 3, 3, 3, 3, 3, 3, 3, 3, 3, 3, 3, 3, 3, 3, 3, 3, 3, 3, 3, 3, 3, 3, 3, 3, 3, 3, 3, 3, 3, 3, 3, 3, 3, 3, 3, 3, 3, 3, 3, 3, 3, 3, 3, 3, 3, 3, 3, 3, 3, 3, 3, 3, 3, 3, 3, 3, 3, 3, 3, 3, 3, 3, 3, 3, 3, 3, 3, 3, 3, 3, 3, 3, 3, 3, 3, 3, 3, 3, 3, 3, 3, 3, 3, 3, 3, 3, 3, 3, 3, 3, 3, 3, 3, 3, 3, 3, 3, 3, 3, 3, 3, 3, 3, 3, 3, 3, 3, 3, 3, 3, 3, 3, 3, 3, 3, 3, 3, 3, 3, 3, 3, 3, 3, 3, 3, 3, 3, 3, 3, 3, 3, 3, 3, 3, 3, 3, 3, 3, 3, 3, 3, 3, 3, 3, 3, 3, 3, 3, 3, 3, 3, 3, 3, 3, 3, 3, 3, 3, 3, 3, 3, 3, 3, 3, 3, 3, 3, 3, 3, 3, 3, 3, 3, 3, 3, 3, 3, 3, 3, 3, 3, 3, 3, 3, 3, 3, 3, 3, 3, 3, 3, 3, 3, 3, 3, 3, 3, 3, 3, 3, 3, 3, 3, 3, 3, 3, 3, 3, 3, 3, 3, 3, 3, 3, 3, 3, 3, 3, 3, 3, 3, 3, 3, 3, 3, 3, 3, 3, 3, 3, 3, 3, 3, 3, 3, 3, 3, 3, 3, 3, 3, 3, 3, 3, 3, 3, 3, 3, 3, 3, 3, 3, 3, 3, 3, 3, 3, 3, 3, 3, 3, 3, 3, 3, 3, 3, 3, 3, 3, 3, 3, 3, 3, 3, 3, 3, 3, 3, 3, 3, 3, 3, 3, 3, 3, 3, 3, 3, 3, 3, 3, 3, 3, 3, 3, 3, 3, 3, 3, 3, 3, 3, 3, 3, 3, 3, 3, 3, 3, 3, 3, 3, 3, 3, 3, 3, 3, 3, 3, 3, 3, 3, 3, 3, 3, 3, 3, 3, 3, 3, 3, 3, 3, 3, 3, 3, 3, 3, 3, 3, 3, 3, 3, 3, 3, 3, 3, 3, 3, 3, 3, 3, 3, 3, 3, 3, 3, 3, 3, 3, 3, 3, 3, 3, 3, 3, 3, 3, 3, 3, 3, 3, 3, 3, 3, 3, 3, 3, 3, 3, 3, 3, 3, 3, 3, 3, 3, 3, 3, 3, 3, 3, 3, 3, 3, 3, 3, 3, 3, 3, 3, 3, 3, 3, 3, 3, 3, 3, 3, 3, 3, 3, 3, 3, 3, 3, 3, 3, 3, 3, 3, 3, 3, 3, 3, 3, 3, 3, 3, 3, 3, 3, 3, 3, 3, 3, 3, 3, 3, 3, 3, 3, 3, 3, 3, 3, 3, 3, 3, 3, 3, 3, 3, 3, 3, 3, 3, 3, 3, 3, 3, 3, 3, 3, 3, 3, 3, 3, 3, 3, 3, 3, 3, 3, 3, 3, 3, 3, 3, 3, 3, 3, 3, 3, 3, 3, 3, 3, 3, 3, 3, 3, 3, 3, 3, 3, 3, 3, 3, 3, 3, 3, 3, 3, 3, 3, 3, 3, 3, 3, 3, 3, 3, 3, 3, 3, 3, 3, 3, 3, 3, 3, 3, 3, 3, 3, 3, 3, 3, 3, 3, 3, 3, 3, 3, 3, 3, 3, 3, 3, 3, 3, 3, 3, 3, 3, 3, 3, 3, 3, 3, 3, 3, 3, 3, 3, 3, 3, 3, 3, 3, 3, 3, 3, 3, 3, 3, 3, 3, 3, 3, 3, 3, 3, 3, 3, 3, 3, 3, 3, 3, 3, 3, 3, 3, 3, 3, 3, 3, 3, 3, 3, 3, 3, 3, 3, 3, 3, 3, 3, 3, 3, 3, 3, 3, 3, 3, 3, 3, 3, 3, 3, 3, 3, 3, 3, 3, 3, 3, 3, 3, 3, 3, 3, 3, 3, 3, 3, 3, 3, 3, 3, 3, 3, 3, 3, 3, 3, 3, 3, 3, 3, 3, 3, 3, 3, 3, 3, 3, 3, 3, 3, 3, 3, 3, 3, 3, 3, 3, 3, 3, 3, 3, 3, 3, 3, 3, 3, 3, 3, 3, 3, 3, 3, 3, 3, 3, 3, 3, 3, 3, 3, 3, 3, 3, 3, 3, 3, 3, 3, 3, 3, 3, 3, 3, 3, 3, 3, 3, 3, 3, 3, 3, 3, 3, 3, 3, 3, 3, 3, 3, 3, 3, 3, 3, 3, 3, 3, 3, 3, 3, 3, 3, 3, 3, 3, 3, 3, 3, 3, 3, 3, 3, 3, 3, 3, 3, 3, 3, 3, 3, 3, 3, 3, 3, 3, 3, 3, 3, 3, 3, 3, 3, 3, 3, 3, 3, 3, 3, 3, 3, 3, 3, 3, 3, 3, 3, 3, 3, 3, 3, 3, 3, 3, 3, 3, 3, 3, 3, 3, 3, 3, 3, 3, 3, 3, 3, 3, 3, 3, 3, 3, 3, 3, 3, 3, 3, 3, 3, 3, 3, 3, 3, 3, 3, 3, 3, 3, 3, 3, 3, 3, 3, 3, 3, 3, 3, 3, 3, 3, 3, 3, 3, 3, 3, 3, 3, 3, 3, 3, 3, 3, 3, 3, 3, 3, 3, 3, 3, 3, 3, 3, 3, 3, 3, 3, 3, 3, 3, 3, 3, 3, 3, 3, 3, 3, 3, 3, 3, 3, 3, 3, 3]
        int[] faceVertexIndices = [2, 0, 1, 2, 3, 0, 5, 0, 4, 1, 0, 5, 6, 1, 5, 7, 1, 6, 7, 2, 1, 12, 7, 8, 12, 8, 9, 12, 9, 10, 12, 10, 11, 12, 2, 7, 12, 13, 3, 12, 3, 2, 13, 14, 15, 16, 13, 15, 17, 13, 16, 4, 13, 17, 3, 4, 0, 3, 13, 4, 19, 7, 6, 19, 6, 18, 73, 74, 6, 75, 6, 74, 72, 73, 6, 76, 6, 75, 71, 72, 6, 77, 6, 76, 70, 71, 6, 78, 6, 77, 69, 70, 6, 79, 6, 78, 68, 69, 6, 80, 6, 79, 67, 68, 6, 81, 6, 80, 66, 67, 6, 82, 6, 81, 65, 66, 6, 83, 6, 82, 64, 65, 6, 63, 64, 6, 84, 6, 83, 85, 6, 84, 86, 6, 85, 87, 6, 86, 88, 6, 87, 89, 6, 88, 18, 21, 22, 18, 22, 23, 18, 23, 24, 18, 24, 25, 18, 25, 26, 18, 26, 27, 18, 27, 28, 18, 6, 89, 18, 89, 90, 18, 90, 91, 18, 91, 92, 18, 92, 93, 18, 93, 94, 18, 94, 95, 18, 95, 96, 18, 96, 97, 18, 97, 98, 18, 98, 99, 18, 99, 100, 18, 100, 101, 18, 101, 102, 18, 102, 103, 18, 103, 104, 18, 104, 21, 158, 52, 53, 158, 53, 157, 159, 52, 158, 159, 51, 52, 156, 53, 54, 156, 157, 53, 160, 51, 159, 160, 50, 51, 155, 54, 55, 155, 156, 54, 161, 50, 160, 161, 49, 50, 154, 55, 56, 154, 155, 55, 162, 48, 49, 162, 49, 161, 153, 56, 57, 153, 154, 56, 163, 46, 47, 163, 47, 48, 163, 48, 162, 152, 57, 58, 152, 58, 59, 152, 153, 57, 164, 45, 46, 164, 46, 163, 151, 152, 59, 165, 45, 164, 166, 43, 44, 166, 44, 45, 166, 45, 165, 167, 43, 166, 168, 41, 42, 168, 42, 43, 168, 43, 167, 169, 41, 168, 170, 40, 41, 170, 41, 169, 171, 39, 40, 171, 40, 170, 172, 38, 39, 172, 39, 171, 173, 36, 37, 173, 37, 38, 173, 38, 172, 174, 35, 36, 174, 36, 173, 175, 35, 174, 176, 35, 175, 176, 34, 35, 177, 34, 176, 177, 33, 34, 178, 31, 32, 178, 32, 33, 178, 33, 177, 179, 30, 31, 179, 31, 178, 180, 30, 179, 181, 28, 29, 181, 29, 30, 181, 30, 180, 182, 28, 181, 5, 121, 122, 5, 122, 123, 5, 123, 124, 5, 124, 125, 5, 125, 126, 5, 126, 127, 5, 127, 128, 5, 128, 129, 5, 129, 130, 5, 130, 131, 5, 131, 132, 5, 132, 133, 5, 133, 134, 5, 134, 135, 5, 135, 136, 5, 136, 137, 5, 137, 138, 5, 138, 139, 5, 139, 140, 5, 140, 141, 5, 141, 142, 5, 142, 143, 5, 143, 144, 5, 144, 145, 5, 145, 146, 5, 146, 147, 20, 117, 118, 20, 118, 119, 20, 119, 120, 20, 120, 121, 20, 121, 5, 20, 28, 182, 20, 182, 183, 20, 183, 184, 20, 184, 185, 20, 185, 186, 20, 186, 187, 20, 187, 188, 20, 188, 105, 20, 18, 28, 20, 105, 106, 20, 106, 107, 20, 107, 108, 20, 108, 109, 20, 109, 110, 20, 110, 111, 20, 111, 112, 20, 112, 113, 20, 113, 114, 20, 114, 115, 20, 115, 116, 20, 116, 117, 5, 63, 6, 5, 62, 63, 5, 61, 62, 5, 60, 61, 5, 59, 60, 5, 147, 59, 147, 148, 59, 148, 149, 59, 149, 150, 59, 150, 151, 59, 5, 189, 20, 5, 4, 189, 191, 192, 193, 220, 190, 191, 221, 220, 191, 222, 221, 191, 223, 222, 191, 224, 223, 191, 225, 224, 191, 226, 225, 191, 209, 231, 230, 209, 230, 210, 208, 232, 231, 208, 231, 209, 211, 230, 229, 211, 210, 230, 207, 233, 232, 207, 234, 233, 207, 232, 208, 212, 211, 229, 212, 229, 228, 206, 234, 207, 213, 212, 228, 213, 228, 227, 205, 235, 234, 205, 234, 206, 214, 213, 227, 214, 227, 226, 204, 235, 205, 204, 236, 235, 203, 236, 204, 203, 237, 236, 202, 237, 203, 202, 238, 237, 202, 239, 238, 201, 239, 202, 200, 239, 201, 200, 240, 239, 199, 240, 200, 199, 19, 240, 196, 214, 226, 196, 215, 214, 196, 216, 215, 196, 217, 216, 196, 218, 217, 196, 219, 218, 196, 198, 219, 196, 226, 191, 197, 198, 196, 194, 196, 191, 194, 191, 193, 195, 196, 194, 8, 7, 19, 8, 19, 199, 8, 241, 242, 9, 8, 242, 246, 243, 244, 245, 244, 10, 245, 10, 9, 245, 246, 244, 247, 15, 14, 304, 247, 14, 303, 304, 14, 302, 303, 14, 301, 302, 14, 300, 301, 14, 297, 295, 296, 298, 299, 300, 284, 295, 297, 283, 297, 298, 283, 284, 297, 286, 295, 284, 287, 294, 295, 287, 295, 286, 288, 294, 287, 288, 293, 294, 289, 293, 288, 289, 292, 293, 290, 292, 289, 290, 291, 292, 285, 286, 284, 281, 282, 283, 281, 283, 298, 281, 300, 14, 281, 298, 300, 280, 281, 14, 279, 280, 14, 278, 279, 14, 277, 278, 14, 269, 267, 268, 270, 271, 272, 256, 269, 270, 256, 267, 269, 255, 256, 270, 258, 267, 256, 259, 265, 266, 259, 266, 267, 259, 267, 258, 260, 265, 259, 261, 264, 265, 261, 265, 260, 262, 263, 264, 262, 264, 261, 257, 258, 256, 253, 254, 255, 253, 270, 272, 253, 255, 270, 11, 10, 248, 11, 248, 249, 11, 249, 250, 11, 250, 251, 11, 251, 252, 11, 252, 253, 11, 277, 14, 11, 272, 273, 11, 273, 274, 11, 274, 275, 11, 275, 276, 11, 276, 277, 11, 253, 272, 13, 11, 14, 13, 12, 11, 306, 308, 307, 305, 16, 15, 305, 15, 308, 305, 308, 306, 310, 17, 16, 309, 17, 310, 358, 360, 359, 336, 358, 357, 337, 358, 336, 338, 358, 337, 339, 358, 338, 340, 358, 339, 341, 358, 340, 342, 358, 341, 326, 345, 346, 325, 346, 347, 325, 326, 346, 327, 345, 326, 324, 347, 348, 324, 325, 347, 328, 344, 345, 328, 345, 327, 323, 324, 348, 323, 348, 349, 323, 349, 350, 329, 342, 343, 329, 343, 344, 329, 344, 328, 322, 323, 350, 321, 350, 351, 321, 351, 352, 321, 322, 350, 330, 342, 329, 320, 321, 352, 319, 320, 352, 319, 352, 353, 318, 319, 353, 318, 353, 354, 318, 354, 355, 317, 318, 355, 316, 317, 355, 316, 355, 356, 316, 356, 189, 315, 316, 189, 311, 330, 331, 311, 331, 332, 311, 332, 333, 311, 333, 334, 311, 334, 335, 311, 342, 330, 311, 335, 314, 311, 358, 342, 313, 311, 314, 361, 358, 311, 361, 360, 358, 312, 361, 311, 17, 315, 189, 17, 189, 4, 383, 363, 362, 383, 364, 363, 383, 365, 364, 384, 220, 221, 384, 221, 222, 384, 222, 223, 384, 362, 220, 384, 383, 362, 385, 366, 365, 385, 367, 366, 385, 365, 383, 386, 223, 224, 386, 224, 225, 386, 383, 384, 386, 384, 223, 386, 385, 383, 387, 368, 367, 387, 369, 368, 387, 367, 385, 388, 225, 226, 388, 226, 227, 388, 387, 385, 388, 386, 225, 388, 385, 386, 389, 369, 387, 389, 370, 369, 389, 371, 370, 390, 227, 228, 390, 228, 229, 390, 388, 227, 390, 387, 388, 390, 389, 387, 391, 372, 371, 391, 371, 389, 392, 229, 230, 392, 391, 389, 392, 389, 390, 392, 390, 229, 393, 373, 372, 393, 374, 373, 393, 372, 391, 394, 392, 230, 394, 230, 231, 394, 231, 232, 394, 391, 392, 394, 393, 391, 395, 375, 374, 395, 376, 375, 395, 374, 393, 396, 232, 233, 396, 233, 234, 396, 393, 394, 396, 395, 393, 396, 394, 232, 397, 376, 395, 397, 377, 376, 397, 378, 377, 397, 395, 396, 398, 397, 396, 398, 234, 235, 398, 235, 236, 398, 396, 234, 399, 379, 378, 399, 380, 379, 399, 378, 397, 400, 236, 237, 400, 397, 398, 400, 237, 238, 400, 398, 236, 400, 399, 397, 401, 380, 399, 401, 381, 380, 401, 382, 381, 401, 18, 382, 402, 238, 239, 402, 239, 240, 402, 240, 19, 402, 401, 399, 402, 399, 400, 402, 18, 401, 402, 19, 18, 402, 400, 238, 423, 382, 18, 423, 18, 20, 422, 380, 381, 422, 381, 382, 422, 382, 423, 421, 380, 422, 420, 378, 379, 420, 379, 380, 420, 380, 421, 419, 378, 420, 418, 377, 378, 418, 378, 419, 417, 376, 377, 417, 377, 418, 416, 374, 375, 416, 375, 376, 416, 376, 417, 415, 373, 374, 415, 374, 416, 414, 373, 415, 413, 372, 373, 413, 373, 414, 412, 370, 371, 412, 371, 372, 412, 372, 413, 411, 370, 412, 410, 370, 411, 410, 369, 370, 409, 368, 369, 409, 369, 410, 408, 367, 368, 408, 368, 409, 407, 366, 367, 407, 367, 408, 406, 365, 366, 406, 366, 407, 405, 364, 365, 405, 365, 406, 404, 363, 364, 404, 364, 405, 403, 362, 363, 403, 363, 404, 425, 42, 424, 425, 43, 42, 426, 43, 425, 426, 44, 43, 427, 45, 44, 427, 44, 426, 428, 46, 45, 428, 45, 427, 429, 47, 46, 429, 46, 428, 430, 48, 47, 430, 47, 429, 431, 49, 48, 431, 48, 430, 432, 49, 431, 432, 50, 49, 433, 50, 432, 433, 51, 50, 433, 52, 51, 434, 52, 433, 435, 52, 434, 435, 53, 52, 436, 53, 435, 436, 54, 53, 436, 55, 54, 437, 55, 436, 438, 55, 437, 438, 56, 55, 439, 58, 57, 439, 56, 438, 439, 57, 56, 440, 59, 58, 440, 58, 439, 441, 60, 59, 441, 59, 440, 442, 61, 60, 442, 60, 441, 443, 62, 61, 443, 61, 442, 444, 62, 443, 445, 63, 62, 445, 64, 63, 445, 62, 444, 446, 65, 64, 446, 64, 445, 447, 66, 65, 447, 65, 446, 448, 67, 66, 448, 66, 447, 449, 68, 67, 449, 67, 448, 450, 68, 449, 451, 69, 68, 451, 68, 450, 452, 70, 69, 452, 71, 70, 452, 69, 451, 453, 72, 71, 453, 71, 452, 454, 72, 453, 455, 73, 72, 455, 72, 454, 456, 73, 455, 456, 74, 73, 456, 75, 74, 457, 75, 456, 458, 75, 457, 458, 76, 75, 459, 76, 458, 459, 77, 76, 459, 78, 77, 460, 78, 459, 461, 79, 78, 461, 78, 460, 462, 80, 79, 462, 79, 461, 463, 81, 80, 463, 80, 462, 464, 82, 81, 464, 81, 463, 465, 83, 82, 465, 84, 83, 465, 82, 464, 466, 84, 465, 467, 85, 84, 467, 84, 466, 468, 86, 85, 468, 85, 467, 469, 87, 86, 469, 86, 468, 470, 88, 87, 470, 87, 469, 471, 89, 88, 471, 88, 470, 472, 90, 89, 472, 91, 90, 472, 89, 471, 473, 91, 472, 474, 92, 91, 474, 91, 473, 475, 93, 92, 475, 92, 474, 476, 94, 93, 476, 93, 475, 477, 95, 94, 477, 94, 476, 478, 96, 95, 478, 95, 477, 479, 97, 96, 479, 96, 478, 480, 98, 97, 480, 97, 479, 481, 99, 98, 481, 100, 99, 481, 98, 480, 482, 100, 481, 483, 100, 482, 483, 101, 100, 484, 101, 483, 484, 102, 101, 485, 102, 484, 485, 103, 102, 486, 103, 485, 486, 104, 103, 486, 21, 104, 487, 21, 486, 487, 22, 21, 488, 22, 487, 489, 22, 488, 489, 23, 22, 490, 23, 489, 490, 24, 23, 491, 24, 490, 491, 25, 24, 492, 25, 491, 492, 26, 25, 493, 26, 492, 493, 27, 26, 494, 27, 493, 494, 28, 27, 494, 29, 28, 495, 29, 494, 496, 30, 29, 496, 29, 495, 497, 31, 30, 497, 30, 496, 498, 32, 31, 498, 31, 497, 499, 33, 32, 499, 32, 498, 500, 34, 33, 500, 33, 499, 501, 35, 34, 501, 36, 35, 501, 34, 500, 502, 36, 501, 502, 37, 36, 503, 37, 502, 504, 38, 37, 504, 39, 38, 504, 37, 503, 505, 39, 504, 506, 40, 39, 506, 39, 505, 507, 40, 506, 507, 41, 40, 507, 42, 41, 424, 42, 507, 509, 126, 508, 509, 127, 126, 510, 127, 509, 510, 128, 127, 511, 129, 128, 511, 128, 510, 512, 130, 129, 512, 129, 511, 513, 131, 130, 513, 130, 512, 514, 132, 131, 514, 131, 513, 515, 133, 132, 515, 132, 514, 516, 133, 515, 516, 134, 133, 517, 134, 516, 517, 135, 134, 517, 136, 135, 518, 136, 517, 519, 136, 518, 519, 137, 136, 520, 137, 519, 520, 138, 137, 520, 139, 138, 521, 139, 520, 522, 139, 521, 522, 140, 139, 523, 142, 141, 523, 140, 522, 523, 141, 140, 524, 143, 142, 524, 142, 523, 525, 144, 143, 525, 143, 524, 526, 145, 144, 526, 144, 525, 527, 146, 145, 527, 145, 526, 528, 146, 527, 529, 147, 146, 529, 148, 147, 529, 146, 528, 530, 149, 148, 530, 148, 529, 531, 150, 149, 531, 149, 530, 532, 151, 150, 532, 150, 531, 533, 152, 151, 533, 151, 532, 534, 152, 533, 535, 153, 152, 535, 152, 534, 536, 154, 153, 536, 155, 154, 536, 153, 535, 537, 156, 155, 537, 155, 536, 538, 156, 537, 539, 157, 156, 539, 156, 538, 540, 157, 539, 540, 158, 157, 540, 159, 158, 541, 159, 540, 542, 159, 541, 542, 160, 159, 543, 160, 542, 543, 161, 160, 543, 162, 161, 544, 162, 543, 545, 163, 162, 545, 162, 544, 546, 164, 163, 546, 163, 545, 547, 165, 164, 547, 164, 546, 548, 166, 165, 548, 165, 547, 549, 167, 166, 549, 168, 167, 549, 166, 548, 550, 168, 549, 551, 169, 168, 551, 168, 550, 552, 170, 169, 552, 169, 551, 553, 171, 170, 553, 170, 552, 554, 172, 171, 554, 171, 553, 555, 173, 172, 555, 172, 554, 556, 174, 173, 556, 175, 174, 556, 173, 555, 557, 175, 556, 558, 176, 175, 558, 175, 557, 559, 177, 176, 559, 176, 558, 560, 178, 177, 560, 177, 559, 561, 179, 178, 561, 178, 560, 562, 180, 179, 562, 179, 561, 563, 181, 180, 563, 180, 562, 564, 182, 181, 564, 181, 563, 565, 183, 182, 565, 184, 183, 565, 182, 564, 566, 184, 565, 567, 184, 566, 567, 185, 184, 568, 185, 567, 568, 186, 185, 569, 186, 568, 569, 187, 186, 570, 187, 569, 570, 188, 187, 570, 105, 188, 571, 105, 570, 571, 106, 105, 572, 106, 571, 573, 106, 572, 573, 107, 106, 574, 107, 573, 574, 108, 107, 575, 108, 574, 575, 109, 108, 576, 109, 575, 576, 110, 109, 577, 110, 576, 577, 111, 110, 578, 111, 577, 578, 112, 111, 578, 113, 112, 579, 113, 578, 580, 114, 113, 580, 113, 579, 581, 115, 114, 581, 114, 580, 582, 116, 115, 582, 115, 581, 583, 117, 116, 583, 116, 582, 584, 118, 117, 584, 117, 583, 585, 119, 118, 585, 120, 119, 585, 118, 584, 586, 120, 585, 586, 121, 120, 587, 121, 586, 588, 122, 121, 588, 123, 122, 588, 121, 587, 589, 123, 588, 590, 124, 123, 590, 123, 589, 591, 124, 590, 591, 125, 124, 591, 126, 125, 508, 126, 591, 592, 20, 189, 592, 421, 422, 592, 422, 423, 592, 423, 20, 593, 355, 354, 593, 356, 355, 593, 189, 356, 593, 592, 189, 594, 421, 592, 594, 419, 420, 594, 420, 421, 595, 353, 352, 595, 354, 353, 595, 594, 592, 595, 592, 593, 595, 593, 354, 596, 419, 594, 596, 417, 418, 596, 418, 419, 597, 351, 350, 597, 352, 351, 597, 596, 594, 597, 594, 595, 597, 595, 352, 598, 415, 416, 598, 416, 417, 598, 417, 596, 599, 349, 348, 599, 350, 349, 599, 598, 596, 599, 597, 350, 599, 596, 597, 600, 413, 414, 600, 414, 415, 600, 415, 598, 601, 347, 346, 601, 348, 347, 601, 600, 598, 601, 599, 348, 601, 598, 599, 602, 412, 413, 602, 413, 600, 603, 600, 601, 603, 346, 345, 603, 602, 600, 603, 601, 346, 604, 412, 602, 604, 410, 411, 604, 411, 412, 605, 603, 345, 605, 344, 343, 605, 345, 344, 605, 602, 603, 605, 604, 602, 606, 410, 604, 606, 408, 409, 606, 409, 410, 607, 342, 341, 607, 343, 342, 607, 606, 604, 607, 605, 343, 607, 604, 605, 608, 406, 407, 608, 407, 408, 608, 408, 606, 609, 340, 339, 609, 341, 340, 609, 606, 607, 609, 607, 341, 609, 608, 606, 610, 406, 608, 610, 403, 404, 610, 404, 405, 610, 405, 406, 611, 337, 336, 611, 338, 337, 611, 339, 338, 611, 609, 339, 611, 610, 608, 611, 608, 609, 611, 403, 610, 611, 336, 403, 613, 190, 612, 191, 190, 613, 190, 220, 362, 190, 362, 614, 616, 199, 615, 8, 616, 241, 8, 199, 616, 638, 617, 615, 638, 618, 617, 638, 619, 618, 638, 615, 199, 639, 199, 200, 639, 200, 201, 639, 201, 202, 639, 638, 199, 640, 620, 619, 640, 621, 620, 640, 619, 638, 641, 638, 639, 641, 202, 203, 641, 203, 204, 641, 640, 638, 641, 639, 202, 642, 622, 621, 642, 623, 622, 642, 621, 640, 643, 640, 641, 643, 642, 640, 643, 204, 205, 643, 205, 206, 643, 641, 204, 644, 624, 623, 644, 625, 624, 644, 623, 642, 645, 206, 207, 645, 207, 208, 645, 642, 643, 645, 643, 206, 645, 644, 642, 646, 626, 625, 646, 625, 644, 647, 644, 645, 647, 208, 209, 647, 209, 210, 647, 645, 208, 647, 646, 644, 648, 626, 646, 648, 627, 626, 648, 628, 627, 649, 210, 211, 649, 647, 210, 649, 646, 647, 649, 648, 646, 650, 629, 628, 650, 630, 629, 650, 628, 648, 651, 650, 648, 651, 648, 649, 651, 211, 212, 651, 212, 213, 651, 649, 211, 652, 631, 630, 652, 632, 631, 652, 630, 650, 653, 651, 213, 653, 213, 214, 653, 214, 215, 653, 650, 651, 653, 652, 650, 654, 633, 632, 654, 634, 633, 654, 632, 652, 654, 652, 653, 655, 654, 653, 655, 215, 216, 655, 216, 217, 655, 653, 215, 656, 634, 654, 656, 635, 634, 656, 636, 635, 656, 637, 636, 657, 637, 656, 657, 656, 654, 657, 198, 637, 657, 654, 655, 657, 655, 217, 657, 217, 218, 657, 218, 219, 657, 219, 198, 659, 197, 658, 198, 659, 637, 198, 197, 659, 661, 660, 197, 661, 197, 196, 195, 661, 196, 195, 662, 661, 195, 663, 662, 194, 664, 665, 195, 665, 666, 195, 666, 663, 195, 194, 665, 193, 667, 668, 669, 193, 668, 194, 669, 664, 194, 193, 669, 192, 670, 671, 672, 192, 671, 193, 672, 667, 193, 192, 672, 192, 673, 670, 613, 673, 192, 191, 613, 192, 242, 245, 9, 242, 674, 245, 241, 616, 674, 242, 241, 674, 675, 676, 244, 675, 244, 243, 658, 675, 243, 246, 658, 243, 659, 658, 246, 616, 659, 246, 616, 246, 245, 616, 245, 674, 244, 248, 10, 677, 244, 676, 677, 248, 244, 308, 679, 678, 247, 679, 308, 15, 247, 308, 766, 247, 304, 767, 247, 766, 768, 247, 767, 769, 247, 768, 770, 247, 769, 771, 247, 770, 772, 247, 771, 773, 247, 772, 679, 777, 778, 679, 778, 779, 679, 779, 780, 679, 780, 781, 679, 781, 782, 679, 782, 783, 679, 783, 784, 679, 784, 785, 679, 785, 786, 679, 786, 787, 679, 787, 788, 679, 788, 789, 679, 247, 773, 679, 773, 774, 679, 774, 775, 679, 775, 776, 679, 776, 777, 790, 679, 789, 791, 679, 790, 792, 679, 791, 793, 679, 792, 737, 679, 793, 738, 679, 737, 739, 679, 738, 740, 679, 739, 741, 679, 740, 709, 277, 276, 709, 765, 277, 710, 765, 709, 710, 763, 764, 710, 764, 765, 711, 763, 710, 712, 763, 711, 712, 762, 763, 713, 762, 712, 713, 761, 762, 714, 761, 713, 714, 760, 761, 715, 760, 714, 715, 758, 759, 715, 759, 760, 716, 758, 715, 716, 757, 758, 717, 757, 716, 718, 755, 756, 718, 756, 757, 718, 757, 717, 719, 755, 718, 719, 754, 755, 720, 754, 719, 721, 754, 720, 721, 752, 753, 721, 753, 754, 722, 752, 721, 723, 750, 751, 723, 751, 752, 723, 752, 722, 724, 750, 723, 724, 749, 750, 725, 748, 749, 725, 749, 724, 726, 748, 725, 727, 747, 748, 727, 748, 726, 728, 745, 746, 728, 746, 747, 728, 747, 727, 729, 745, 728, 729, 744, 745, 730, 744, 729, 731, 743, 744, 731, 744, 730, 248, 707, 708, 248, 708, 249, 732, 741, 742, 732, 742, 743, 732, 743, 731, 706, 707, 248, 733, 741, 732, 733, 679, 741, 705, 706, 248, 704, 705, 248, 703, 704, 248, 702, 703, 248, 701, 702, 248, 677, 680, 681, 677, 681, 682, 677, 682, 683, 677, 683, 684, 677, 684, 685, 677, 685, 686, 677, 686, 687, 677, 679, 733, 677, 687, 688, 677, 688, 689, 677, 689, 690, 677, 690, 691, 677, 691, 692, 677, 692, 693, 677, 693, 694, 677, 694, 695, 677, 695, 696, 677, 696, 697, 677, 697, 698, 677, 698, 699, 677, 733, 734, 677, 734, 735, 677, 735, 736, 677, 736, 680, 677, 701, 248, 677, 700, 701, 677, 699, 700, 793, 794, 737, 793, 815, 794, 792, 814, 815, 792, 815, 793, 791, 813, 814, 791, 814, 792, 790, 812, 813, 790, 813, 791, 789, 811, 812, 789, 812, 790, 788, 810, 811, 788, 811, 789, 787, 809, 810, 787, 810, 788, 786, 808, 809, 786, 809, 787, 785, 807, 808, 785, 808, 786, 784, 807, 785, 784, 806, 807, 783, 806, 784, 783, 805, 806, 782, 805, 783, 782, 804, 805, 781, 804, 782, 781, 803, 804, 780, 803, 781, 780, 802, 803, 779, 802, 780, 779, 801, 802, 778, 801, 779, 778, 800, 801, 777, 800, 778, 777, 799, 800, 776, 798, 799, 776, 799, 777, 775, 797, 798, 775, 798, 776, 774, 796, 797, 774, 797, 775, 773, 795, 796, 773, 796, 774, 772, 795, 773, 772, 822, 795, 771, 822, 772, 771, 821, 822, 770, 820, 821, 770, 821, 771, 769, 819, 820, 769, 820, 770, 768, 818, 819, 768, 819, 769, 767, 817, 818, 767, 818, 768, 766, 816, 817, 766, 817, 767, 301, 300, 816, 302, 301, 816, 303, 816, 766, 303, 302, 816, 304, 303, 766, 850, 282, 281, 850, 851, 282, 849, 851, 850, 849, 852, 851, 848, 852, 849, 848, 853, 852, 847, 853, 848, 847, 854, 853, 846, 854, 847, 846, 855, 854, 845, 855, 846, 845, 856, 855, 844, 856, 845, 844, 857, 856, 843, 857, 844, 843, 858, 857, 842, 859, 858, 842, 858, 843, 841, 860, 859, 841, 859, 842, 840, 861, 860, 840, 860, 841, 839, 862, 861, 839, 861, 840, 838, 863, 862, 838, 864, 863, 838, 862, 839, 837, 864, 838, 836, 865, 864, 836, 866, 865, 836, 864, 837, 835, 866, 836, 834, 867, 866, 834, 868, 867, 834, 866, 835, 833, 868, 834, 832, 869, 868, 832, 868, 833, 831, 870, 869, 831, 871, 870, 831, 869, 832, 830, 871, 831, 829, 871, 830, 829, 872, 871, 828, 872, 829, 828, 873, 872, 827, 873, 828, 827, 874, 873, 827, 875, 874, 826, 875, 827, 825, 875, 826, 825, 876, 875, 824, 876, 825, 824, 877, 876, 823, 877, 824, 823, 878, 877, 794, 878, 823, 794, 879, 878, 794, 880, 879, 815, 880, 794, 815, 881, 880, 814, 881, 815, 814, 882, 881, 813, 882, 814, 813, 883, 882, 812, 883, 813, 812, 884, 883, 811, 884, 812, 811, 885, 884, 810, 885, 811, 810, 886, 885, 809, 886, 810, 809, 887, 886, 808, 887, 809, 808, 888, 887, 807, 888, 808, 807, 889, 888, 806, 889, 807, 806, 890, 889, 805, 890, 806, 805, 891, 890, 804, 891, 805, 804, 892, 891, 803, 892, 804, 803, 893, 892, 802, 894, 893, 802, 893, 803, 801, 895, 894, 801, 894, 802, 800, 895, 801, 800, 896, 895, 799, 896, 800, 799, 897, 896, 798, 897, 799, 798, 898, 897, 797, 898, 798, 797, 899, 898, 796, 900, 899, 796, 899, 797, 795, 901, 900, 795, 900, 796, 822, 902, 901, 822, 901, 795, 821, 903, 902, 821, 902, 822, 820, 904, 903, 820, 903, 821, 819, 905, 904, 819, 904, 820, 818, 906, 905, 818, 905, 819, 817, 907, 906, 817, 906, 818, 816, 299, 907, 816, 907, 817, 300, 299, 816, 955, 890, 891, 954, 889, 890, 954, 890, 955, 956, 891, 892, 956, 955, 891, 953, 888, 889, 953, 889, 954, 957, 892, 893, 957, 956, 892, 952, 887, 888, 952, 888, 953, 958, 893, 894, 958, 957, 893, 951, 886, 887, 951, 887, 952, 959, 958, 894, 959, 894, 895, 950, 885, 886, 950, 886, 951, 960, 959, 895, 960, 895, 896, 949, 884, 885, 949, 885, 950, 961, 896, 897, 961, 960, 896, 948, 884, 949, 948, 883, 884, 962, 897, 898, 962, 961, 897, 947, 883, 948, 947, 882, 883, 963, 962, 898, 963, 898, 899, 946, 882, 947, 946, 881, 882, 964, 963, 899, 964, 899, 900, 945, 881, 946, 945, 880, 881, 965, 964, 900, 965, 900, 901, 944, 878, 879, 944, 879, 880, 944, 880, 945, 966, 965, 901, 966, 901, 902, 943, 877, 878, 943, 878, 944, 967, 966, 902, 967, 902, 903, 942, 876, 877, 942, 877, 943, 968, 967, 903, 968, 903, 904, 941, 875, 876, 941, 876, 942, 969, 904, 905, 969, 968, 904, 940, 874, 875, 940, 875, 941, 970, 969, 905, 970, 905, 906, 939, 873, 874, 939, 874, 940, 971, 970, 906, 971, 906, 907, 938, 872, 873, 938, 873, 939, 972, 907, 299, 972, 971, 907, 937, 871, 872, 937, 872, 938, 973, 972, 299, 936, 870, 871, 936, 871, 937, 974, 973, 299, 935, 870, 936, 869, 870, 935, 975, 974, 299, 934, 869, 935, 976, 975, 299, 868, 869, 934, 868, 934, 933, 977, 976, 299, 867, 868, 933, 867, 933, 932, 978, 977, 299, 979, 978, 299, 866, 867, 932, 866, 932, 931, 980, 979, 299, 298, 980, 299, 865, 866, 931, 865, 931, 930, 864, 865, 930, 864, 930, 929, 863, 864, 929, 863, 929, 928, 862, 863, 928, 862, 928, 927, 861, 862, 927, 861, 927, 926, 860, 861, 926, 860, 926, 925, 859, 860, 925, 859, 925, 924, 858, 924, 923, 858, 859, 924, 857, 923, 922, 857, 858, 923, 856, 922, 921, 856, 857, 922, 855, 921, 920, 855, 856, 921, 854, 920, 919, 854, 855, 920, 853, 919, 918, 853, 854, 919, 852, 918, 917, 852, 853, 918, 851, 917, 916, 851, 852, 917, 282, 908, 283, 282, 909, 908, 282, 910, 909, 282, 911, 910, 282, 912, 911, 282, 913, 912, 282, 914, 913, 282, 915, 914, 282, 916, 915, 282, 851, 916, 908, 1017, 284, 908, 284, 283, 909, 1016, 1017, 909, 1017, 908, 910, 1015, 1016, 910, 1016, 909, 911, 1014, 1015, 911, 1015, 910, 912, 1013, 1014, 912, 1014, 911, 913, 1012, 1013, 913, 1013, 912, 914, 1011, 1012, 914, 1012, 913, 915, 1010, 1011, 915, 1011, 914, 916, 1009, 1010, 916, 1010, 915, 917, 1008, 1009, 917, 1009, 916, 918, 1007, 1008, 918, 1008, 917, 919, 1006, 1007, 919, 1007, 918, 920, 1006, 919, 920, 1005, 1006, 921, 1005, 920, 921, 1004, 1005, 922, 1004, 921, 922, 1003, 1004, 923, 1003, 922, 923, 1002, 1003, 924, 1002, 923, 924, 1001, 1002, 925, 1001, 924, 925, 1000, 1001, 926, 1000, 925, 926, 999, 1000, 927, 999, 926, 927, 998, 999, 928, 998, 927, 928, 997, 998, 929, 997, 928, 929, 996, 997, 930, 996, 929, 930, 995, 996, 931, 995, 930, 931, 994, 995, 932, 994, 931, 932, 993, 994, 933, 993, 932, 933, 992, 993, 934, 992, 933, 934, 991, 992, 935, 991, 934, 935, 990, 991, 936, 990, 935, 936, 989, 990, 937, 989, 936, 937, 988, 989, 938, 988, 937, 938, 987, 988, 939, 986, 987, 939, 987, 938, 940, 986, 939, 940, 985, 986, 941, 984, 985, 941, 985, 940, 942, 983, 984, 942, 984, 941, 943, 982, 983, 943, 983, 942, 944, 982, 943, 944, 981, 982, 945, 981, 944, 945, 1053, 981, 946, 1053, 945, 946, 1052, 1053, 947, 1052, 946, 947, 1051, 1052, 948, 1051, 947, 948, 1050, 1051, 949, 1050, 948, 949, 1049, 1050, 950, 1049, 949, 950, 1048, 1049, 951, 1048, 950, 951, 1047, 1048, 952, 1047, 951, 952, 1046, 1047, 953, 1046, 952, 953, 1045, 1046, 954, 1044, 1045, 954, 1045, 953, 955, 1043, 1044, 955, 1044, 954, 956, 1043, 955, 956, 1041, 1042, 956, 1042, 1043, 957, 1041, 956, 958, 1039, 1040, 958, 1040, 1041, 958, 1041, 957, 959, 1039, 958, 960, 1037, 1038, 960, 1038, 1039, 960, 1039, 959, 961, 1037, 960, 962, 1036, 1037, 962, 1037, 961, 963, 1035, 1036, 963, 1036, 962, 964, 1034, 1035, 964, 1035, 963, 965, 1033, 1034, 965, 1034, 964, 966, 1032, 1033, 966, 1033, 965, 967, 1031, 1032, 967, 1032, 966, 968, 1030, 1031, 968, 1031, 967, 969, 1028, 1029, 969, 1029, 1030, 969, 1030, 968, 970, 1028, 969, 971, 1028, 970, 971, 1027, 1028, 972, 1027, 971, 972, 1026, 1027, 973, 1026, 972, 973, 1024, 1025, 973, 1025, 1026, 974, 1024, 973, 975, 1022, 1023, 975, 1023, 1024, 975, 1024, 974, 976, 1022, 975, 977, 1021, 1022, 977, 1022, 976, 978, 1020, 1021, 978, 1021, 977, 979, 1018, 1019, 979, 1019, 1020, 979, 1020, 978, 980, 1018, 979, 298, 297, 1018, 298, 1018, 980, 1023, 1022, 296, 1021, 296, 1022, 1024, 1023, 296, 1020, 296, 1021, 1025, 1024, 296, 1019, 296, 1020, 1026, 296, 1054, 1026, 1025, 296, 1018, 296, 1019, 1027, 1054, 1055, 1027, 1026, 1054, 297, 296, 1018, 1028, 1055, 1056, 1028, 1027, 1055, 1029, 1056, 1057, 1029, 1028, 1056, 1030, 1057, 1058, 1030, 1029, 1057, 1031, 1058, 1059, 1031, 1030, 1058, 1032, 1059, 1060, 1032, 1031, 1059, 1033, 1060, 1061, 1033, 1032, 1060, 1034, 1061, 1062, 1034, 1033, 1061, 1035, 1062, 1063, 1035, 1034, 1062, 1036, 1063, 1064, 1036, 1035, 1063, 1037, 1036, 1064, 1037, 1064, 1065, 1038, 1065, 1066, 1038, 1037, 1065, 1039, 1066, 1067, 1039, 1038, 1066, 1040, 1039, 1067, 1040, 1067, 1068, 1041, 1068, 1069, 1041, 1040, 1068, 1042, 1069, 1070, 1042, 1041, 1069, 1043, 1042, 1070, 1043, 1070, 1071, 1044, 1043, 1071, 1072, 1044, 1071, 1045, 1044, 1072, 1073, 1046, 1045, 1073, 1045, 1072, 1074, 1047, 1046, 1074, 1046, 1073, 285, 1010, 1009, 285, 1011, 1010, 285, 1012, 1011, 285, 1013, 1012, 285, 1014, 1013, 285, 1015, 1014, 285, 1016, 1015, 285, 1017, 1016, 285, 284, 1017, 1075, 1048, 1047, 1075, 1047, 1074, 1110, 285, 1009, 1110, 1009, 1008, 1076, 1049, 1048, 1076, 1048, 1075, 1109, 1110, 1008, 1109, 1008, 1007, 1077, 1050, 1049, 1077, 1049, 1076, 1108, 1007, 1006, 1108, 1109, 1007, 1078, 1051, 1050, 1078, 1050, 1077, 1107, 1006, 1005, 1107, 1108, 1006, 1079, 1052, 1051, 1079, 1051, 1078, 1106, 1107, 1005, 1106, 1005, 1004, 1080, 1052, 1079, 1080, 1053, 1052, 1105, 1106, 1004, 1105, 1004, 1003, 1081, 981, 1053, 1081, 1053, 1080, 1104, 1105, 1003, 1104, 1003, 1002, 1082, 981, 1081, 1103, 1104, 1002, 1103, 1002, 1001, 1083, 981, 1082, 1083, 982, 981, 1102, 1103, 1001, 1102, 1001, 1000, 1084, 982, 1083, 1084, 983, 982, 1101, 1102, 1000, 1101, 1000, 999, 1085, 983, 1084, 1085, 984, 983, 1100, 1101, 999, 1100, 999, 998, 1086, 985, 984, 1086, 984, 1085, 1099, 1100, 998, 1099, 998, 997, 1087, 986, 985, 1087, 985, 1086, 1098, 997, 996, 1098, 1099, 997, 1088, 986, 1087, 1088, 987, 986, 1097, 996, 995, 1097, 1098, 996, 1089, 987, 1088, 1089, 988, 987, 1096, 995, 994, 1096, 1097, 995, 1090, 988, 1089, 1090, 989, 988, 1095, 1096, 994, 1095, 994, 993, 1091, 989, 1090, 1091, 990, 989, 1094, 1095, 993, 1094, 993, 992, 1092, 991, 990, 1092, 990, 1091, 1093, 992, 991, 1093, 1094, 992, 1093, 991, 1092, 1139, 296, 295, 1139, 1054, 296, 1138, 1055, 1054, 1138, 1054, 1139, 1137, 1056, 1055, 1137, 1055, 1138, 1136, 1057, 1056, 1136, 1056, 1137, 1135, 1058, 1057, 1135, 1057, 1136, 1134, 1059, 1058, 1134, 1058, 1135, 1133, 1060, 1059, 1133, 1059, 1134, 1132, 1061, 1060, 1132, 1060, 1133, 1131, 1061, 1132, 1131, 1062, 1061, 1130, 1062, 1131, 1130, 1063, 1062, 1129, 1063, 1130, 1129, 1064, 1063, 1128, 1064, 1129, 1128, 1065, 1064, 1127, 1065, 1128, 1127, 1066, 1065, 1126, 1066, 1127, 1126, 1067, 1066, 1125, 1067, 1126, 1125, 1068, 1067, 1124, 1068, 1125, 1124, 1069, 1068, 1123, 1069, 1124, 1123, 1070, 1069, 1122, 1070, 1123, 1122, 1071, 1070, 1121, 1071, 1122, 1121, 1072, 1071, 1120, 1072, 1121, 1120, 1073, 1072, 1119, 1073, 1120, 1119, 1074, 1073, 1118, 1074, 1119, 1118, 1075, 1074, 1117, 1076, 1075, 1117, 1075, 1118, 1116, 1077, 1076, 1116, 1076, 1117, 1115, 1078, 1077, 1115, 1077, 1116, 1114, 1079, 1078, 1114, 1078, 1115, 1113, 1080, 1079, 1113, 1079, 1114, 1112, 1081, 1080, 1112, 1080, 1113, 1111, 1081, 1112, 1111, 1082, 1081, 1139, 295, 294, 293, 1139, 294, 292, 1139, 293, 1195, 1139, 292, 1195, 292, 291, 1195, 1138, 1139, 1194, 1138, 1195, 1194, 1137, 1138, 1193, 1137, 1194, 1193, 1136, 1137, 1192, 1136, 1193, 1192, 1135, 1136, 1191, 1135, 1192, 1191, 1134, 1135, 1190, 1134, 1191, 1190, 1133, 1134, 1189, 1133, 1190, 1189, 1132, 1133, 1188, 1132, 1189, 1188, 1131, 1132, 1187, 1131, 1188, 1187, 1130, 1131, 1186, 1130, 1187, 1186, 1129, 1130, 1185, 1129, 1186, 1185, 1128, 1129, 1184, 1127, 1128, 1184, 1128, 1185, 1183, 1126, 1127, 1183, 1127, 1184, 1182, 1125, 1126, 1182, 1126, 1183, 1181, 1124, 1125, 1181, 1125, 1182, 1180, 1123, 1124, 1180, 1124, 1181, 1179, 1123, 1180, 1179, 1122, 1123, 1178, 1122, 1179, 1178, 1121, 1122, 1177, 1121, 1178, 1177, 1120, 1121, 1176, 1120, 1177, 1176, 1119, 1120, 1175, 1119, 1176, 1175, 1118, 1119, 1174, 1118, 1175, 1174, 1117, 1118, 1173, 1117, 1174, 1173, 1116, 1117, 1172, 1116, 1173, 1172, 1115, 1116, 1171, 1115, 1172, 1171, 1114, 1115, 1170, 1114, 1171, 1170, 1113, 1114, 1169, 1113, 1170, 1169, 1112, 1113, 1168, 1112, 1169, 1168, 1111, 1112, 1167, 1216, 1111, 1167, 1111, 1168, 1166, 1215, 1216, 1166, 1216, 1167, 1165, 1214, 1215, 1165, 1215, 1166, 1164, 1213, 1214, 1164, 1214, 1165, 1163, 1212, 1213, 1163, 1213, 1164, 1162, 1211, 1212, 1162, 1212, 1163, 1161, 1210, 1211, 1161, 1211, 1162, 1160, 1209, 1210, 1160, 1210, 1161, 1159, 1208, 1209, 1159, 1209, 1160, 1158, 1207, 1208, 1158, 1208, 1159, 1157, 1206, 1207, 1157, 1207, 1158, 1156, 1205, 1206, 1156, 1206, 1157, 1155, 1204, 1205, 1155, 1205, 1156, 1154, 1203, 1204, 1154, 1204, 1155, 1153, 1202, 1203, 1153, 1203, 1154, 1152, 1202, 1153, 1152, 1201, 1202, 1151, 1201, 1152, 1151, 1200, 1201, 1150, 1200, 1151, 1150, 1199, 1200, 1149, 1199, 1150, 1149, 1198, 1199, 1148, 1198, 1149, 1148, 1197, 1198, 1147, 1197, 1148, 1147, 1196, 1197, 1146, 1223, 1196, 1146, 1196, 1147, 1145, 1222, 1223, 1145, 1223, 1146, 1144, 1221, 1222, 1144, 1222, 1145, 1143, 1220, 1221, 1143, 1221, 1144, 1142, 1219, 1220, 1142, 1220, 1143, 1141, 1218, 1219, 1141, 1219, 1142, 1140, 1217, 1218, 1140, 1218, 1141, 287, 286, 1217, 288, 287, 1217, 289, 1217, 1140, 289, 288, 1217, 290, 289, 1140, 581, 1177, 1178, 582, 1178, 1179, 582, 581, 1178, 580, 1176, 1177, 580, 1177, 581, 583, 582, 1179, 583, 1179, 1180, 579, 1176, 580, 579, 1175, 1176, 584, 1180, 1181, 584, 583, 1180, 578, 1175, 579, 578, 1174, 1175, 585, 1181, 1182, 585, 584, 1181, 577, 1174, 578, 577, 1173, 1174, 586, 585, 1182, 586, 1182, 1183, 576, 1173, 577, 576, 1172, 1173, 587, 1183, 1184, 587, 586, 1183, 575, 1172, 576, 575, 1171, 1172, 588, 587, 1184, 588, 1184, 1185, 574, 1170, 1171, 574, 1171, 575, 589, 1185, 1186, 589, 588, 1185, 573, 1169, 1170, 573, 1170, 574, 590, 589, 1186, 590, 1186, 1187, 572, 1168, 1169, 572, 1169, 573, 591, 590, 1187, 591, 1187, 1188, 508, 591, 1188, 508, 1188, 1189, 571, 1167, 1168, 571, 1168, 572, 509, 1189, 1190, 509, 508, 1189, 570, 1166, 1167, 570, 1167, 571, 510, 1190, 1191, 510, 509, 1190, 569, 1165, 1166, 569, 1166, 570, 511, 1191, 1192, 511, 510, 1191, 568, 1165, 569, 568, 1164, 1165, 512, 1192, 1193, 512, 511, 1192, 567, 1163, 1164, 567, 1164, 568, 513, 1193, 1194, 513, 512, 1193, 566, 1162, 1163, 566, 1163, 567, 514, 1194, 1195, 514, 513, 1194, 565, 1161, 1162, 565, 1162, 566, 515, 1195, 291, 515, 514, 1195, 564, 1160, 1161, 564, 1161, 565, 516, 515, 291, 563, 1159, 1160, 563, 1160, 564, 517, 516, 291, 562, 1158, 1159, 562, 1159, 563, 518, 517, 291, 561, 1158, 562, 1157, 1158, 561, 519, 518, 291, 560, 1157, 561, 520, 519, 291, 1156, 560, 559, 1156, 1157, 560, 521, 520, 291, 522, 521, 291, 1155, 559, 558, 1155, 1156, 559, 523, 522, 291, 524, 523, 291, 525, 524, 291, 1154, 558, 557, 1154, 1155, 558, 526, 525, 291, 1153, 557, 556, 1153, 1154, 557, 1152, 556, 555, 1152, 1153, 556, 1151, 555, 554, 1151, 1152, 555, 1150, 554, 553, 1150, 1151, 554, 1149, 553, 552, 1149, 1150, 553, 1148, 552, 551, 1148, 1149, 552, 1147, 551, 550, 1147, 1148, 551, 1146, 1147, 550, 1146, 550, 549, 1145, 1146, 549, 1145, 549, 548, 1144, 1145, 548, 1144, 548, 547, 1143, 1144, 547, 1143, 547, 546, 1142, 1143, 546, 1142, 546, 545, 1141, 1142, 545, 1141, 545, 544, 1140, 1141, 544, 1140, 544, 543, 290, 1140, 543, 290, 533, 532, 290, 534, 533, 290, 535, 534, 290, 536, 535, 290, 537, 536, 290, 538, 537, 290, 539, 538, 290, 540, 539, 290, 541, 540, 290, 542, 541, 290, 543, 542, 290, 529, 291, 529, 528, 291, 528, 527, 291, 527, 526, 291, 290, 530, 529, 290, 531, 530, 290, 532, 531, 1111, 1083, 1082, 1216, 1084, 1083, 1216, 1083, 1111, 1215, 1085, 1084, 1215, 1084, 1216, 1214, 1086, 1085, 1214, 1085, 1215, 1213, 1087, 1086, 1213, 1086, 1214, 1212, 1088, 1087, 1212, 1087, 1213, 1211, 1089, 1088, 1211, 1088, 1212, 1210, 1090, 1089, 1210, 1089, 1211, 1209, 1091, 1090, 1209, 1090, 1210, 1208, 1091, 1209, 1208, 1092, 1091, 1207, 1092, 1208, 1207, 1093, 1092, 1206, 1093, 1207, 1206, 1094, 1093, 1205, 1094, 1206, 1205, 1095, 1094, 1204, 1095, 1205, 1204, 1096, 1095, 1203, 1096, 1204, 1203, 1097, 1096, 1202, 1097, 1203, 1202, 1098, 1097, 1201, 1098, 1202, 1201, 1099, 1098, 1200, 1099, 1201, 1200, 1100, 1099, 1199, 1100, 1200, 1199, 1101, 1100, 1198, 1102, 1101, 1198, 1101, 1199, 1197, 1103, 1102, 1197, 1102, 1198, 1196, 1103, 1197, 1196, 1104, 1103, 1223, 1105, 1104, 1223, 1104, 1196, 1222, 1106, 1105, 1222, 1105, 1223, 1221, 1107, 1106, 1221, 1106, 1222, 1220, 1108, 1107, 1220, 1107, 1221, 1219, 1109, 1108, 1219, 1108, 1220, 1218, 1110, 1109, 1218, 1109, 1219, 1217, 285, 1110, 1217, 1110, 1218, 286, 285, 1217, 850, 281, 280, 279, 850, 280, 278, 850, 279, 765, 278, 277, 765, 849, 850, 765, 850, 278, 764, 848, 849, 764, 849, 765, 763, 847, 848, 763, 848, 764, 762, 846, 847, 762, 847, 763, 761, 845, 846, 761, 846, 762, 760, 844, 845, 760, 845, 761, 759, 843, 844, 759, 844, 760, 758, 843, 759, 758, 842, 843, 757, 842, 758, 757, 841, 842, 756, 841, 757, 756, 840, 841, 755, 840, 756, 755, 839, 840, 754, 839, 755, 754, 838, 839, 753, 838, 754, 753, 837, 838, 752, 837, 753, 752, 836, 837, 751, 836, 752, 751, 835, 836, 750, 835, 751, 750, 834, 835, 749, 834, 750, 749, 833, 834, 748, 832, 833, 748, 833, 749, 747, 831, 832, 747, 832, 748, 746, 830, 831, 746, 831, 747, 745, 829, 830, 745, 830, 746, 744, 828, 829, 744, 829, 745, 743, 827, 828, 743, 828, 744, 742, 826, 827, 742, 827, 743, 741, 825, 826, 741, 826, 742, 740, 824, 825, 740, 825, 741, 739, 823, 824, 739, 824, 740, 738, 794, 823, 738, 823, 739, 737, 794, 738, 736, 1224, 680, 736, 1245, 1224, 735, 1244, 1245, 735, 1245, 736, 734, 1243, 1244, 734, 1244, 735, 733, 1242, 1243, 733, 1243, 734, 732, 1241, 1242, 732, 1242, 733, 731, 1240, 1241, 731, 1241, 732, 730, 1239, 1240, 730, 1240, 731, 729, 1238, 1239, 729, 1239, 730, 728, 1237, 1238, 728, 1238, 729, 727, 1237, 728, 727, 1236, 1237, 726, 1236, 727, 726, 1235, 1236, 725, 1235, 726, 725, 1234, 1235, 724, 1234, 725, 724, 1233, 1234, 723, 1233, 724, 723, 1232, 1233, 722, 1232, 723, 722, 1231, 1232, 721, 1231, 722, 721, 1230, 1231, 720, 1230, 721, 720, 1229, 1230, 719, 1228, 1229, 719, 1229, 720, 718, 1227, 1228, 718, 1228, 719, 717, 1226, 1227, 717, 1227, 718, 716, 1225, 1226, 716, 1226, 717, 715, 1225, 716, 715, 1252, 1225, 714, 1252, 715, 714, 1251, 1252, 713, 1250, 1251, 713, 1251, 714, 712, 1249, 1250, 712, 1250, 713, 711, 1248, 1249, 711, 1249, 712, 710, 1247, 1248, 710, 1248, 711, 709, 1246, 1247, 709, 1247, 710, 273, 272, 1246, 274, 273, 1246, 275, 1246, 709, 275, 274, 1246, 276, 275, 709, 1280, 254, 253, 1280, 1281, 254, 1279, 1281, 1280, 1279, 1282, 1281, 1278, 1282, 1279, 1278, 1283, 1282, 1277, 1283, 1278, 1277, 1284, 1283, 1276, 1284, 1277, 1276, 1285, 1284, 1275, 1285, 1276, 1275, 1286, 1285, 1274, 1286, 1275, 1274, 1287, 1286, 1273, 1287, 1274, 1273, 1288, 1287, 1272, 1289, 1288, 1272, 1288, 1273, 1271, 1290, 1289, 1271, 1289, 1272, 1270, 1291, 1290, 1270, 1290, 1271, 1269, 1292, 1291, 1269, 1291, 1270, 1268, 1293, 1292, 1268, 1292, 1269, 1267, 1294, 1293, 1267, 1293, 1268, 1266, 1295, 1294, 1266, 1294, 1267, 1265, 1296, 1295, 1265, 1297, 1296, 1265, 1295, 1266, 1264, 1297, 1265, 1264, 1298, 1297, 1263, 1298, 1264, 1262, 1299, 1298, 1262, 1298, 1263, 1261, 1300, 1299, 1261, 1299, 1262, 1260, 1300, 1261, 1260, 1301, 1300, 1260, 1302, 1301, 1259, 1302, 1260, 1258, 1302, 1259, 1258, 1303, 1302, 1258, 1304, 1303, 1257, 1304, 1258, 1256, 1304, 1257, 1256, 1305, 1304, 1255, 1305, 1256, 1255, 1306, 1305, 1254, 1306, 1255, 1254, 1307, 1306, 1254, 1308, 1307, 1253, 1308, 1254, 1224, 1308, 1253, 1224, 1309, 1308, 1224, 1310, 1309, 1245, 1310, 1224, 1245, 1311, 1310, 1244, 1311, 1245, 1244, 1312, 1311, 1243, 1312, 1244, 1243, 1313, 1312, 1242, 1313, 1243, 1242, 1314, 1313, 1241, 1314, 1242, 1241, 1315, 1314, 1240, 1315, 1241, 1240, 1316, 1315, 1239, 1316, 1240, 1239, 1317, 1316, 1238, 1317, 1239, 1238, 1318, 1317, 1237, 1318, 1238, 1237, 1319, 1318, 1236, 1319, 1237, 1236, 1320, 1319, 1235, 1320, 1236, 1235, 1321, 1320, 1234, 1321, 1235, 1234, 1322, 1321, 1233, 1322, 1234, 1233, 1323, 1322, 1232, 1324, 1323, 1232, 1323, 1233, 1231, 1325, 1324, 1231, 1324, 1232, 1230, 1325, 1231, 1230, 1326, 1325, 1229, 1326, 1230, 1229, 1327, 1326, 1228, 1327, 1229, 1228, 1328, 1327, 1227, 1328, 1228, 1227, 1329, 1328, 1226, 1330, 1329, 1226, 1329, 1227, 1225, 1331, 1330, 1225, 1330, 1226, 1252, 1332, 1331, 1252, 1331, 1225, 1251, 1333, 1332, 1251, 1332, 1252, 1250, 1334, 1333, 1250, 1333, 1251, 1249, 1335, 1334, 1249, 1334, 1250, 1248, 1336, 1335, 1248, 1335, 1249, 1247, 1337, 1336, 1247, 1336, 1248, 1246, 271, 1337, 1246, 1337, 1247, 272, 271, 1246, 1349, 1320, 1321, 1348, 1319, 1320, 1348, 1320, 1349, 1350, 1321, 1322, 1350, 1349, 1321, 1347, 1318, 1319, 1347, 1319, 1348, 1351, 1322, 1323, 1351, 1350, 1322, 1346, 1317, 1318, 1346, 1318, 1347, 1352, 1323, 1324, 1352, 1351, 1323, 1345, 1316, 1317, 1345, 1317, 1346, 1353, 1352, 1324, 1353, 1324, 1325, 1344, 1316, 1345, 1344, 1315, 1316, 1354, 1325, 1326, 1354, 1353, 1325, 1343, 1314, 1315, 1343, 1315, 1344, 1355, 1326, 1327, 1355, 1354, 1326, 1342, 1314, 1343, 1342, 1313, 1314, 1356, 1327, 1328, 1356, 1355, 1327, 1341, 1313, 1342, 1341, 1312, 1313, 1357, 1328, 1329, 1357, 1356, 1328, 1340, 1312, 1341, 1340, 1311, 1312, 1358, 1329, 1330, 1358, 1357, 1329, 1339, 1311, 1340, 1339, 1310, 1311, 1359, 1330, 1331, 1359, 1358, 1330, 1338, 1310, 1339, 1338, 1308, 1309, 1338, 1309, 1310, 1360, 1359, 1331, 1360, 1331, 1332, 1410, 1307, 1308, 1410, 1308, 1338, 1361, 1360, 1332, 1361, 1332, 1333, 1409, 1306, 1307, 1409, 1307, 1410, 1362, 1361, 1333, 1362, 1333, 1334, 1408, 1305, 1306, 1408, 1306, 1409, 1363, 1334, 1335, 1363, 1362, 1334, 1407, 1304, 1305, 1407, 1305, 1408, 1364, 1363, 1335, 1364, 1335, 1336, 1406, 1303, 1304, 1406, 1304, 1407, 1365, 1336, 1337, 1365, 1364, 1336, 1405, 1302, 1303, 1405, 1303, 1406, 1366, 1337, 271, 1366, 1365, 1337, 1404, 1301, 1302, 1404, 1302, 1405, 1367, 1366, 271, 1403, 1300, 1301, 1403, 1301, 1404, 1368, 1367, 271, 1402, 1300, 1403, 1299, 1300, 1402, 1369, 1368, 271, 1401, 1299, 1402, 1370, 1369, 271, 1298, 1299, 1401, 1298, 1401, 1400, 1371, 1370, 271, 1297, 1298, 1400, 1297, 1400, 1399, 1372, 1371, 271, 1373, 1372, 271, 1296, 1297, 1399, 1296, 1399, 1398, 1374, 1373, 271, 270, 1374, 271, 1295, 1398, 1397, 1295, 1296, 1398, 1294, 1397, 1396, 1294, 1295, 1397, 1293, 1294, 1396, 1293, 1396, 1395, 1292, 1395, 1394, 1292, 1293, 1395, 1291, 1394, 1393, 1291, 1292, 1394, 1290, 1393, 1392, 1290, 1291, 1393, 1289, 1290, 1392, 1289, 1392, 1391, 1288, 1391, 1390, 1288, 1289, 1391, 1287, 1390, 1389, 1287, 1288, 1390, 1286, 1389, 1388, 1286, 1287, 1389, 1285, 1388, 1387, 1285, 1286, 1388, 1284, 1387, 1386, 1284, 1285, 1387, 1283, 1386, 1385, 1283, 1284, 1386, 1282, 1385, 1384, 1282, 1283, 1385, 1281, 1384, 1383, 1281, 1282, 1384, 254, 1378, 1377, 254, 1379, 1378, 254, 1380, 1379, 254, 1381, 1380, 254, 1382, 1381, 254, 1383, 1382, 254, 1281, 1383, 254, 1375, 255, 254, 1376, 1375, 254, 1377, 1376, 1338, 1447, 1411, 1339, 1446, 1447, 1339, 1447, 1338, 1340, 1445, 1446, 1340, 1446, 1339, 1341, 1444, 1445, 1341, 1445, 1340, 1342, 1443, 1444, 1342, 1444, 1341, 1343, 1443, 1342, 1343, 1442, 1443, 1344, 1442, 1343, 1344, 1441, 1442, 1345, 1441, 1344, 1345, 1440, 1441, 1346, 1440, 1345, 1346, 1439, 1440, 1347, 1439, 1346, 1347, 1438, 1439, 1348, 1438, 1347, 1348, 1437, 1438, 1349, 1437, 1348, 1349, 1436, 1437, 1350, 1436, 1349, 1350, 1435, 1436, 1351, 1435, 1350, 1351, 1434, 1435, 1352, 1434, 1351, 1352, 1433, 1434, 1353, 1433, 1352, 1353, 1432, 1433, 1354, 1432, 1353, 1354, 1431, 1432, 1355, 1431, 1354, 1355, 1430, 1431, 1356, 1430, 1355, 1356, 1429, 1430, 1357, 1428, 1429, 1357, 1429, 1356, 1358, 1427, 1428, 1358, 1428, 1357, 1359, 1426, 1427, 1359, 1427, 1358, 1360, 1425, 1426, 1360, 1426, 1359, 1361, 1424, 1425, 1361, 1425, 1360, 1362, 1423, 1424, 1362, 1424, 1361, 1363, 1422, 1423, 1363, 1423, 1362, 1364, 1421, 1422, 1364, 1422, 1363, 1365, 1420, 1421, 1365, 1421, 1364, 1366, 1419, 1420, 1366, 1420, 1365, 1367, 1418, 1419, 1367, 1419, 1366, 1368, 1418, 1367, 1368, 1417, 1418, 1369, 1417, 1368, 1369, 1416, 1417, 1370, 1416, 1369, 1370, 1415, 1416, 1371, 1415, 1370, 1372, 1415, 1371, 1372, 1413, 1414, 1372, 1414, 1415, 1373, 1413, 1372, 1373, 1412, 1413, 1374, 1412, 1373, 270, 1412, 1374, 270, 269, 1412, 1417, 1416, 268, 1415, 268, 1416, 1418, 1417, 268, 1414, 268, 1415, 1419, 1418, 268, 1413, 268, 1414, 1420, 268, 1448, 1420, 1419, 268, 1412, 268, 1413, 1421, 1448, 1449, 1421, 1420, 1448, 269, 268, 1412, 1422, 1449, 1450, 1422, 1421, 1449, 1423, 1450, 1451, 1423, 1422, 1450, 1424, 1451, 1452, 1424, 1423, 1451, 1425, 1452, 1453, 1425, 1424, 1452, 1426, 1453, 1454, 1426, 1425, 1453, 1427, 1454, 1455, 1427, 1426, 1454, 1428, 1455, 1456, 1428, 1427, 1455, 1429, 1456, 1457, 1429, 1428, 1456, 1430, 1429, 1457, 1430, 1457, 1458, 1431, 1430, 1458, 1431, 1458, 1459, 1432, 1459, 1460, 1432, 1431, 1459, 1433, 1460, 1461, 1433, 1432, 1460, 1434, 1461, 1462, 1434, 1433, 1461, 1435, 1462, 1463, 1435, 1434, 1462, 1436, 1463, 1464, 1436, 1435, 1463, 1437, 1464, 1465, 1437, 1436, 1464, 1438, 1437, 1465, 1466, 1438, 1465, 1439, 1438, 1466, 1467, 1440, 1439, 1467, 1439, 1466, 1468, 1440, 1467, 1468, 1441, 1440, 257, 1533, 1532, 257, 1534, 1533, 257, 1535, 1534, 257, 1536, 1535, 257, 1537, 1536, 257, 1538, 1537, 257, 1539, 1538, 257, 1540, 1539, 257, 256, 1540, 1469, 1442, 1441, 1469, 1441, 1468, 1504, 257, 1532, 1504, 1532, 1531, 1470, 1443, 1442, 1470, 1442, 1469, 1503, 1504, 1531, 1503, 1531, 1530, 1471, 1444, 1443, 1471, 1443, 1470, 1502, 1530, 1529, 1502, 1503, 1530, 1472, 1445, 1444, 1472, 1444, 1471, 1501, 1529, 1528, 1501, 1502, 1529, 1473, 1446, 1445, 1473, 1445, 1472, 1500, 1501, 1528, 1500, 1528, 1527, 1474, 1447, 1446, 1474, 1446, 1473, 1499, 1500, 1527, 1499, 1527, 1526, 1475, 1411, 1447, 1475, 1447, 1474, 1498, 1499, 1526, 1498, 1526, 1525, 1476, 1411, 1475, 1497, 1498, 1525, 1497, 1525, 1524, 1477, 1411, 1476, 1477, 1505, 1411, 1496, 1497, 1524, 1496, 1524, 1523, 1478, 1505, 1477, 1478, 1506, 1505, 1495, 1496, 1523, 1495, 1523, 1522, 1479, 1506, 1478, 1479, 1507, 1506, 1494, 1495, 1522, 1494, 1522, 1521, 1480, 1507, 1479, 1480, 1508, 1507, 1493, 1494, 1521, 1493, 1521, 1520, 1481, 1508, 1480, 1481, 1509, 1508, 1492, 1520, 1519, 1492, 1493, 1520, 1482, 1510, 1509, 1482, 1509, 1481, 1491, 1519, 1518, 1491, 1492, 1519, 1483, 1511, 1510, 1483, 1510, 1482, 1490, 1518, 1517, 1490, 1491, 1518, 1484, 1511, 1483, 1484, 1512, 1511, 1489, 1490, 1517, 1489, 1517, 1516, 1485, 1513, 1512, 1485, 1512, 1484, 1488, 1516, 1515, 1488, 1489, 1516, 1486, 1513, 1485, 1486, 1514, 1513, 1487, 1488, 1515, 1487, 1515, 1514, 1487, 1514, 1486, 1569, 268, 267, 1569, 1448, 268, 1568, 1449, 1448, 1568, 1448, 1569, 1567, 1450, 1449, 1567, 1449, 1568, 1566, 1451, 1450, 1566, 1450, 1567, 1565, 1452, 1451, 1565, 1451, 1566, 1564, 1453, 1452, 1564, 1452, 1565, 1563, 1454, 1453, 1563, 1453, 1564, 1562, 1455, 1454, 1562, 1454, 1563, 1561, 1455, 1562, 1561, 1456, 1455, 1560, 1456, 1561, 1560, 1457, 1456, 1559, 1457, 1560, 1559, 1458, 1457, 1558, 1458, 1559, 1558, 1459, 1458, 1557, 1459, 1558, 1557, 1460, 1459, 1556, 1460, 1557, 1556, 1461, 1460, 1555, 1461, 1556, 1555, 1462, 1461, 1554, 1462, 1555, 1554, 1463, 1462, 1553, 1463, 1554, 1553, 1464, 1463, 1552, 1464, 1553, 1552, 1465, 1464, 1551, 1465, 1552, 1551, 1466, 1465, 1550, 1466, 1551, 1550, 1467, 1466, 1549, 1467, 1550, 1549, 1468, 1467, 1548, 1468, 1549, 1548, 1469, 1468, 1547, 1470, 1469, 1547, 1469, 1548, 1546, 1471, 1470, 1546, 1472, 1471, 1546, 1470, 1547, 1545, 1472, 1546, 1544, 1473, 1472, 1544, 1472, 1545, 1543, 1474, 1473, 1543, 1473, 1544, 1542, 1475, 1474, 1542, 1474, 1543, 1541, 1475, 1542, 1541, 1476, 1475, 1569, 267, 266, 265, 1569, 266, 264, 1569, 265, 1625, 1569, 264, 1625, 264, 263, 1625, 1568, 1569, 1624, 1568, 1625, 1624, 1567, 1568, 1623, 1567, 1624, 1623, 1566, 1567, 1622, 1566, 1623, 1622, 1565, 1566, 1621, 1565, 1622, 1621, 1564, 1565, 1620, 1564, 1621, 1620, 1563, 1564, 1619, 1563, 1620, 1619, 1562, 1563, 1618, 1562, 1619, 1618, 1561, 1562, 1617, 1561, 1618, 1617, 1560, 1561, 1616, 1560, 1617, 1616, 1559, 1560, 1615, 1559, 1616, 1615, 1558, 1559, 1614, 1557, 1558, 1614, 1558, 1615, 1613, 1556, 1557, 1613, 1557, 1614, 1612, 1555, 1556, 1612, 1556, 1613, 1611, 1554, 1555, 1611, 1555, 1612, 1610, 1553, 1554, 1610, 1554, 1611, 1609, 1553, 1610, 1609, 1552, 1553, 1608, 1552, 1609, 1608, 1551, 1552, 1607, 1551, 1608, 1607, 1550, 1551, 1606, 1550, 1607, 1606, 1549, 1550, 1605, 1549, 1606, 1605, 1548, 1549, 1604, 1548, 1605, 1604, 1547, 1548, 1603, 1547, 1604, 1603, 1546, 1547, 1602, 1546, 1603, 1602, 1545, 1546, 1601, 1545, 1602, 1601, 1544, 1545, 1600, 1544, 1601, 1600, 1543, 1544, 1599, 1543, 1600, 1599, 1542, 1543, 1598, 1542, 1599, 1598, 1541, 1542, 1597, 1646, 1541, 1597, 1541, 1598, 1596, 1645, 1646, 1596, 1646, 1597, 1595, 1644, 1645, 1595, 1645, 1596, 1594, 1643, 1644, 1594, 1644, 1595, 1593, 1642, 1643, 1593, 1643, 1594, 1592, 1641, 1642, 1592, 1642, 1593, 1591, 1640, 1641, 1591, 1641, 1592, 1590, 1639, 1640, 1590, 1640, 1591, 1589, 1638, 1639, 1589, 1639, 1590, 1588, 1637, 1638, 1588, 1638, 1589, 1587, 1636, 1637, 1587, 1637, 1588, 1586, 1635, 1636, 1586, 1636, 1587, 1585, 1634, 1635, 1585, 1635, 1586, 1584, 1633, 1634, 1584, 1634, 1585, 1583, 1632, 1633, 1583, 1633, 1584, 1582, 1632, 1583, 1582, 1631, 1632, 1581, 1631, 1582, 1581, 1630, 1631, 1580, 1630, 1581, 1580, 1629, 1630, 1579, 1629, 1580, 1579, 1628, 1629, 1578, 1628, 1579, 1578, 1627, 1628, 1577, 1627, 1578, 1577, 1626, 1627, 1576, 1653, 1626, 1576, 1626, 1577, 1575, 1652, 1653, 1575, 1653, 1576, 1574, 1651, 1652, 1574, 1652, 1575, 1573, 1650, 1651, 1573, 1651, 1574, 1572, 1649, 1650, 1572, 1650, 1573, 1571, 1648, 1649, 1571, 1649, 1572, 1570, 1647, 1648, 1570, 1648, 1571, 259, 258, 1647, 260, 259, 1647, 261, 1647, 1570, 261, 260, 1647, 262, 261, 1570, 497, 1607, 1608, 498, 1608, 1609, 498, 497, 1608, 496, 1606, 1607, 496, 1607, 497, 499, 498, 1609, 499, 1609, 1610, 495, 1606, 496, 495, 1605, 1606, 500, 499, 1610, 500, 1610, 1611, 494, 1605, 495, 494, 1604, 1605, 501, 1611, 1612, 501, 500, 1611, 493, 1604, 494, 493, 1603, 1604, 502, 501, 1612, 502, 1612, 1613, 492, 1603, 493, 492, 1602, 1603, 503, 1613, 1614, 503, 502, 1613, 491, 1602, 492, 491, 1601, 1602, 504, 1614, 1615, 504, 503, 1614, 490, 1600, 1601, 490, 1601, 491, 505, 1615, 1616, 505, 504, 1615, 489, 1600, 490, 489, 1599, 1600, 506, 1616, 1617, 506, 505, 1616, 488, 1598, 1599, 488, 1599, 489, 507, 506, 1617, 507, 1617, 1618, 487, 1597, 1598, 487, 1598, 488, 424, 507, 1618, 424, 1618, 1619, 425, 424, 1619, 425, 1619, 1620, 486, 1596, 1597, 486, 1597, 487, 485, 1595, 1596, 485, 1596, 486, 426, 425, 1620, 426, 1620, 1621, 484, 1594, 1595, 484, 1595, 485, 427, 1621, 1622, 427, 426, 1621, 483, 1594, 484, 483, 1593, 1594, 428, 1622, 1623, 428, 427, 1622, 482, 1592, 1593, 482, 1593, 483, 429, 1623, 1624, 429, 428, 1623, 481, 1591, 1592, 481, 1592, 482, 430, 1624, 1625, 430, 429, 1624, 480, 1590, 1591, 480, 1591, 481, 431, 1625, 263, 431, 430, 1625, 432, 431, 263, 479, 1589, 1590, 479, 1590, 480, 433, 432, 263, 478, 1588, 1589, 478, 1589, 479, 434, 433, 263, 477, 1588, 478, 1587, 1588, 477, 435, 434, 263, 476, 1587, 477, 436, 435, 263, 1586, 476, 475, 1586, 1587, 476, 437, 436, 263, 438, 437, 263, 1585, 475, 474, 1585, 1586, 475, 439, 438, 263, 440, 439, 263, 441, 440, 263, 1584, 1585, 474, 1584, 474, 473, 442, 441, 263, 1583, 473, 472, 1583, 1584, 473, 1582, 472, 471, 1582, 1583, 472, 1581, 471, 470, 1581, 1582, 471, 1580, 470, 469, 1580, 1581, 470, 1579, 469, 468, 1579, 1580, 469, 1578, 468, 467, 1578, 1579, 468, 1577, 467, 466, 1577, 1578, 467, 1576, 1577, 466, 1576, 466, 465, 1575, 1576, 465, 1575, 465, 464, 1574, 1575, 464, 1574, 464, 463, 1573, 1574, 463, 1573, 463, 462, 1572, 1573, 462, 1572, 462, 461, 1571, 1572, 461, 1571, 461, 460, 1570, 1571, 460, 1570, 460, 459, 262, 1570, 459, 262, 449, 448, 262, 450, 449, 262, 451, 450, 262, 452, 451, 262, 453, 452, 262, 454, 453, 262, 455, 454, 262, 456, 455, 262, 457, 456, 262, 458, 457, 262, 459, 458, 262, 445, 263, 445, 444, 263, 444, 443, 263, 443, 442, 263, 262, 446, 445, 262, 447, 446, 262, 448, 447, 1541, 1477, 1476, 1646, 1478, 1477, 1646, 1477, 1541, 1645, 1479, 1478, 1645, 1478, 1646, 1644, 1480, 1479, 1644, 1479, 1645, 1643, 1481, 1480, 1643, 1480, 1644, 1642, 1482, 1481, 1642, 1481, 1643, 1641, 1483, 1482, 1641, 1482, 1642, 1640, 1484, 1483, 1640, 1483, 1641, 1639, 1485, 1484, 1639, 1484, 1640, 1638, 1485, 1639, 1638, 1486, 1485, 1637, 1486, 1638, 1637, 1487, 1486, 1636, 1487, 1637, 1636, 1488, 1487, 1635, 1488, 1636, 1635, 1489, 1488, 1634, 1489, 1635, 1634, 1490, 1489, 1633, 1490, 1634, 1633, 1491, 1490, 1632, 1491, 1633, 1632, 1492, 1491, 1631, 1492, 1632, 1631, 1493, 1492, 1630, 1493, 1631, 1630, 1494, 1493, 1629, 1494, 1630, 1629, 1495, 1494, 1628, 1496, 1495, 1628, 1495, 1629, 1627, 1497, 1496, 1627, 1496, 1628, 1626, 1497, 1627, 1626, 1498, 1497, 1653, 1499, 1498, 1653, 1498, 1626, 1652, 1500, 1499, 1652, 1499, 1653, 1651, 1501, 1500, 1651, 1500, 1652, 1650, 1502, 1501, 1650, 1501, 1651, 1649, 1503, 1502, 1649, 1502, 1650, 1648, 1504, 1503, 1648, 1503, 1649, 1647, 257, 1504, 1647, 1504, 1648, 258, 257, 1647, 255, 1540, 256, 1375, 1540, 255, 1376, 1539, 1540, 1376, 1540, 1375, 1377, 1538, 1539, 1377, 1539, 1376, 1378, 1537, 1538, 1378, 1538, 1377, 1379, 1537, 1378, 1379, 1536, 1537, 1380, 1536, 1379, 1380, 1535, 1536, 1381, 1535, 1380, 1381, 1534, 1535, 1382, 1534, 1381, 1382, 1532, 1533, 1382, 1533, 1534, 1383, 1532, 1382, 1384, 1532, 1383, 1384, 1531, 1532, 1385, 1531, 1384, 1385, 1530, 1531, 1386, 1530, 1385, 1386, 1529, 1530, 1387, 1529, 1386, 1387, 1528, 1529, 1388, 1528, 1387, 1388, 1527, 1528, 1389, 1527, 1388, 1389, 1526, 1527, 1390, 1526, 1389, 1390, 1525, 1526, 1391, 1525, 1390, 1391, 1524, 1525, 1392, 1524, 1391, 1392, 1523, 1524, 1393, 1522, 1523, 1393, 1523, 1392, 1394, 1520, 1521, 1394, 1521, 1522, 1394, 1522, 1393, 1395, 1520, 1394, 1396, 1518, 1519, 1396, 1519, 1520, 1396, 1520, 1395, 1397, 1517, 1518, 1397, 1518, 1396, 1398, 1517, 1397, 1399, 1516, 1517, 1399, 1517, 1398, 1400, 1515, 1516, 1400, 1516, 1399, 1401, 1514, 1515, 1401, 1515, 1400, 1402, 1513, 1514, 1402, 1514, 1401, 1403, 1512, 1513, 1403, 1513, 1402, 1404, 1510, 1511, 1404, 1511, 1512, 1404, 1512, 1403, 1405, 1510, 1404, 1406, 1510, 1405, 1406, 1508, 1509, 1406, 1509, 1510, 1407, 1508, 1406, 1408, 1508, 1407, 1408, 1506, 1507, 1408, 1507, 1508, 1409, 1506, 1408, 1410, 1506, 1409, 1410, 1411, 1505, 1410, 1505, 1506, 1338, 1411, 1410, 1280, 253, 252, 251, 1280, 252, 250, 1280, 251, 708, 250, 249, 708, 1279, 1280, 708, 1280, 250, 707, 1278, 1279, 707, 1279, 708, 706, 1277, 1278, 706, 1278, 707, 705, 1276, 1277, 705, 1277, 706, 704, 1275, 1276, 704, 1276, 705, 703, 1274, 1275, 703, 1275, 704, 702, 1273, 1274, 702, 1274, 703, 701, 1273, 702, 701, 1272, 1273, 700, 1272, 701, 700, 1271, 1272, 699, 1271, 700, 699, 1270, 1271, 698, 1270, 699, 698, 1269, 1270, 697, 1269, 698, 697, 1268, 1269, 696, 1268, 697, 696, 1267, 1268, 695, 1267, 696, 695, 1266, 1267, 694, 1266, 695, 694, 1265, 1266, 693, 1265, 694, 693, 1264, 1265, 692, 1264, 693, 692, 1263, 1264, 691, 1262, 1263, 691, 1263, 692, 690, 1261, 1262, 690, 1262, 691, 689, 1260, 1261, 689, 1261, 690, 688, 1259, 1260, 688, 1260, 689, 687, 1258, 1259, 687, 1259, 688, 686, 1257, 1258, 686, 1258, 687, 685, 1256, 1257, 685, 1257, 686, 684, 1255, 1256, 684, 1256, 685, 683, 1254, 1255, 683, 1255, 684, 682, 1253, 1254, 682, 1254, 683, 681, 1224, 1253, 681, 1253, 682, 680, 1224, 681, 1654, 308, 678, 1654, 307, 308, 1656, 1655, 306, 307, 1654, 1656, 307, 1656, 306, 1657, 306, 1655, 1657, 305, 306, 1657, 1658, 305, 305, 310, 16, 305, 1658, 310, 1657, 17, 309, 315, 17, 1657, 1659, 315, 1657, 309, 310, 1658, 309, 1658, 1657, 1661, 1660, 312, 1662, 312, 311, 1662, 1661, 312, 1665, 312, 1660, 1664, 361, 312, 1664, 1663, 361, 1664, 312, 1665, 1668, 361, 1663, 1667, 1666, 360, 1667, 360, 361, 1667, 361, 1668, 1671, 360, 1666, 359, 360, 1671, 1670, 1669, 359, 1670, 359, 1671, 359, 1673, 358, 1672, 359, 1669, 1672, 1673, 359, 1673, 1674, 357, 1673, 357, 358, 336, 357, 1675, 403, 336, 1675, 1697, 1693, 1694, 1697, 1694, 1695, 1697, 1695, 1696, 1698, 1697, 1696, 1698, 334, 333, 1698, 335, 334, 1698, 314, 335, 1698, 1696, 314, 1699, 1691, 1692, 1699, 1692, 1693, 1699, 1693, 1697, 1700, 1699, 1697, 1700, 332, 331, 1700, 333, 332, 1700, 1698, 333, 1700, 1697, 1698, 1701, 1689, 1690, 1701, 1690, 1691, 1701, 1691, 1699, 1702, 1699, 1700, 1702, 330, 329, 1702, 331, 330, 1702, 1701, 1699, 1702, 1700, 331, 1703, 1687, 1688, 1703, 1688, 1689, 1703, 1689, 1701, 1704, 328, 327, 1704, 329, 328, 1704, 1701, 1702, 1704, 1702, 329, 1704, 1703, 1701, 1705, 1686, 1687, 1705, 1687, 1703, 1706, 327, 326, 1706, 1704, 327, 1706, 1703, 1704, 1706, 1705, 1703, 1707, 1684, 1685, 1707, 1685, 1686, 1707, 1686, 1705, 1708, 325, 324, 1708, 326, 325, 1708, 1705, 1706, 1708, 1707, 1705, 1708, 1706, 326, 1709, 1682, 1683, 1709, 1683, 1684, 1709, 1684, 1707, 1710, 1708, 324, 1710, 1709, 1707, 1710, 1707, 1708, 1710, 323, 322, 1710, 324, 323, 1711, 1680, 1681, 1711, 1681, 1682, 1711, 1682, 1709, 1712, 1711, 1709, 1712, 321, 320, 1712, 322, 321, 1712, 1709, 1710, 1712, 1710, 322, 1713, 1678, 1679, 1713, 1679, 1680, 1713, 1680, 1711, 1714, 1711, 1712, 1714, 1713, 1711, 1714, 319, 318, 1714, 320, 319, 1714, 1712, 320, 1715, 1659, 1676, 1715, 1676, 1677, 1715, 1677, 1678, 1715, 1678, 1713, 1715, 315, 1659, 1716, 1713, 1714, 1716, 316, 315, 1716, 317, 316, 1716, 318, 317, 1716, 1714, 318, 1716, 1715, 1713, 1716, 315, 1715, 1655, 314, 1696, 313, 314, 1655, 1656, 313, 1655, 1662, 313, 1717, 311, 313, 1662, 1718, 614, 362, 1739, 1718, 362, 1738, 1739, 362, 1737, 1738, 362, 1736, 1737, 362, 1735, 1736, 362, 1754, 1729, 1730, 1753, 1754, 1730, 1755, 1729, 1754, 1755, 1728, 1729, 1752, 1753, 1730, 1752, 1730, 1731, 1756, 1728, 1755, 1756, 1727, 1728, 1751, 1752, 1731, 1751, 1731, 1732, 1751, 1732, 1733, 1757, 1726, 1727, 1757, 1727, 1756, 1750, 1751, 1733, 1749, 1750, 1733, 1749, 1733, 1734, 1758, 1725, 1726, 1758, 1726, 1757, 1759, 1724, 1725, 1759, 1725, 1758, 1748, 1749, 1734, 1748, 1734, 1735, 1760, 1723, 1724, 1760, 1724, 1759, 1761, 1723, 1760, 1761, 1722, 1723, 1762, 1721, 1722, 1762, 1722, 1761, 1763, 1719, 1720, 1763, 1720, 1721, 1763, 1721, 1762, 1742, 1719, 1763, 403, 1748, 1735, 403, 1743, 1744, 403, 1744, 1745, 403, 1745, 1746, 403, 1746, 1747, 403, 1747, 1748, 403, 1735, 362, 1675, 1743, 403, 1741, 1719, 1742, 1741, 1740, 1719, 612, 190, 614, 1764, 612, 1765, 1764, 613, 612, 615, 1659, 1657, 616, 615, 1657, 1696, 636, 637, 1695, 636, 1696, 1694, 634, 635, 1694, 635, 636, 1694, 636, 1695, 1693, 634, 1694, 1692, 633, 634, 1692, 634, 1693, 1691, 632, 633, 1691, 633, 1692, 1690, 630, 631, 1690, 631, 632, 1690, 632, 1691, 1689, 630, 1690, 1688, 629, 630, 1688, 630, 1689, 1687, 627, 628, 1687, 628, 629, 1687, 629, 1688, 1686, 627, 1687, 1685, 626, 627, 1685, 627, 1686, 1684, 624, 625, 1684, 625, 626, 1684, 626, 1685, 1683, 624, 1684, 1682, 624, 1683, 1682, 622, 623, 1682, 623, 624, 1681, 622, 1682, 1681, 621, 622, 1680, 621, 1681, 1679, 619, 620, 1679, 620, 621, 1679, 621, 1680, 1678, 619, 1679, 1677, 618, 619, 1677, 619, 1678, 1676, 617, 618, 1676, 618, 1677, 1659, 615, 617, 1659, 617, 1676, 658, 197, 660, 637, 1655, 1696, 637, 659, 1655, 1767, 661, 1766, 1767, 660, 661, 666, 662, 663, 666, 1768, 1769, 666, 1769, 662, 1846, 1845, 661, 1847, 1846, 661, 1844, 661, 1845, 1848, 1847, 661, 1843, 661, 1844, 1849, 1848, 661, 1842, 661, 1843, 1850, 1849, 661, 1841, 661, 1842, 1851, 1850, 661, 1840, 661, 1841, 1852, 1851, 661, 1839, 1766, 661, 1839, 661, 1840, 1853, 1852, 661, 1838, 1766, 1839, 1854, 1853, 661, 1837, 1766, 1838, 1836, 1766, 1837, 1855, 1854, 661, 1792, 1766, 1836, 1856, 1855, 661, 1791, 1766, 1792, 1834, 1790, 1766, 1834, 1766, 1791, 1833, 1789, 1790, 1833, 1790, 1834, 1832, 1788, 1789, 1832, 1789, 1833, 1831, 1787, 1788, 1831, 1788, 1832, 1830, 1786, 1787, 1830, 1787, 1831, 1829, 1785, 1786, 1829, 1786, 1830, 1828, 1784, 1785, 1828, 1785, 1829, 1827, 1784, 1828, 1827, 1783, 1784, 1826, 1782, 1783, 1826, 1783, 1827, 1781, 1782, 1826, 1825, 1781, 1826, 1824, 1781, 1825, 1780, 1781, 1824, 1779, 1780, 1824, 1779, 1824, 1823, 662, 1867, 1866, 662, 1868, 1867, 662, 1869, 1868, 662, 1870, 1869, 662, 1871, 1870, 662, 1872, 1871, 662, 1856, 661, 662, 1857, 1856, 662, 1858, 1857, 662, 1859, 1858, 662, 1860, 1859, 662, 1861, 1860, 662, 1862, 1861, 662, 1863, 1862, 662, 1864, 1863, 662, 1865, 1864, 662, 1866, 1865, 1873, 1872, 662, 1874, 1873, 662, 1778, 1779, 1823, 1778, 1823, 1822, 1875, 1874, 662, 1876, 1875, 662, 1777, 1821, 1820, 1777, 1822, 1821, 1777, 1778, 1822, 1835, 1876, 662, 1776, 1777, 1820, 1793, 1835, 662, 1775, 1820, 1819, 1775, 1776, 1820, 1774, 1775, 1819, 1774, 1819, 1818, 1773, 1818, 1817, 1773, 1774, 1818, 1772, 1773, 1817, 1772, 1817, 1816, 1771, 1772, 1816, 1771, 1816, 1815, 1770, 1771, 1815, 1770, 1808, 1807, 1770, 1809, 1808, 1770, 1810, 1809, 1770, 1811, 1810, 1770, 1812, 1811, 1770, 1813, 1812, 1770, 1814, 1813, 1770, 1815, 1814, 1769, 1770, 1807, 1769, 1794, 1793, 1769, 1795, 1794, 1769, 1796, 1795, 1769, 1797, 1796, 1769, 1798, 1797, 1769, 1799, 1798, 1769, 1800, 1799, 1769, 1801, 1800, 1769, 1802, 1801, 1769, 1803, 1802, 1769, 1804, 1803, 1769, 1805, 1804, 1769, 1806, 1805, 1769, 1807, 1806, 1769, 1793, 662, 1664, 1668, 1663, 669, 1668, 1664, 665, 664, 669, 665, 669, 1664, 1768, 666, 665, 1878, 1877, 1768, 1878, 1768, 1879, 1665, 1879, 1664, 1664, 1768, 665, 1664, 1879, 1768, 1667, 1671, 1666, 668, 667, 672, 668, 672, 1671, 668, 1671, 1667, 2233, 668, 2232, 2234, 668, 2233, 2231, 2232, 668, 2230, 2231, 668, 2235, 668, 2234, 2236, 668, 2235, 2229, 2230, 668, 2237, 668, 2236, 2228, 2229, 668, 2227, 2228, 668, 2238, 668, 2237, 2239, 668, 2238, 2226, 2227, 668, 2240, 668, 2239, 2225, 2226, 668, 2241, 668, 2240, 2224, 2225, 668, 2242, 668, 2241, 2223, 2224, 668, 2243, 668, 2242, 2222, 2223, 668, 2244, 668, 2243, 2245, 668, 2244, 2264, 2222, 668, 2305, 2264, 668, 2304, 2305, 668, 2303, 2304, 668, 2302, 2303, 668, 2301, 2302, 668, 1975, 2256, 2257, 1974, 2256, 1975, 1974, 2255, 2256, 1976, 1975, 2257, 1976, 2257, 2258, 1973, 2254, 2255, 1973, 2255, 1974, 1972, 2253, 2254, 1972, 2254, 1973, 1977, 1976, 2258, 1977, 2258, 2259, 1978, 2259, 2260, 1978, 1977, 2259, 1971, 2252, 2253, 1971, 2253, 1972, 1970, 2252, 1971, 1970, 2251, 2252, 1979, 1978, 2260, 1980, 1979, 2260, 1980, 2260, 2261, 1969, 2251, 1970, 1969, 2250, 2251, 1981, 1980, 2261, 1981, 2261, 2262, 1968, 2250, 1969, 1968, 2249, 2250, 1982, 2262, 2263, 1982, 1981, 2262, 1967, 2249, 1968, 1966, 2249, 1967, 1966, 2248, 2249, 1983, 1982, 2263, 1983, 2263, 2220, 1984, 1983, 2220, 1984, 2220, 2221, 1965, 2248, 1966, 1965, 2247, 2248, 1964, 2247, 1965, 1964, 2246, 2247, 1985, 1984, 2221, 1986, 1985, 2221, 1986, 2221, 2265, 1987, 1986, 2265, 1987, 2265, 2266, 1988, 1987, 2266, 1988, 2266, 2267, 1989, 1988, 2267, 1989, 2267, 2268, 1990, 1989, 2268, 1990, 2268, 2269, 1991, 1990, 2269, 1991, 2269, 2270, 1992, 1991, 2270, 1992, 2270, 2271, 1993, 2271, 2272, 1993, 1992, 2271, 1994, 1993, 2272, 1995, 1994, 2272, 1995, 2272, 2273, 1996, 1995, 2273, 1996, 2273, 2274, 1997, 1996, 2274, 1997, 2274, 2275, 1998, 1997, 2275, 1998, 2275, 2276, 1999, 1998, 2276, 1999, 2276, 2277, 2317, 2294, 2295, 2317, 2295, 2296, 2316, 2317, 2296, 2316, 2296, 2297, 2318, 2293, 2294, 2318, 2294, 2317, 2315, 2316, 2297, 2314, 2297, 2298, 2314, 2315, 2297, 2319, 2293, 2318, 2320, 2291, 2292, 2320, 2292, 2293, 2320, 2293, 2319, 2313, 2298, 2299, 2313, 2314, 2298, 2321, 2291, 2320, 2312, 2299, 2300, 2312, 2313, 2299, 2311, 2300, 2301, 2311, 2312, 2300, 2322, 2290, 2291, 2322, 2291, 2321, 2323, 2289, 2290, 2323, 2290, 2322, 2324, 2288, 2289, 2324, 2289, 2323, 2325, 2287, 2288, 2325, 2288, 2324, 2326, 2286, 2287, 2326, 2287, 2325, 2327, 2285, 2286, 2327, 2286, 2326, 2328, 2284, 2285, 2328, 2285, 2327, 2329, 2283, 2284, 2329, 2284, 2328, 2330, 2282, 2283, 2330, 2283, 2329, 2331, 2281, 2282, 2331, 2282, 2330, 2332, 2279, 2280, 2332, 2280, 2281, 2332, 2281, 2331, 2333, 2279, 2332, 2334, 2279, 2333, 2334, 2278, 2279, 1667, 2388, 2389, 1667, 2389, 2390, 1667, 2390, 2391, 1667, 2391, 2349, 1667, 2306, 2307, 1667, 2307, 2308, 1667, 2308, 2309, 1667, 2309, 2310, 1667, 2310, 2311, 1667, 2311, 2301, 1667, 2301, 668, 1667, 2349, 2306, 2335, 2278, 2334, 2335, 2277, 2278, 2387, 2388, 1667, 2386, 2387, 1667, 2385, 2386, 1667, 2384, 2385, 1667, 2383, 2384, 1667, 2382, 2383, 1667, 2381, 2382, 1667, 2380, 2381, 1667, 2379, 2380, 1667, 2378, 2379, 1667, 2147, 2041, 2040, 2146, 2147, 2040, 2146, 2040, 2039, 2377, 2378, 1667, 2148, 2041, 2147, 2148, 2042, 2041, 2145, 2039, 2038, 2145, 2146, 2039, 2144, 2145, 2038, 2144, 2038, 2037, 2149, 2042, 2148, 2149, 2043, 2042, 2143, 2037, 2036, 2143, 2144, 2037, 2150, 2043, 2149, 2150, 2044, 2043, 2151, 2044, 2150, 2151, 2045, 2044, 2151, 2046, 2045, 2142, 2143, 2036, 2142, 2036, 2035, 2376, 2377, 1667, 2152, 2047, 2046, 2152, 2046, 2151, 2141, 2142, 2035, 2141, 2035, 2034, 2153, 1964, 2047, 2153, 2047, 2152, 2140, 2141, 2034, 2140, 2033, 2032, 2140, 2034, 2033, 2375, 2376, 1667, 2139, 2032, 2031, 2139, 2140, 2032, 2154, 2246, 1964, 2154, 1964, 2153, 2138, 2031, 2030, 2138, 2139, 2031, 2155, 2246, 2154, 2155, 668, 2245, 2155, 2245, 2246, 2374, 2375, 1667, 2137, 2138, 2030, 2137, 2030, 2029, 2373, 2374, 1667, 2136, 2137, 2029, 2136, 2029, 2028, 2372, 2373, 1667, 2371, 2372, 1667, 2370, 2371, 1667, 2178, 2136, 2028, 2178, 2027, 2026, 2178, 2028, 2027, 2219, 2178, 2026, 2219, 2026, 2025, 2218, 2025, 2024, 2218, 2219, 2025, 2217, 2218, 2024, 2217, 2024, 2023, 2216, 2217, 2023, 2216, 2023, 2022, 2215, 2022, 2021, 2215, 2216, 2022, 2214, 2215, 2021, 2214, 2021, 2020, 2213, 2020, 2019, 2213, 2214, 2020, 2212, 2018, 2017, 2212, 2019, 2018, 2212, 2213, 2019, 2211, 2017, 2016, 2211, 2212, 2017, 2210, 2016, 2015, 2210, 2211, 2016, 2209, 2015, 2014, 2209, 2210, 2015, 2208, 2014, 2013, 2208, 2209, 2014, 2207, 2208, 2013, 669, 668, 2155, 669, 2155, 2156, 669, 2156, 2157, 669, 2157, 2158, 669, 2158, 2159, 669, 2159, 2160, 669, 2160, 2161, 669, 2161, 2162, 669, 2162, 2163, 669, 2163, 2164, 669, 2164, 2165, 669, 2165, 2166, 669, 2166, 2167, 669, 2167, 2168, 669, 2168, 2169, 669, 2169, 2170, 669, 2170, 2171, 669, 2171, 2172, 669, 2172, 2173, 2174, 669, 2173, 2175, 669, 2174, 2176, 669, 2175, 2177, 669, 2176, 2134, 669, 2177, 2135, 669, 2134, 2179, 669, 2135, 2180, 669, 2179, 2181, 669, 2180, 2182, 669, 2181, 2183, 669, 2182, 1891, 2339, 2340, 1890, 2338, 2339, 1890, 2339, 1891, 1892, 1891, 2340, 1889, 2338, 1890, 1889, 2337, 2338, 1893, 1892, 2340, 1893, 2340, 2341, 1888, 2337, 1889, 1888, 2336, 2337, 1894, 1893, 2341, 1894, 2341, 2342, 1887, 2336, 1888, 1887, 2277, 2335, 1887, 2335, 2336, 1887, 1999, 2277, 1895, 2342, 2343, 1895, 1894, 2342, 1886, 2000, 1999, 1886, 1999, 1887, 1896, 1895, 2343, 1896, 2343, 2344, 1885, 2001, 2000, 1885, 2000, 1886, 1884, 2002, 2001, 1884, 2003, 2002, 1884, 2001, 1885, 1897, 1896, 2344, 1897, 2344, 2345, 1898, 1897, 2345, 1898, 2345, 2346, 1883, 2003, 1884, 1899, 1898, 2346, 1899, 2346, 2347, 1882, 2004, 2003, 1882, 2005, 2004, 1882, 2003, 1883, 1881, 2006, 2005, 1881, 2005, 1882, 1900, 1899, 2347, 1900, 2347, 2348, 1880, 2006, 1881, 1901, 1900, 2348, 1963, 2007, 2006, 1963, 2006, 1880, 1902, 2348, 2350, 1902, 1901, 2348, 1962, 2008, 2007, 1962, 2007, 1963, 1903, 1902, 2350, 1903, 2350, 2351, 1961, 2009, 2008, 1961, 2008, 1962, 1904, 1903, 2351, 1904, 2351, 2352, 1960, 2010, 2009, 1960, 2011, 2010, 1960, 2009, 1961, 1905, 1904, 2352, 1905, 2352, 2353, 1959, 2011, 1960, 1906, 1905, 2353, 1906, 2353, 2354, 1958, 2011, 1959, 1958, 2012, 2011, 1958, 2013, 2012, 1907, 1906, 2354, 1957, 2013, 1958, 1908, 1907, 2354, 1908, 2354, 2355, 1909, 1908, 2355, 1909, 2355, 2356, 1910, 1909, 2356, 1910, 2356, 2357, 1911, 1910, 2357, 1911, 2357, 2358, 1912, 1911, 2358, 1912, 2358, 2359, 1913, 1912, 2359, 1913, 2359, 2360, 1914, 1913, 2360, 1914, 2360, 2361, 1915, 1914, 2361, 1915, 2361, 2362, 1916, 1915, 2362, 1916, 2362, 2363, 1917, 1916, 2363, 1917, 2363, 2364, 1918, 1917, 2364, 1918, 2364, 2365, 1919, 1918, 2365, 2058, 1955, 1954, 2059, 1955, 2058, 2059, 1956, 1955, 2057, 2058, 1954, 2057, 1954, 1953, 2060, 1956, 2059, 2060, 1957, 1956, 2056, 2057, 1953, 2056, 1952, 1951, 2056, 1953, 1952, 2061, 2206, 2207, 2061, 2207, 2013, 2061, 2013, 1957, 2061, 1957, 2060, 2055, 2056, 1951, 2055, 1951, 1950, 2062, 2206, 2061, 2062, 2205, 2206, 2054, 1950, 1949, 2054, 2055, 1950, 2063, 2205, 2062, 2063, 2204, 2205, 2053, 2054, 1949, 2053, 1949, 1948, 2064, 2204, 2063, 2052, 2053, 1948, 2052, 1948, 1947, 2065, 2203, 2204, 2065, 2204, 2064, 2051, 1947, 1946, 2051, 2052, 1947, 2066, 2202, 2203, 2066, 2203, 2065, 2050, 2051, 1946, 2050, 1946, 1945, 2067, 2201, 2202, 2067, 2202, 2066, 2049, 1945, 1944, 2049, 2050, 1945, 2068, 2199, 2200, 2068, 2200, 2201, 2068, 2201, 2067, 2069, 2199, 2068, 2048, 2049, 1944, 2048, 1943, 1942, 2048, 1944, 1943, 2070, 2199, 2069, 2070, 2197, 2198, 2070, 2198, 2199, 2071, 2197, 2070, 2071, 2196, 2197, 2072, 2196, 2071, 2072, 2195, 2196, 2091, 2048, 1942, 2091, 1942, 1941, 2073, 2194, 2195, 2073, 2195, 2072, 2133, 2091, 1941, 2133, 1941, 1940, 2074, 2193, 2194, 2074, 2194, 2073, 2132, 2133, 1940, 2132, 1940, 1939, 2075, 2193, 2074, 2131, 2132, 1939, 2131, 1939, 1938, 2076, 2193, 2075, 2076, 2191, 2192, 2076, 2192, 2193, 2130, 2131, 1938, 2130, 1937, 1936, 2130, 1938, 1937, 2077, 2191, 2076, 2129, 2130, 1936, 2129, 1936, 1935, 2078, 2190, 2191, 2078, 2191, 2077, 2128, 2129, 1935, 2128, 1935, 1934, 2127, 2128, 1934, 2127, 1934, 1933, 2079, 2189, 2190, 2079, 2190, 2078, 2126, 2127, 1933, 2126, 1933, 1932, 2080, 2188, 2189, 2080, 2189, 2079, 2125, 2126, 1932, 2125, 1932, 1931, 2081, 2187, 2188, 2081, 2188, 2080, 2124, 2125, 1931, 2124, 1931, 1930, 2082, 2185, 2186, 2082, 2186, 2187, 2082, 2187, 2081, 2123, 1930, 1929, 2123, 2124, 1930, 2083, 2185, 2082, 2084, 2184, 2185, 2084, 2185, 2083, 2122, 1929, 1928, 2122, 2123, 1929, 2085, 2183, 2184, 2085, 2184, 2084, 2121, 1928, 1927, 2121, 2122, 1928, 2120, 2121, 1927, 2120, 1927, 1926, 2119, 1926, 1925, 2119, 2120, 1926, 1668, 2085, 2086, 1668, 2086, 2087, 1668, 2087, 2088, 1668, 2088, 2089, 1668, 2089, 2090, 1668, 2092, 2093, 1668, 2093, 2094, 1668, 2094, 2095, 1668, 2095, 2096, 1668, 2096, 2097, 1668, 2097, 2098, 1668, 2098, 2099, 1668, 2099, 2100, 1668, 2100, 2101, 1668, 2101, 2102, 1668, 2102, 2103, 1668, 2103, 2104, 1668, 2104, 2105, 1668, 2105, 2106, 1668, 2106, 2107, 1668, 2107, 2108, 1668, 2108, 2109, 1668, 2109, 2110, 1668, 2110, 2111, 1668, 2111, 2112, 1668, 2112, 2113, 1668, 2113, 2114, 1668, 2090, 2092, 1668, 2183, 2085, 1668, 669, 2183, 1668, 2370, 1667, 1668, 2369, 2370, 1668, 2368, 2369, 1668, 2367, 2368, 1668, 2366, 2367, 1668, 2365, 2366, 1668, 2114, 2365, 2114, 2115, 2365, 2115, 2116, 2365, 2116, 2117, 2365, 2117, 2118, 2365, 2118, 2119, 2365, 2119, 1922, 2365, 1922, 1921, 2365, 1921, 1920, 2365, 1920, 1919, 2365, 2119, 1923, 1922, 2119, 1924, 1923, 2119, 1925, 1924, 671, 670, 673, 2393, 671, 673, 2392, 671, 2393, 2392, 672, 671, 2395, 2396, 2394, 2395, 2392, 2396, 1671, 2395, 1670, 672, 2395, 1671, 672, 2392, 2395, 2472, 673, 2473, 2474, 2473, 673, 2471, 673, 2472, 2475, 2474, 673, 2470, 673, 2471, 2476, 2475, 673, 2469, 673, 2470, 2477, 2476, 673, 2468, 673, 2469, 2478, 2477, 673, 2467, 673, 2468, 2479, 2478, 673, 2466, 673, 2467, 2480, 2479, 673, 2465, 673, 2466, 2481, 2480, 673, 2464, 673, 2465, 2463, 673, 2464, 2482, 2481, 673, 2419, 673, 2463, 2483, 2482, 673, 2418, 673, 2419, 2393, 2454, 2453, 2393, 2455, 2454, 2393, 2456, 2455, 2393, 2457, 2456, 2393, 2458, 2457, 2393, 2459, 2458, 2393, 2460, 2459, 2393, 2461, 2460, 2393, 2418, 2461, 2393, 673, 2418, 2452, 2393, 2453, 2451, 2393, 2452, 2450, 2393, 2451, 613, 2494, 2493, 613, 2495, 2494, 613, 2496, 2495, 613, 2497, 2496, 613, 2498, 2497, 613, 2483, 673, 613, 2484, 2483, 613, 2485, 2484, 613, 2486, 2485, 613, 2487, 2486, 613, 2488, 2487, 613, 2489, 2488, 613, 2490, 2489, 613, 2491, 2490, 613, 2492, 2491, 613, 2493, 2492, 2499, 2498, 613, 2449, 2393, 2450, 2500, 2499, 613, 2448, 2393, 2449, 1764, 2501, 2500, 1764, 2502, 2501, 1764, 2503, 2502, 1764, 2462, 2503, 1764, 2420, 2462, 1764, 2500, 613, 2397, 2393, 2448, 2397, 2442, 2441, 2397, 2443, 2442, 2397, 2444, 2443, 2397, 2445, 2444, 2397, 2446, 2445, 2397, 2447, 2446, 2397, 2448, 2447, 2417, 2397, 2441, 2417, 2440, 2439, 2417, 2441, 2440, 2398, 2421, 2420, 2398, 2422, 2421, 2398, 2420, 1764, 2416, 2417, 2439, 2416, 2439, 2438, 2399, 2422, 2398, 2415, 2438, 2437, 2415, 2416, 2438, 2400, 2423, 2422, 2400, 2424, 2423, 2400, 2422, 2399, 2414, 2415, 2437, 2401, 2424, 2400, 2402, 2425, 2424, 2402, 2426, 2425, 2402, 2424, 2401, 2413, 2414, 2437, 2413, 2437, 2436, 2412, 2413, 2436, 2412, 2436, 2435, 2403, 2427, 2426, 2403, 2426, 2402, 2411, 2412, 2435, 2411, 2435, 2434, 2404, 2427, 2403, 2410, 2411, 2434, 2410, 2433, 2432, 2410, 2434, 2433, 2405, 2427, 2404, 2405, 2428, 2427, 2409, 2410, 2432, 2409, 2432, 2431, 2406, 2428, 2405, 2406, 2429, 2428, 2408, 2409, 2431, 2407, 2408, 2431, 2407, 2429, 2406, 2407, 2430, 2429, 2407, 2431, 2430, 675, 677, 676, 2505, 677, 675, 679, 2505, 2504, 679, 677, 2505, 1654, 678, 679, 1654, 679, 2504, 2506, 675, 658, 2507, 675, 2506, 2526, 2505, 675, 2508, 675, 2507, 2525, 2526, 675, 2509, 675, 2508, 2524, 2525, 675, 2510, 675, 2509, 2523, 2524, 675, 2511, 675, 2510, 2522, 2523, 675, 2512, 675, 2511, 2521, 2522, 675, 2513, 675, 2512, 2520, 2521, 675, 2514, 675, 2513, 2519, 2520, 675, 2515, 675, 2514, 2518, 2519, 675, 2516, 675, 2515, 2517, 2518, 675, 2517, 675, 2516, 1657, 659, 616, 1657, 1655, 659, 1654, 2504, 2528, 1654, 2528, 2529, 1654, 2529, 2530, 1654, 2530, 2531, 1654, 2531, 2532, 1654, 2532, 2533, 1654, 2533, 2534, 1654, 2534, 2535, 1654, 2535, 2536, 1654, 2536, 2537, 1654, 2537, 2538, 1654, 2538, 2539, 1654, 2539, 2540, 1654, 2540, 2541, 1654, 2541, 2542, 1654, 2542, 2543, 1654, 2543, 2544, 1654, 2544, 2545, 2546, 1654, 2545, 2547, 1654, 2546, 2527, 1654, 2547, 1656, 1654, 2527, 1665, 2548, 1879, 1661, 1665, 1660, 1661, 2548, 1665, 2626, 2561, 2560, 2625, 2561, 2626, 2627, 2560, 2559, 2627, 2626, 2560, 2624, 2562, 2561, 2624, 2561, 2625, 2628, 2559, 2558, 2628, 2627, 2559, 2623, 2563, 2562, 2623, 2564, 2563, 2623, 2562, 2624, 2629, 2558, 2557, 2629, 2628, 2558, 2622, 2565, 2564, 2622, 2564, 2623, 2630, 2557, 2556, 2630, 2629, 2557, 2621, 2565, 2622, 2631, 2556, 2555, 2631, 2630, 2556, 2620, 2566, 2565, 2620, 2567, 2566, 2620, 2565, 2621, 2632, 2555, 2554, 2632, 2631, 2555, 2619, 2568, 2567, 2619, 2567, 2620, 2633, 2554, 2553, 2633, 2632, 2554, 2618, 2569, 2568, 2618, 2568, 2619, 2634, 2553, 2552, 2634, 2633, 2553, 2617, 2570, 2569, 2617, 2569, 2618, 2635, 2552, 2551, 2635, 2634, 2552, 2616, 2549, 2570, 2616, 2570, 2617, 2615, 2549, 2616, 2636, 2551, 2550, 2636, 2635, 2551, 2637, 2636, 2550, 2638, 2637, 2550, 2639, 2638, 2550, 2571, 2549, 2615, 2640, 2639, 2550, 2572, 2549, 2571, 2641, 2640, 2550, 2573, 2549, 2572, 2642, 2641, 2550, 2574, 2549, 2573, 2643, 2642, 2550, 2575, 2549, 2574, 1662, 2549, 2575, 1662, 2575, 2576, 2577, 1662, 2576, 2578, 1662, 2577, 2579, 1662, 2578, 2548, 2643, 2550, 2548, 2644, 2643, 2548, 2645, 2644, 2548, 2646, 2645, 2548, 2647, 2646, 2580, 1662, 2579, 2648, 2647, 2548, 2581, 1662, 2580, 2649, 2648, 2548, 2582, 1662, 2581, 2650, 2649, 2548, 2651, 2650, 2548, 2583, 1662, 2582, 2652, 2651, 2548, 2584, 1662, 2583, 2653, 2652, 2548, 2585, 1662, 2584, 2654, 2653, 2548, 2586, 1662, 2585, 2655, 2654, 2548, 2587, 1662, 2586, 2656, 2655, 2548, 2588, 1662, 2587, 2614, 2656, 2548, 2589, 1662, 2588, 2590, 1662, 2589, 1661, 2595, 2596, 1661, 2596, 2597, 1661, 2597, 2598, 1661, 2598, 2599, 1661, 2599, 2600, 1661, 2600, 2601, 1661, 2601, 2602, 1661, 2602, 2603, 1661, 2603, 2604, 1661, 2604, 2605, 1661, 2605, 2606, 1661, 2606, 2607, 1661, 2607, 2608, 1661, 2608, 2609, 1661, 2609, 2610, 1661, 2610, 2611, 1661, 2611, 2612, 1661, 2612, 2613, 1661, 2614, 2548, 1661, 2613, 2614, 1661, 1662, 2592, 2592, 1662, 2591, 2591, 1662, 2590, 1661, 2592, 2593, 1661, 2593, 2594, 1661, 2594, 2595, 1672, 1669, 1670, 2657, 1670, 2395, 2657, 1672, 1670, 2735, 2734, 2657, 2736, 2735, 2657, 2733, 2657, 2734, 2737, 2736, 2657, 2732, 2657, 2733, 2738, 2657, 2659, 2738, 2737, 2657, 2731, 2657, 2732, 2739, 2738, 2659, 2730, 2657, 2731, 2740, 2739, 2659, 2729, 2657, 2730, 2741, 2740, 2659, 2728, 2657, 2729, 2742, 2741, 2659, 2727, 2657, 2728, 2743, 2742, 2659, 2726, 2657, 2727, 2744, 2743, 2659, 2725, 2657, 2726, 2745, 2744, 2659, 2724, 2657, 2725, 2746, 2659, 2679, 2746, 2745, 2659, 2747, 2679, 2678, 2747, 2746, 2679, 2748, 2678, 2677, 2748, 2747, 2678, 2749, 2676, 2675, 2749, 2677, 2676, 2749, 2748, 2677, 2750, 2675, 2674, 2750, 2749, 2675, 2751, 2750, 2674, 2752, 2674, 2673, 2752, 2751, 2674, 1672, 2724, 2680, 1672, 2680, 2681, 1672, 2681, 2682, 1672, 2682, 2683, 1672, 2683, 2684, 1672, 2657, 2724, 2753, 2673, 2672, 2753, 2752, 2673, 2685, 1672, 2684, 2754, 2672, 2671, 2754, 2753, 2672, 2686, 1672, 2685, 2687, 1672, 2686, 2755, 2671, 2670, 2755, 2754, 2671, 2688, 1672, 2687, 2756, 2755, 2670, 2669, 2756, 2670, 2689, 1672, 2688, 2690, 1672, 2689, 2668, 2757, 2756, 2668, 2758, 2757, 2668, 2756, 2669, 2691, 1672, 2690, 2692, 1672, 2691, 2667, 2758, 2668, 2693, 1672, 2692, 2694, 1672, 2693, 2666, 2759, 2758, 2666, 2758, 2667, 2695, 1672, 2694, 2665, 2760, 2759, 2665, 2759, 2666, 2696, 1672, 2695, 2697, 1672, 2696, 2664, 2761, 2760, 2664, 2760, 2665, 2698, 1672, 2697, 2663, 2762, 2761, 2663, 2761, 2664, 2662, 2763, 2762, 2662, 2762, 2663, 2661, 2764, 2763, 2661, 2763, 2662, 2660, 2765, 2764, 2660, 2764, 2661, 2658, 2723, 2765, 2658, 2718, 2719, 2658, 2719, 2720, 2658, 2720, 2721, 2658, 2721, 2722, 2658, 2722, 2723, 2658, 2765, 2660, 1673, 2718, 2658, 1673, 2703, 2704, 1673, 2704, 2705, 1673, 2705, 2706, 1673, 2706, 2707, 1673, 2707, 2708, 1673, 2708, 2709, 1673, 2709, 2710, 1673, 2710, 2711, 1673, 2711, 2712, 1673, 2712, 2713, 1673, 2713, 2714, 1673, 2714, 2715, 1673, 2715, 2716, 1673, 2716, 2717, 1673, 2717, 2718, 1673, 1672, 2701, 2701, 1672, 2700, 2700, 1672, 2699, 2699, 1672, 2698, 1673, 2701, 2702, 1673, 2702, 2703, 1673, 2658, 2766, 1674, 1673, 2766, 357, 1674, 1675, 313, 1656, 1717, 1662, 1717, 2767, 1662, 2767, 2549, 1675, 2766, 1743, 1674, 2766, 1675, 1742, 2787, 2788, 1763, 2786, 2787, 1763, 2787, 1742, 1762, 2785, 2786, 1762, 2786, 1763, 1761, 2784, 2785, 1761, 2785, 1762, 1760, 2783, 2784, 1760, 2784, 1761, 1759, 2782, 2783, 1759, 2783, 1760, 1758, 2781, 2782, 1758, 2782, 1759, 1757, 2780, 2781, 1757, 2781, 1758, 1756, 2779, 2780, 1756, 2780, 1757, 1755, 2778, 2779, 1755, 2779, 1756, 1754, 2777, 2778, 1754, 2778, 1755, 1753, 2776, 2777, 1753, 2777, 1754, 1752, 2775, 2776, 1752, 2776, 1753, 1751, 2774, 2775, 1751, 2775, 1752, 1750, 2774, 1751, 1750, 2773, 2774, 1749, 2772, 2773, 1749, 2773, 1750, 1748, 2771, 2772, 1748, 2772, 1749, 1747, 2771, 1748, 1746, 2770, 2771, 1746, 2771, 1747, 1745, 2769, 2770, 1745, 2770, 1746, 1744, 2768, 2769, 1744, 2769, 1745, 1743, 2766, 2768, 1743, 2768, 1744, 2788, 2789, 1741, 2788, 1741, 1742, 1740, 1741, 2394, 2396, 1740, 2394, 1740, 2791, 2790, 1740, 2790, 1719, 1718, 2811, 1765, 1739, 2810, 2811, 1739, 2811, 1718, 1738, 2809, 2810, 1738, 2810, 1739, 1737, 2808, 2809, 1737, 2809, 1738, 1736, 2807, 2808, 1736, 2808, 1737, 1735, 2806, 2807, 1735, 2807, 1736, 1734, 2805, 2806, 1734, 2806, 1735, 1733, 2805, 1734, 1732, 2804, 2805, 1732, 2805, 1733, 1731, 2803, 2804, 1731, 2804, 1732, 1730, 2802, 2803, 1730, 2803, 1731, 1729, 2801, 2802, 1729, 2802, 1730, 1728, 2800, 2801, 1728, 2801, 1729, 1727, 2799, 2800, 1727, 2800, 1728, 1726, 2799, 1727, 1726, 2798, 2799, 1725, 2798, 1726, 1725, 2797, 2798, 1724, 2796, 2797, 1724, 2797, 1725, 1723, 2795, 2796, 1723, 2796, 1724, 1722, 2794, 2795, 1722, 2795, 1723, 1721, 2793, 2794, 1721, 2794, 1722, 1720, 2790, 2792, 1720, 2792, 2793, 1720, 2793, 1721, 1719, 2790, 1720, 1718, 1765, 612, 1718, 612, 614, 2811, 2398, 1764, 2811, 1764, 1765, 2810, 2399, 2398, 2810, 2398, 2811, 2809, 2400, 2399, 2809, 2401, 2400, 2809, 2399, 2810, 2808, 2402, 2401, 2808, 2401, 2809, 2807, 2403, 2402, 2807, 2402, 2808, 2806, 2404, 2403, 2806, 2403, 2807, 2805, 2405, 2404, 2805, 2404, 2806, 2804, 2406, 2405, 2804, 2405, 2805, 2803, 2407, 2406, 2803, 2406, 2804, 2802, 2408, 2407, 2802, 2407, 2803, 2801, 2409, 2408, 2801, 2408, 2802, 2800, 2410, 2409, 2800, 2409, 2801, 2799, 2410, 2800, 2798, 2410, 2799, 2798, 2411, 2410, 2797, 2411, 2798, 2797, 2412, 2411, 2796, 2412, 2797, 2796, 2413, 2412, 2795, 2413, 2796, 2795, 2414, 2413, 2795, 2415, 2414, 2794, 2415, 2795, 2793, 2416, 2415, 2793, 2415, 2794, 2792, 2417, 2416, 2792, 2416, 2793, 2790, 2397, 2417, 2790, 2417, 2792, 658, 1767, 2506, 658, 660, 1767, 2832, 1771, 1770, 2831, 1772, 1771, 2831, 1771, 2832, 2830, 1773, 1772, 2830, 1772, 2831, 2829, 1774, 1773, 2829, 1773, 2830, 2828, 1775, 1774, 2828, 1774, 2829, 2827, 1776, 1775, 2827, 1775, 2828, 2826, 1777, 1776, 2826, 1776, 2827, 2825, 1778, 1777, 2825, 1777, 2826, 2824, 1779, 1778, 2824, 1778, 2825, 2823, 1780, 1779, 2823, 1779, 2824, 2822, 1781, 1780, 2822, 1780, 2823, 2821, 1781, 2822, 2820, 1782, 1781, 2820, 1783, 1782, 2820, 1781, 2821, 2819, 1783, 2820, 2818, 1783, 2819, 2818, 1784, 1783, 2818, 1785, 1784, 2817, 1785, 2818, 2816, 1785, 2817, 2816, 1786, 1785, 2815, 1786, 2816, 2815, 1787, 1786, 2815, 1788, 1787, 2814, 1788, 2815, 2813, 1789, 1788, 2813, 1790, 1789, 2813, 1788, 2814, 2812, 1790, 2813, 1767, 1766, 1790, 1767, 1790, 2812, 1877, 2833, 1769, 1877, 1769, 1768, 1791, 2136, 2178, 1791, 1792, 2136, 1794, 2135, 1793, 1794, 2179, 2135, 1795, 2180, 2179, 1795, 2179, 1794, 1796, 2181, 2180, 1796, 2180, 1795, 1797, 2182, 2181, 1797, 2181, 1796, 1798, 2183, 2182, 1798, 2182, 1797, 1799, 2184, 2183, 1799, 2183, 1798, 1800, 2185, 2184, 1800, 2184, 1799, 1801, 2186, 2185, 1801, 2185, 1800, 1802, 2187, 2186, 1802, 2186, 1801, 1803, 2188, 2187, 1803, 2187, 1802, 1804, 2189, 2188, 1804, 2188, 1803, 1805, 2190, 2189, 1805, 2189, 1804, 1806, 2191, 2190, 1806, 2190, 1805, 1807, 2192, 2191, 1807, 2191, 1806, 1808, 2193, 2192, 1808, 2192, 1807, 1809, 2194, 2193, 1809, 2193, 1808, 1810, 2195, 2194, 1810, 2194, 1809, 1811, 2196, 2195, 1811, 2195, 1810, 1812, 2197, 2196, 1812, 2196, 1811, 1813, 2198, 2197, 1813, 2197, 1812, 1814, 2199, 2198, 1814, 2198, 1813, 1815, 2200, 2199, 1815, 2199, 1814, 1816, 2201, 2200, 1816, 2200, 1815, 1817, 2202, 2201, 1817, 2201, 1816, 1818, 2203, 2202, 1818, 2202, 1817, 1819, 2204, 2203, 1819, 2203, 1818, 1820, 2205, 2204, 1820, 2204, 1819, 1821, 2205, 1820, 1821, 2206, 2205, 1822, 2206, 1821, 1822, 2207, 2206, 1823, 2207, 1822, 1823, 2208, 2207, 1824, 2208, 1823, 1824, 2209, 2208, 1825, 2209, 1824, 1825, 2210, 2209, 1826, 2210, 1825, 1826, 2211, 2210, 1827, 2211, 1826, 1827, 2212, 2211, 1828, 2212, 1827, 1828, 2213, 2212, 1829, 2213, 1828, 1829, 2214, 2213, 1830, 2214, 1829, 1830, 2215, 2214, 1831, 2216, 2215, 1831, 2215, 1830, 1832, 2217, 2216, 1832, 2216, 1831, 1833, 2218, 2217, 1833, 2217, 1832, 1834, 2219, 2218, 1834, 2218, 1833, 1791, 2219, 1834, 1791, 2178, 2219, 1835, 2135, 2134, 1793, 2135, 1835, 1836, 2137, 2136, 1836, 2136, 1792, 1837, 2138, 2137, 1837, 2137, 1836, 1838, 2139, 2138, 1838, 2138, 1837, 1839, 2140, 2139, 1839, 2139, 1838, 1840, 2141, 2140, 1840, 2140, 1839, 1841, 2142, 2141, 1841, 2141, 1840, 1842, 2143, 2142, 1842, 2142, 1841, 1843, 2144, 2143, 1843, 2143, 1842, 1844, 2145, 2144, 1844, 2144, 1843, 1845, 2146, 2145, 1845, 2145, 1844, 1846, 2147, 2146, 1846, 2146, 1845, 1847, 2148, 2147, 1847, 2147, 1846, 1848, 2149, 2148, 1848, 2148, 1847, 1849, 2150, 2149, 1849, 2149, 1848, 1850, 2151, 2150, 1850, 2150, 1849, 1851, 2152, 2151, 1851, 2151, 1850, 1852, 2153, 2152, 1852, 2152, 1851, 1853, 2154, 2153, 1853, 2155, 2154, 1853, 2153, 1852, 1854, 2155, 1853, 1854, 2156, 2155, 1855, 2156, 1854, 1856, 2157, 2156, 1856, 2156, 1855, 1857, 2158, 2157, 1857, 2157, 1856, 1858, 2159, 2158, 1858, 2158, 1857, 1859, 2160, 2159, 1859, 2159, 1858, 1860, 2161, 2160, 1860, 2160, 1859, 1861, 2162, 2161, 1861, 2163, 2162, 1861, 2161, 1860, 1862, 2163, 1861, 1863, 2164, 2163, 1863, 2163, 1862, 1864, 2164, 1863, 1864, 2165, 2164, 1865, 2165, 1864, 1865, 2166, 2165, 1866, 2166, 1865, 1866, 2167, 2166, 1867, 2167, 1866, 1867, 2168, 2167, 1868, 2168, 1867, 1868, 2169, 2168, 1869, 2169, 1868, 1869, 2170, 2169, 1869, 2171, 2170, 1870, 2171, 1869, 1871, 2171, 1870, 1871, 2172, 2171, 1872, 2172, 1871, 1872, 2173, 2172, 1872, 2174, 2173, 1873, 2174, 1872, 1874, 2175, 2174, 1874, 2174, 1873, 1875, 2176, 2175, 1875, 2177, 2176, 1875, 2175, 1874, 1876, 2177, 1875, 1835, 2134, 2177, 1835, 2177, 1876, 2832, 1770, 1769, 2832, 1769, 2833, 2548, 2834, 1878, 2548, 1878, 1879, 2835, 1878, 2836, 2835, 1877, 1878, 1881, 2838, 2837, 1881, 2837, 1880, 1882, 2839, 2838, 1882, 2838, 1881, 1883, 2840, 2839, 1883, 2839, 1882, 1884, 2841, 2840, 1884, 2840, 1883, 1885, 2842, 2841, 1885, 2841, 1884, 1886, 2843, 2842, 1886, 2842, 1885, 1887, 2844, 2843, 1887, 2843, 1886, 1888, 2844, 1887, 1888, 2845, 2844, 1889, 2846, 2845, 1889, 2845, 1888, 1890, 2847, 2846, 1890, 2848, 2847, 1890, 2846, 1889, 1891, 2848, 1890, 1892, 2849, 2848, 1892, 2848, 1891, 1893, 2850, 2849, 1893, 2851, 2850, 1893, 2849, 1892, 1894, 2851, 1893, 1895, 2852, 2851, 1895, 2851, 1894, 1896, 2853, 2852, 1896, 2852, 1895, 1897, 2854, 2853, 1897, 2853, 1896, 1898, 2855, 2854, 1898, 2854, 1897, 1899, 2856, 2855, 1899, 2855, 1898, 1900, 2857, 2856, 1900, 2858, 2857, 1900, 2856, 1899, 1901, 2858, 1900, 1902, 2859, 2858, 1902, 2858, 1901, 1903, 2860, 2859, 1903, 2859, 1902, 1904, 2861, 2860, 1904, 2860, 1903, 1905, 2862, 2861, 1905, 2863, 2862, 1905, 2861, 1904, 1906, 2864, 2863, 1906, 2863, 1905, 1907, 2864, 1906, 1908, 2865, 2864, 1908, 2864, 1907, 1909, 2866, 2865, 1909, 2867, 2866, 1909, 2865, 1908, 1910, 2867, 1909, 1911, 2868, 2867, 1911, 2867, 1910, 1912, 2868, 1911, 1912, 2869, 2868, 1913, 2869, 1912, 1913, 2870, 2869, 1913, 2871, 2870, 1914, 2871, 1913, 1915, 2871, 1914, 1915, 2872, 2871, 1916, 2872, 1915, 1916, 2873, 2872, 1917, 2873, 1916, 1917, 2874, 2873, 1918, 2874, 1917, 1918, 2875, 2874, 1918, 2876, 2875, 1919, 2876, 1918, 1920, 2876, 1919, 1920, 2877, 2876, 1921, 2877, 1920, 1921, 2878, 2877, 1922, 2879, 2878, 1922, 2878, 1921, 1923, 2880, 2879, 1923, 2879, 1922, 1924, 2880, 1923, 1924, 2881, 2880, 1925, 2882, 2881, 1925, 2881, 1924, 1926, 2883, 2882, 1926, 2882, 1925, 1927, 2884, 2883, 1927, 2883, 1926, 1928, 2885, 2884, 1928, 2884, 1927, 1929, 2886, 2885, 1929, 2885, 1928, 1930, 2887, 2886, 1930, 2886, 1929, 1931, 2888, 2887, 1931, 2887, 1930, 1932, 2889, 2888, 1932, 2888, 1931, 1933, 2890, 2889, 1933, 2889, 1932, 1934, 2891, 2890, 1934, 2890, 1933, 1935, 2892, 2891, 1935, 2891, 1934, 1936, 2893, 2892, 1936, 2892, 1935, 1937, 2894, 2893, 1937, 2893, 1936, 1938, 2894, 1937, 1938, 2895, 2894, 1939, 2895, 1938, 1939, 2896, 2895, 1940, 2896, 1939, 1940, 2897, 2896, 1941, 2897, 1940, 1941, 2898, 2897, 1942, 2898, 1941, 1942, 2899, 2898, 1943, 2899, 1942, 1943, 2900, 2899, 1943, 2901, 2900, 1944, 2901, 1943, 1945, 2901, 1944, 1945, 2902, 2901, 1946, 2902, 1945, 1946, 2903, 2902, 1947, 2903, 1946, 1947, 2904, 2903, 1948, 2904, 1947, 1948, 2905, 2904, 1949, 2905, 1948, 1949, 2906, 2905, 1950, 2906, 1949, 1950, 2907, 2906, 1951, 2907, 1950, 1951, 2908, 2907, 1952, 2908, 1951, 1952, 2909, 2908, 1953, 2909, 1952, 1953, 2910, 2909, 1954, 2910, 1953, 1954, 2911, 2910, 1955, 2911, 1954, 1955, 2912, 2911, 1956, 2912, 1955, 1956, 2913, 2912, 1957, 2914, 2913, 1957, 2913, 1956, 1958, 2915, 2914, 1958, 2914, 1957, 1959, 2916, 2915, 1959, 2915, 1958, 1960, 2917, 2916, 1960, 2916, 1959, 1961, 2918, 2917, 1961, 2917, 1960, 1962, 2919, 2918, 1962, 2918, 1961, 1963, 2919, 1962, 1963, 2920, 2919, 1880, 2920, 1963, 1880, 2837, 2920, 1965, 2922, 2921, 1965, 2921, 1964, 1966, 2923, 2922, 1966, 2922, 1965, 1967, 2924, 2923, 1967, 2923, 1966, 1968, 2925, 2924, 1968, 2924, 1967, 1969, 2926, 2925, 1969, 2925, 1968, 1970, 2927, 2926, 1970, 2926, 1969, 1971, 2928, 2927, 1971, 2927, 1970, 1972, 2928, 1971, 1972, 2929, 2928, 1973, 2930, 2929, 1973, 2929, 1972, 1974, 2931, 2930, 1974, 2932, 2931, 1974, 2930, 1973, 1975, 2932, 1974, 1976, 2933, 2932, 1976, 2932, 1975, 1977, 2934, 2933, 1977, 2935, 2934, 1977, 2933, 1976, 1978, 2935, 1977, 1979, 2936, 2935, 1979, 2935, 1978, 1980, 2937, 2936, 1980, 2936, 1979, 1981, 2938, 2937, 1981, 2937, 1980, 1982, 2939, 2938, 1982, 2938, 1981, 1983, 2940, 2939, 1983, 2939, 1982, 1984, 2941, 2940, 1984, 2942, 2941, 1984, 2940, 1983, 1985, 2942, 1984, 1986, 2943, 2942, 1986, 2942, 1985, 1987, 2944, 2943, 1987, 2943, 1986, 1988, 2945, 2944, 1988, 2944, 1987, 1989, 2946, 2945, 1989, 2947, 2946, 1989, 2945, 1988, 1990, 2948, 2947, 1990, 2947, 1989, 1991, 2948, 1990, 1992, 2949, 2948, 1992, 2948, 1991, 1993, 2950, 2949, 1993, 2951, 2950, 1993, 2949, 1992, 1994, 2951, 1993, 1995, 2952, 2951, 1995, 2951, 1994, 1996, 2952, 1995, 1996, 2953, 2952, 1997, 2953, 1996, 1997, 2954, 2953, 1997, 2955, 2954, 1998, 2955, 1997, 1999, 2955, 1998, 1999, 2956, 2955, 2000, 2956, 1999, 2000, 2957, 2956, 2001, 2957, 2000, 2001, 2958, 2957, 2002, 2958, 2001, 2002, 2959, 2958, 2002, 2960, 2959, 2003, 2960, 2002, 2004, 2960, 2003, 2004, 2961, 2960, 2005, 2961, 2004, 2005, 2962, 2961, 2006, 2963, 2962, 2006, 2962, 2005, 2007, 2964, 2963, 2007, 2963, 2006, 2008, 2964, 2007, 2008, 2965, 2964, 2009, 2966, 2965, 2009, 2965, 2008, 2010, 2967, 2966, 2010, 2966, 2009, 2011, 2968, 2967, 2011, 2967, 2010, 2012, 2969, 2968, 2012, 2968, 2011, 2013, 2970, 2969, 2013, 2969, 2012, 2014, 2971, 2970, 2014, 2970, 2013, 2015, 2972, 2971, 2015, 2971, 2014, 2016, 2973, 2972, 2016, 2972, 2015, 2017, 2974, 2973, 2017, 2973, 2016, 2018, 2975, 2974, 2018, 2974, 2017, 2019, 2976, 2975, 2019, 2975, 2018, 2020, 2977, 2976, 2020, 2976, 2019, 2021, 2978, 2977, 2021, 2977, 2020, 2022, 2978, 2021, 2022, 2979, 2978, 2023, 2979, 2022, 2023, 2980, 2979, 2024, 2980, 2023, 2024, 2981, 2980, 2025, 2981, 2024, 2025, 2982, 2981, 2026, 2982, 2025, 2026, 2983, 2982, 2027, 2983, 2026, 2027, 2984, 2983, 2027, 2985, 2984, 2028, 2985, 2027, 2029, 2985, 2028, 2029, 2986, 2985, 2030, 2986, 2029, 2030, 2987, 2986, 2031, 2987, 2030, 2031, 2988, 2987, 2032, 2988, 2031, 2032, 2989, 2988, 2033, 2989, 2032, 2033, 2990, 2989, 2034, 2990, 2033, 2034, 2991, 2990, 2035, 2991, 2034, 2035, 2992, 2991, 2036, 2992, 2035, 2036, 2993, 2992, 2037, 2993, 2036, 2037, 2994, 2993, 2038, 2994, 2037, 2038, 2995, 2994, 2039, 2995, 2038, 2039, 2996, 2995, 2040, 2996, 2039, 2040, 2997, 2996, 2041, 2998, 2997, 2041, 2997, 2040, 2042, 2999, 2998, 2042, 2998, 2041, 2043, 3000, 2999, 2043, 2999, 2042, 2044, 3001, 3000, 2044, 3000, 2043, 2045, 3002, 3001, 2045, 3001, 2044, 2046, 3003, 3002, 2046, 3002, 2045, 2047, 3003, 2046, 2047, 3004, 3003, 1964, 3004, 2047, 1964, 2921, 3004, 2613, 2092, 2090, 2614, 2613, 2090, 2612, 2092, 2613, 2612, 2093, 2092, 2611, 2094, 2093, 2611, 2093, 2612, 2610, 2095, 2094, 2610, 2094, 2611, 2609, 2095, 2610, 2609, 2096, 2095, 2608, 2096, 2609, 2608, 2097, 2096, 2607, 2097, 2608, 2607, 2098, 2097, 2606, 2098, 2607, 2606, 2099, 2098, 2605, 2099, 2606, 2605, 2100, 2099, 2604, 2100, 2605, 2604, 2101, 2100, 2603, 2101, 2604, 2603, 2102, 2101, 2602, 2102, 2603, 2602, 2103, 2102, 2601, 2103, 2602, 2601, 2104, 2103, 2600, 2104, 2601, 2600, 2105, 2104, 2599, 2105, 2600, 2599, 2106, 2105, 2598, 2106, 2599, 2598, 2107, 2106, 2597, 2107, 2598, 2597, 2108, 2107, 2596, 2108, 2597, 2596, 2109, 2108, 2595, 2110, 2109, 2595, 2109, 2596, 2594, 2111, 2110, 2594, 2110, 2595, 2593, 2112, 2111, 2593, 2111, 2594, 2592, 2113, 2112, 2592, 2114, 2113, 2592, 2112, 2593, 2591, 2114, 2592, 2590, 2115, 2114, 2590, 2114, 2591, 2589, 2116, 2115, 2589, 2115, 2590, 2588, 2117, 2116, 2588, 2118, 2117, 2588, 2116, 2589, 2587, 2118, 2588, 2586, 2119, 2118, 2586, 2118, 2587, 2585, 2120, 2119, 2585, 2121, 2120, 2585, 2119, 2586, 2584, 2121, 2585, 2583, 2121, 2584, 2583, 2122, 2121, 2582, 2122, 2583, 2582, 2123, 2122, 2582, 2124, 2123, 2581, 2124, 2582, 2580, 2124, 2581, 2580, 2125, 2124, 2579, 2125, 2580, 2579, 2126, 2125, 2579, 2127, 2126, 2578, 2127, 2579, 2577, 2127, 2578, 2577, 2128, 2127, 2576, 2128, 2577, 2576, 2129, 2128, 2575, 2129, 2576, 2575, 2130, 2129, 2574, 2130, 2575, 2574, 2131, 2130, 2574, 2132, 2131, 2573, 2132, 2574, 2572, 2132, 2573, 2572, 2133, 2132, 2571, 2133, 2572, 2571, 2091, 2133, 2091, 2571, 2615, 2091, 2615, 2048, 2616, 2048, 2615, 2616, 2049, 2048, 2617, 2050, 2049, 2617, 2049, 2616, 2618, 2051, 2050, 2618, 2050, 2617, 2619, 2052, 2051, 2619, 2051, 2618, 2620, 2053, 2052, 2620, 2052, 2619, 2621, 2054, 2053, 2621, 2053, 2620, 2622, 2055, 2054, 2622, 2054, 2621, 2623, 2056, 2055, 2623, 2055, 2622, 2624, 2057, 2056, 2624, 2056, 2623, 2625, 2058, 2057, 2625, 2057, 2624, 2626, 2059, 2058, 2626, 2058, 2625, 2627, 2060, 2059, 2627, 2059, 2626, 2628, 2061, 2060, 2628, 2060, 2627, 2629, 2062, 2061, 2629, 2061, 2628, 2630, 2063, 2062, 2630, 2062, 2629, 2631, 2064, 2063, 2631, 2063, 2630, 2632, 2065, 2064, 2632, 2064, 2631, 2633, 2066, 2065, 2633, 2065, 2632, 2634, 2067, 2066, 2634, 2068, 2067, 2634, 2066, 2633, 2635, 2068, 2634, 2635, 2069, 2068, 2636, 2070, 2069, 2636, 2069, 2635, 2637, 2071, 2070, 2637, 2070, 2636, 2638, 2072, 2071, 2638, 2071, 2637, 2639, 2073, 2072, 2639, 2072, 2638, 2640, 2074, 2073, 2640, 2073, 2639, 2641, 2075, 2074, 2641, 2074, 2640, 2642, 2075, 2641, 2643, 2076, 2075, 2643, 2075, 2642, 2644, 2076, 2643, 2644, 2077, 2076, 2644, 2078, 2077, 2645, 2078, 2644, 2645, 2079, 2078, 2646, 2079, 2645, 2646, 2080, 2079, 2647, 2080, 2646, 2647, 2081, 2080, 2648, 2081, 2647, 2648, 2082, 2081, 2649, 2082, 2648, 2649, 2083, 2082, 2650, 2083, 2649, 2650, 2084, 2083, 2651, 2084, 2650, 2651, 2085, 2084, 2652, 2085, 2651, 2652, 2086, 2085, 2653, 2086, 2652, 2653, 2087, 2086, 2654, 2088, 2087, 2654, 2087, 2653, 2655, 2089, 2088, 2655, 2088, 2654, 2656, 2090, 2089, 2656, 2089, 2655, 2614, 2090, 2656, 2421, 2221, 2420, 2421, 2265, 2221, 2422, 2266, 2265, 2422, 2265, 2421, 2423, 2267, 2266, 2423, 2266, 2422, 2424, 2268, 2267, 2424, 2267, 2423, 2425, 2269, 2268, 2425, 2268, 2424, 2426, 2270, 2269, 2426, 2269, 2425, 2427, 2271, 2270, 2427, 2270, 2426, 2428, 2272, 2271, 2428, 2271, 2427, 2429, 2273, 2272, 2429, 2272, 2428, 2430, 2274, 2273, 2430, 2273, 2429, 2431, 2275, 2274, 2431, 2274, 2430, 2432, 2276, 2275, 2432, 2275, 2431, 2433, 2277, 2276, 2433, 2276, 2432, 2434, 2278, 2277, 2434, 2277, 2433, 2435, 2279, 2278, 2435, 2278, 2434, 2436, 2280, 2279, 2436, 2279, 2435, 2437, 2281, 2280, 2437, 2280, 2436, 2438, 2282, 2281, 2438, 2281, 2437, 2439, 2283, 2282, 2439, 2282, 2438, 2440, 2284, 2283, 2440, 2283, 2439, 2441, 2285, 2284, 2441, 2284, 2440, 2442, 2286, 2285, 2442, 2285, 2441, 2443, 2287, 2286, 2443, 2286, 2442, 2444, 2288, 2287, 2444, 2287, 2443, 2445, 2289, 2288, 2445, 2288, 2444, 2446, 2290, 2289, 2446, 2289, 2445, 2447, 2291, 2290, 2447, 2290, 2446, 2448, 2291, 2447, 2448, 2292, 2291, 2449, 2292, 2448, 2449, 2293, 2292, 2450, 2293, 2449, 2450, 2294, 2293, 2451, 2294, 2450, 2451, 2295, 2294, 2452, 2295, 2451, 2452, 2296, 2295, 2453, 2296, 2452, 2453, 2297, 2296, 2454, 2297, 2453, 2454, 2298, 2297, 2455, 2298, 2454, 2455, 2299, 2298, 2456, 2299, 2455, 2456, 2300, 2299, 2457, 2300, 2456, 2457, 2301, 2300, 2458, 2302, 2301, 2458, 2301, 2457, 2459, 2303, 2302, 2459, 2302, 2458, 2460, 2304, 2303, 2460, 2303, 2459, 2461, 2305, 2304, 2461, 2304, 2460, 2418, 2305, 2461, 2418, 2264, 2305, 2418, 2222, 2264, 2418, 2419, 2222, 2419, 2223, 2222, 2463, 2223, 2419, 2464, 2224, 2223, 2464, 2223, 2463, 2465, 2225, 2224, 2465, 2224, 2464, 2466, 2226, 2225, 2466, 2225, 2465, 2467, 2227, 2226, 2467, 2228, 2227, 2467, 2226, 2466, 2468, 2228, 2467, 2469, 2229, 2228, 2469, 2228, 2468, 2470, 2230, 2229, 2470, 2229, 2469, 2471, 2231, 2230, 2471, 2230, 2470, 2472, 2232, 2231, 2472, 2233, 2232, 2472, 2231, 2471, 2473, 2233, 2472, 2474, 2234, 2233, 2474, 2233, 2473, 2475, 2235, 2234, 2475, 2234, 2474, 2476, 2236, 2235, 2476, 2237, 2236, 2476, 2235, 2475, 2477, 2237, 2476, 2478, 2238, 2237, 2478, 2237, 2477, 2479, 2239, 2238, 2479, 2240, 2239, 2479, 2238, 2478, 2480, 2240, 2479, 2481, 2241, 2240, 2481, 2240, 2480, 2482, 2242, 2241, 2482, 2243, 2242, 2482, 2241, 2481, 2483, 2243, 2482, 2484, 2244, 2243, 2484, 2243, 2483, 2485, 2245, 2244, 2485, 2244, 2484, 2486, 2246, 2245, 2486, 2245, 2485, 2487, 2247, 2246, 2487, 2246, 2486, 2488, 2248, 2247, 2488, 2247, 2487, 2489, 2249, 2248, 2489, 2248, 2488, 2490, 2250, 2249, 2490, 2249, 2489, 2491, 2250, 2490, 2491, 2251, 2250, 2492, 2251, 2491, 2492, 2252, 2251, 2492, 2253, 2252, 2493, 2253, 2492, 2494, 2253, 2493, 2494, 2254, 2253, 2494, 2255, 2254, 2495, 2255, 2494, 2496, 2255, 2495, 2496, 2256, 2255, 2496, 2257, 2256, 2497, 2257, 2496, 2498, 2257, 2497, 2498, 2258, 2257, 2498, 2259, 2258, 2499, 2259, 2498, 2500, 2260, 2259, 2500, 2261, 2260, 2500, 2259, 2499, 2501, 2261, 2500, 2502, 2262, 2261, 2502, 2263, 2262, 2502, 2261, 2501, 2503, 2263, 2502, 2462, 2220, 2263, 2462, 2263, 2503, 2462, 2221, 2220, 2420, 2221, 2462, 2723, 2350, 2348, 2723, 2722, 2350, 2721, 2350, 2722, 2721, 2351, 2350, 2720, 2352, 2351, 2720, 2351, 2721, 2719, 2353, 2352, 2719, 2352, 2720, 2718, 2353, 2719, 2718, 2354, 2353, 2717, 2354, 2718, 2717, 2355, 2354, 2716, 2355, 2717, 2716, 2356, 2355, 2715, 2356, 2716, 2715, 2357, 2356, 2714, 2357, 2715, 2714, 2358, 2357, 2713, 2358, 2714, 2713, 2359, 2358, 2712, 2359, 2713, 2712, 2360, 2359, 2711, 2360, 2712, 2711, 2361, 2360, 2710, 2361, 2711, 2710, 2362, 2361, 2709, 2362, 2710, 2709, 2363, 2362, 2708, 2363, 2709, 2708, 2364, 2363, 2707, 2364, 2708, 2707, 2365, 2364, 2706, 2365, 2707, 2706, 2366, 2365, 2705, 2366, 2706, 2705, 2367, 2366, 2704, 2368, 2367, 2704, 2367, 2705, 2703, 2369, 2368, 2703, 2368, 2704, 2702, 2370, 2369, 2702, 2369, 2703, 2701, 2371, 2370, 2701, 2370, 2702, 2700, 2372, 2371, 2700, 2371, 2701, 2699, 2373, 2372, 2699, 2372, 2700, 2698, 2374, 2373, 2698, 2373, 2699, 2697, 2375, 2374, 2697, 2376, 2375, 2697, 2374, 2698, 2696, 2376, 2697, 2695, 2377, 2376, 2695, 2376, 2696, 2694, 2378, 2377, 2694, 2377, 2695, 2693, 2378, 2694, 2693, 2379, 2378, 2693, 2380, 2379, 2692, 2380, 2693, 2691, 2380, 2692, 2691, 2381, 2380, 2691, 2382, 2381, 2690, 2382, 2691, 2689, 2382, 2690, 2689, 2383, 2382, 2689, 2384, 2383, 2688, 2384, 2689, 2688, 2385, 2384, 2687, 2385, 2688, 2686, 2385, 2687, 2686, 2386, 2385, 2685, 2386, 2686, 2685, 2387, 2386, 2685, 2388, 2387, 2684, 2388, 2685, 2683, 2388, 2684, 2683, 2389, 2388, 2683, 2390, 2389, 2682, 2390, 2683, 2681, 2390, 2682, 2681, 2391, 2390, 2681, 2349, 2391, 2680, 2349, 2681, 2349, 2680, 2724, 2349, 2724, 2306, 2725, 2306, 2724, 2725, 2307, 2306, 2726, 2308, 2307, 2726, 2307, 2725, 2727, 2309, 2308, 2727, 2308, 2726, 2728, 2310, 2309, 2728, 2309, 2727, 2729, 2311, 2310, 2729, 2310, 2728, 2730, 2312, 2311, 2730, 2311, 2729, 2731, 2313, 2312, 2731, 2312, 2730, 2732, 2314, 2313, 2732, 2313, 2731, 2733, 2315, 2314, 2733, 2314, 2732, 2734, 2316, 2315, 2734, 2315, 2733, 2735, 2317, 2316, 2735, 2316, 2734, 2736, 2318, 2317, 2736, 2317, 2735, 2737, 2319, 2318, 2737, 2318, 2736, 2738, 2320, 2319, 2738, 2319, 2737, 2739, 2321, 2320, 2739, 2320, 2738, 2740, 2322, 2321, 2740, 2321, 2739, 2741, 2323, 2322, 2741, 2322, 2740, 2742, 2324, 2323, 2742, 2323, 2741, 2743, 2325, 2324, 2743, 2326, 2325, 2743, 2324, 2742, 2744, 2326, 2743, 2744, 2327, 2326, 2745, 2328, 2327, 2745, 2327, 2744, 2746, 2329, 2328, 2746, 2328, 2745, 2747, 2330, 2329, 2747, 2329, 2746, 2748, 2331, 2330, 2748, 2330, 2747, 2749, 2332, 2331, 2749, 2331, 2748, 2750, 2333, 2332, 2750, 2332, 2749, 2751, 2333, 2750, 2752, 2334, 2333, 2752, 2333, 2751, 2753, 2334, 2752, 2753, 2335, 2334, 2753, 2336, 2335, 2754, 2336, 2753, 2754, 2337, 2336, 2755, 2337, 2754, 2755, 2338, 2337, 2756, 2338, 2755, 2756, 2339, 2338, 2757, 2339, 2756, 2757, 2340, 2339, 2758, 2340, 2757, 2758, 2341, 2340, 2759, 2341, 2758, 2759, 2342, 2341, 2760, 2342, 2759, 2760, 2343, 2342, 2761, 2343, 2760, 2761, 2344, 2343, 2762, 2344, 2761, 2762, 2345, 2344, 2763, 2346, 2345, 2763, 2345, 2762, 2764, 2347, 2346, 2764, 2346, 2763, 2765, 2348, 2347, 2765, 2347, 2764, 2723, 2348, 2765, 2396, 2392, 2393, 2791, 2396, 2393, 2657, 2394, 2789, 2395, 2394, 2657, 2791, 2393, 2397, 2791, 2397, 2790, 2505, 2835, 2836, 2505, 2836, 2504, 2526, 2832, 2505, 2526, 2830, 2831, 2526, 2831, 2832, 2525, 2829, 2830, 2525, 2830, 2526, 2524, 2828, 2829, 2524, 2829, 2525, 2523, 2827, 2828, 2523, 2828, 2524, 2522, 2826, 2827, 2522, 2827, 2523, 2521, 2825, 2826, 2521, 2826, 2522, 2520, 2825, 2521, 2519, 2824, 2825, 2519, 2825, 2520, 2518, 2822, 2823, 2518, 2823, 2824, 2518, 2824, 2519, 2517, 2821, 2822, 2517, 2822, 2518, 2516, 2821, 2517, 2515, 2819, 2820, 2515, 2820, 2821, 2515, 2821, 2516, 2514, 2819, 2515, 2513, 2819, 2514, 2513, 2817, 2818, 2513, 2818, 2819, 2512, 2817, 2513, 2512, 2816, 2817, 2511, 2816, 2512, 2510, 2816, 2511, 2510, 2815, 2816, 2509, 2815, 2510, 2509, 2813, 2814, 2509, 2814, 2815, 2508, 2813, 2509, 2508, 2812, 2813, 2507, 2812, 2508, 2506, 1767, 2812, 2506, 2812, 2507, 2527, 3025, 2767, 2547, 3025, 2527, 2546, 3024, 3025, 2546, 3025, 2547, 2545, 3023, 3024, 2545, 3024, 2546, 2544, 3022, 3023, 2544, 3023, 2545, 2543, 3021, 3022, 2543, 3022, 2544, 2542, 3020, 3021, 2542, 3021, 2543, 2541, 3019, 3020, 2541, 3020, 2542, 2540, 3018, 3019, 2540, 3019, 2541, 2539, 3016, 3017, 2539, 3017, 3018, 2539, 3018, 2540, 2538, 3015, 3016, 2538, 3016, 2539, 2537, 3015, 2538, 2536, 3013, 3014, 2536, 3014, 3015, 2536, 3015, 2537, 2535, 3013, 2536, 2534, 3013, 2535, 2534, 3012, 3013, 2533, 3012, 2534, 2533, 3011, 3012, 2532, 3011, 2533, 2532, 3009, 3010, 2532, 3010, 3011, 2531, 3009, 2532, 2530, 3009, 2531, 2530, 3007, 3008, 2530, 3008, 3009, 2529, 3007, 2530, 2528, 3005, 3006, 2528, 3006, 3007, 2528, 3007, 2529, 2504, 3005, 2528, 2767, 1717, 1656, 2767, 1656, 2527, 3025, 2570, 2549, 3025, 2549, 2767, 3024, 2569, 2570, 3024, 2570, 3025, 3023, 2568, 2569, 3023, 2569, 3024, 3022, 2567, 2568, 3022, 2568, 3023, 3021, 2566, 2567, 3021, 2567, 3022, 3020, 2565, 2566, 3020, 2566, 3021, 3019, 2564, 2565, 3019, 2565, 3020, 3018, 2563, 2564, 3018, 2564, 3019, 3017, 2562, 2563, 3017, 2563, 3018, 3016, 2561, 2562, 3016, 2562, 3017, 3015, 2560, 2561, 3015, 2561, 3016, 3014, 2558, 2559, 3014, 2559, 2560, 3014, 2560, 3015, 3013, 2558, 3014, 3012, 2558, 3013, 3012, 2557, 2558, 3011, 2555, 2556, 3011, 2556, 2557, 3011, 2557, 3012, 3010, 2555, 3011, 3009, 2554, 2555, 3009, 2555, 3010, 3008, 2553, 2554, 3008, 2554, 3009, 3007, 2552, 2553, 3007, 2553, 3008, 3006, 2551, 2552, 3006, 2552, 3007, 3005, 2550, 2551, 3005, 2551, 3006, 3005, 2834, 2548, 3005, 2548, 2550, 2789, 2788, 2659, 2789, 2659, 2657, 2787, 2679, 2659, 2787, 2659, 2788, 2786, 2678, 2679, 2786, 2679, 2787, 2785, 2677, 2678, 2785, 2678, 2786, 2784, 2676, 2677, 2784, 2677, 2785, 2783, 2675, 2676, 2783, 2676, 2784, 2782, 2674, 2675, 2782, 2675, 2783, 2781, 2673, 2674, 2781, 2674, 2782, 2780, 2672, 2673, 2780, 2673, 2781, 2779, 2671, 2672, 2779, 2672, 2780, 2778, 2670, 2671, 2778, 2671, 2779, 2777, 2669, 2670, 2777, 2670, 2778, 2776, 2668, 2669, 2776, 2669, 2777, 2775, 2668, 2776, 2775, 2667, 2668, 2774, 2667, 2775, 2774, 2666, 2667, 2773, 2665, 2666, 2773, 2666, 2774, 2772, 2665, 2773, 2772, 2664, 2665, 2771, 2663, 2664, 2771, 2664, 2772, 2770, 2662, 2663, 2770, 2663, 2771, 2769, 2661, 2662, 2769, 2662, 2770, 2768, 2660, 2661, 2768, 2661, 2769, 2766, 2658, 2660, 2766, 2660, 2768, 1741, 2789, 2394, 1740, 2396, 2791, 1877, 2835, 2833, 2832, 2833, 2835, 2505, 2832, 2835, 2834, 2836, 1878, 2838, 3030, 2837, 2837, 3030, 2920, 3031, 3026, 3027, 3032, 3026, 3031, 3033, 3026, 3032, 3034, 3026, 3033, 3035, 3031, 3027, 3035, 3027, 3028, 3036, 3026, 3034, 3037, 3032, 3031, 3037, 3031, 3035, 3038, 3026, 3036, 3039, 3033, 3032, 3039, 3032, 3037, 3040, 3026, 3038, 3041, 3033, 3039, 3041, 3034, 3033, 3042, 3035, 3028, 3042, 3028, 3029, 3043, 3026, 3040, 3044, 3034, 3041, 3044, 3036, 3034, 3045, 3037, 3035, 3045, 3035, 3042, 3046, 3026, 3043, 3047, 3036, 3044, 3047, 3038, 3036, 3048, 3039, 3037, 3048, 3037, 3045, 3049, 3026, 3046, 3050, 3038, 3047, 3050, 3040, 3038, 3051, 3041, 3039, 3051, 3039, 3048, 3052, 3042, 3029, 3052, 2838, 2839, 3052, 2839, 2840, 3052, 3030, 2838, 3052, 3029, 3030, 3053, 3026, 3049, 3054, 3040, 3050, 3054, 3043, 3040, 3055, 3044, 3041, 3055, 3041, 3051, 3056, 2840, 2841, 3056, 2841, 2842, 3056, 3042, 3052, 3056, 3045, 3042, 3056, 3052, 2840, 3057, 3026, 3053, 3058, 3043, 3054, 3058, 3046, 3043, 3059, 3047, 3044, 3059, 3044, 3055, 3060, 2842, 2843, 3060, 2843, 2844, 3060, 3056, 2842, 3060, 3048, 3045, 3060, 3045, 3056, 3061, 3026, 3057, 3062, 3046, 3058, 3062, 3049, 3046, 3062, 3053, 3049, 3063, 3047, 3059, 3063, 3050, 3047, 3064, 3055, 3051, 3064, 2844, 2845, 3064, 2845, 2846, 3064, 3051, 3048, 3064, 3048, 3060, 3064, 3060, 2844, 3065, 3026, 3061, 3066, 3053, 3062, 3067, 3054, 3050, 3067, 3050, 3063, 3068, 3064, 2846, 3068, 2846, 2847, 3068, 2847, 2848, 3068, 3055, 3064, 3069, 3026, 3065, 3070, 3053, 3066, 3070, 3057, 3053, 3071, 3054, 3067, 3071, 3058, 3054, 3072, 3068, 2848, 3072, 2848, 2849, 3072, 2849, 2850, 3072, 3059, 3055, 3072, 3055, 3068, 3073, 3026, 3069, 3074, 3057, 3070, 3074, 3061, 3057, 3075, 3058, 3071, 3075, 3062, 3058, 3076, 2850, 2851, 3076, 2851, 2852, 3076, 3063, 3059, 3076, 3072, 2850, 3076, 3059, 3072, 3077, 3026, 3073, 3078, 3061, 3074, 3078, 3065, 3061, 3079, 3062, 3075, 3079, 3066, 3062, 3080, 3063, 3076, 3080, 2852, 2853, 3080, 2853, 2854, 3080, 3076, 2852, 3080, 3067, 3063, 3081, 3026, 3077, 3082, 3069, 3065, 3082, 3065, 3078, 3083, 3066, 3079, 3083, 3070, 3066, 3083, 3074, 3070, 3084, 3080, 2854, 3084, 2854, 2855, 3084, 2855, 2856, 3084, 3067, 3080, 3084, 3071, 3067, 3085, 3026, 3081, 3086, 3069, 3082, 3086, 3073, 3069, 3087, 3074, 3083, 3088, 3084, 2856, 3088, 3075, 3071, 3088, 2856, 2857, 3088, 2857, 2858, 3088, 3071, 3084, 3089, 3026, 3085, 3090, 3073, 3086, 3090, 3077, 3073, 3091, 3078, 3074, 3091, 3074, 3087, 3092, 3079, 3075, 3092, 3088, 2858, 3092, 2858, 2859, 3092, 2859, 2860, 3092, 3075, 3088, 3093, 3026, 3089, 3094, 3081, 3077, 3094, 3077, 3090, 3095, 3078, 3091, 3095, 3086, 3082, 3095, 3082, 3078, 3096, 2860, 2861, 3096, 2861, 2862, 3096, 3092, 2860, 3096, 3079, 3092, 3096, 3083, 3079, 3097, 3026, 3093, 3098, 3081, 3094, 3098, 3085, 3081, 3099, 3086, 3095, 3100, 3083, 3096, 3100, 2862, 2863, 3100, 2863, 2864, 3100, 3087, 3083, 3100, 3096, 2862, 3101, 3026, 3097, 3102, 3089, 3085, 3102, 3085, 3098, 3103, 3090, 3086, 3103, 3086, 3099, 3104, 2864, 2865, 3104, 2865, 2866, 3104, 3100, 2864, 3104, 3091, 3087, 3104, 3087, 3100, 3105, 3026, 3101, 3106, 3093, 3089, 3106, 3089, 3102, 3107, 3094, 3090, 3107, 3098, 3094, 3107, 3090, 3103, 3108, 3091, 3104, 3108, 2866, 2867, 3108, 2867, 2868, 3108, 3104, 2866, 3108, 3095, 3091, 3109, 3026, 3105, 3110, 3097, 3093, 3110, 3093, 3106, 3111, 3098, 3107, 3112, 3103, 3099, 3112, 3099, 3095, 3112, 2868, 2869, 3112, 2869, 2870, 3112, 3095, 3108, 3112, 3108, 2868, 3113, 3026, 3109, 3114, 3105, 3101, 3114, 3101, 3097, 3114, 3097, 3110, 3115, 3098, 3111, 3115, 3102, 3098, 3116, 3103, 3112, 3116, 2870, 2871, 3116, 2871, 2872, 3116, 3112, 2870, 3117, 3026, 3113, 3118, 3105, 3114, 3119, 3102, 3115, 3119, 3106, 3102, 3120, 3107, 3103, 3120, 3103, 3116, 3120, 3116, 2872, 3120, 2872, 2873, 3120, 2873, 2874, 3121, 3026, 3117, 3122, 3109, 3105, 3122, 3113, 3109, 3122, 3105, 3118, 3123, 3110, 3106, 3123, 3106, 3119, 3124, 3107, 3120, 3124, 3111, 3107, 3124, 3120, 2874, 3124, 2874, 2875, 3124, 2875, 2876, 3125, 3026, 3121, 3126, 3113, 3122, 3127, 3114, 3110, 3127, 3110, 3123, 3127, 3118, 3114, 3128, 3124, 2876, 3128, 3115, 3111, 3128, 2876, 2877, 3128, 2877, 2878, 3128, 3111, 3124, 3129, 3026, 3125, 3130, 3117, 3113, 3130, 3113, 3126, 3131, 3118, 3127, 3132, 3119, 3115, 3132, 3128, 2878, 3132, 2878, 2879, 3132, 2879, 2880, 3132, 3115, 3128, 3133, 3026, 3129, 3134, 3121, 3117, 3134, 3117, 3130, 3135, 3118, 3131, 3135, 3122, 3118, 3136, 3119, 3132, 3136, 3123, 3119, 3136, 2880, 2881, 3136, 2881, 2882, 3136, 3132, 2880, 3137, 3026, 3133, 3138, 3125, 3121, 3138, 3121, 3134, 3139, 3126, 3122, 3139, 3122, 3135, 3140, 3127, 3123, 3140, 3123, 3136, 3140, 2882, 2883, 3140, 2883, 2884, 3140, 3136, 2882, 3141, 3026, 3137, 3142, 3129, 3125, 3142, 3125, 3138, 3143, 3134, 3130, 3143, 3130, 3126, 3143, 3126, 3139, 3144, 3140, 2884, 3144, 3131, 3127, 3144, 2884, 2885, 3144, 2885, 2886, 3144, 3127, 3140, 3145, 3026, 3141, 3146, 3129, 3142, 3146, 3133, 3129, 3147, 3134, 3143, 3148, 3144, 2886, 3148, 3135, 3131, 3148, 2886, 2887, 3148, 2887, 2888, 3148, 3131, 3144, 3149, 3026, 3145, 3150, 3137, 3133, 3150, 3133, 3146, 3151, 3134, 3147, 3151, 3138, 3134, 3152, 3135, 3148, 3152, 3139, 3135, 3152, 2888, 2889, 3152, 2889, 2890, 3152, 3148, 2888, 3153, 3026, 3149, 3154, 3141, 3137, 3154, 3137, 3150, 3155, 3142, 3138, 3155, 3138, 3151, 3155, 3146, 3142, 3156, 3139, 3152, 3156, 3143, 3139, 3156, 3152, 2890, 3156, 2890, 2891, 3156, 2891, 2892, 3157, 3026, 3153, 3158, 3145, 3141, 3158, 3141, 3154, 3159, 3150, 3146, 3159, 3146, 3155, 3160, 3147, 3143, 3160, 3143, 3156, 3160, 3151, 3147, 3160, 2892, 2893, 3160, 2893, 2894, 3160, 3156, 2892, 3161, 3026, 3157, 3162, 3145, 3158, 3162, 3149, 3145, 3163, 3150, 3159, 3164, 3151, 3160, 3164, 2894, 2895, 3164, 2895, 2896, 3164, 3160, 2894, 3165, 3026, 3161, 3166, 3153, 3149, 3166, 3149, 3162, 3166, 3157, 3153, 3167, 3158, 3154, 3167, 3154, 3150, 3167, 3150, 3163, 3168, 3155, 3151, 3168, 3164, 2896, 3168, 2896, 2897, 3168, 2897, 2898, 3168, 3151, 3164, 3169, 3026, 3165, 3170, 3157, 3166, 3170, 3161, 3157, 3171, 3158, 3167, 3172, 3159, 3155, 3172, 3168, 2898, 3172, 3155, 3168, 3172, 2898, 2899, 3172, 2899, 2900, 3173, 3027, 3026, 3173, 3026, 3169, 3174, 3161, 3170, 3175, 3162, 3158, 3175, 3166, 3162, 3175, 3158, 3171, 3176, 3159, 3172, 3176, 3163, 3159, 3176, 3172, 2900, 3176, 2900, 2901, 3176, 2901, 2902, 3177, 3161, 3174, 3177, 3165, 3161, 3177, 3169, 3165, 3178, 3166, 3175, 3179, 3163, 3176, 3179, 3176, 2902, 3179, 2902, 2903, 3179, 2903, 2904, 3179, 3167, 3163, 3180, 3169, 3177, 3181, 3166, 3178, 3181, 3174, 3170, 3181, 3170, 3166, 3182, 3179, 2904, 3182, 3167, 3179, 3182, 3175, 3171, 3182, 2904, 2905, 3182, 2905, 2906, 3182, 3171, 3167, 3183, 3028, 3027, 3183, 3027, 3173, 3183, 3173, 3169, 3183, 3169, 3180, 3184, 3174, 3181, 3185, 3175, 3182, 3185, 3182, 2906, 3185, 2906, 2907, 3185, 2907, 2908, 3186, 3177, 3174, 3186, 3174, 3184, 3187, 3175, 3185, 3187, 3181, 3178, 3187, 3185, 2908, 3187, 2908, 2909, 3187, 2909, 2910, 3187, 3178, 3175, 3188, 3180, 3177, 3188, 3177, 3186, 3189, 3181, 3187, 3189, 3187, 2910, 3189, 2910, 2911, 3189, 2911, 2912, 3190, 3029, 3028, 3190, 3028, 3183, 3190, 3183, 3180, 3190, 3180, 3188, 3191, 3184, 3181, 3191, 3181, 3189, 3191, 3189, 2912, 3191, 2912, 2913, 3191, 2913, 2914, 3191, 3186, 3184, 3192, 3186, 3191, 3192, 3191, 2914, 3192, 2914, 2915, 3192, 2915, 2916, 3193, 3186, 3192, 3193, 3188, 3186, 3193, 3192, 2916, 3193, 2916, 2917, 3193, 2917, 2918, 3194, 3030, 3029, 3194, 3188, 3193, 3194, 3029, 3190, 3194, 3190, 3188, 3194, 3193, 2918, 3194, 2920, 3030, 3194, 2918, 2919, 3194, 2919, 2920, 2922, 3199, 2921, 2921, 3199, 3004, 3200, 3195, 3196, 3201, 3195, 3200, 3202, 3195, 3201, 3203, 3195, 3202, 3204, 3200, 3196, 3204, 3196, 3197, 3205, 3195, 3203, 3206, 3201, 3200, 3206, 3200, 3204, 3207, 3195, 3205, 3208, 3202, 3201, 3208, 3201, 3206, 3209, 3195, 3207, 3210, 3202, 3208, 3210, 3203, 3202, 3211, 3204, 3197, 3211, 3197, 3198, 3212, 3195, 3209, 3213, 3203, 3210, 3213, 3205, 3203, 3214, 3206, 3204, 3214, 3204, 3211, 3215, 3195, 3212, 3216, 3205, 3213, 3216, 3207, 3205, 3217, 3208, 3206, 3217, 3206, 3214, 3218, 3195, 3215, 3219, 3207, 3216, 3219, 3209, 3207, 3220, 3210, 3208, 3220, 3208, 3217, 3221, 3211, 3198, 3221, 2922, 2923, 3221, 2923, 2924, 3221, 3199, 2922, 3221, 3198, 3199, 3222, 3195, 3218, 3223, 3209, 3219, 3223, 3212, 3209, 3224, 3213, 3210, 3224, 3210, 3220, 3225, 2924, 2925, 3225, 2925, 2926, 3225, 3211, 3221, 3225, 3214, 3211, 3225, 3221, 2924, 3226, 3195, 3222, 3227, 3212, 3223, 3227, 3215, 3212, 3228, 3216, 3213, 3228, 3213, 3224, 3229, 2926, 2927, 3229, 2927, 2928, 3229, 3225, 2926, 3229, 3217, 3214, 3229, 3214, 3225, 3230, 3195, 3226, 3231, 3215, 3227, 3231, 3218, 3215, 3231, 3222, 3218, 3232, 3216, 3228, 3232, 3219, 3216, 3233, 3224, 3220, 3233, 2928, 2929, 3233, 2929, 2930, 3233, 3220, 3217, 3233, 3217, 3229, 3233, 3229, 2928, 3234, 3195, 3230, 3235, 3222, 3231, 3236, 3223, 3219, 3236, 3219, 3232, 3237, 3233, 2930, 3237, 2930, 2931, 3237, 2931, 2932, 3237, 3224, 3233, 3238, 3195, 3234, 3239, 3222, 3235, 3239, 3226, 3222, 3240, 3223, 3236, 3240, 3227, 3223, 3241, 3237, 2932, 3241, 2932, 2933, 3241, 2933, 2934, 3241, 3228, 3224, 3241, 3224, 3237, 3242, 3195, 3238, 3243, 3226, 3239, 3243, 3230, 3226, 3244, 3227, 3240, 3244, 3231, 3227, 3245, 2934, 2935, 3245, 2935, 2936, 3245, 3232, 3228, 3245, 3241, 2934, 3245, 3228, 3241, 3246, 3195, 3242, 3247, 3230, 3243, 3247, 3234, 3230, 3248, 3231, 3244, 3248, 3235, 3231, 3249, 3232, 3245, 3249, 2936, 2937, 3249, 2937, 2938, 3249, 3245, 2936, 3249, 3236, 3232, 3250, 3195, 3246, 3251, 3238, 3234, 3251, 3234, 3247, 3252, 3235, 3248, 3252, 3239, 3235, 3252, 3243, 3239, 3253, 3249, 2938, 3253, 2938, 2939, 3253, 2939, 2940, 3253, 3236, 3249, 3253, 3240, 3236, 3254, 3195, 3250, 3255, 3238, 3251, 3255, 3242, 3238, 3256, 3243, 3252, 3257, 3253, 2940, 3257, 3244, 3240, 3257, 2940, 2941, 3257, 2941, 2942, 3257, 3240, 3253, 3258, 3195, 3254, 3259, 3242, 3255, 3259, 3246, 3242, 3260, 3247, 3243, 3260, 3243, 3256, 3261, 3248, 3244, 3261, 3257, 2942, 3261, 2942, 2943, 3261, 2943, 2944, 3261, 3244, 3257, 3262, 3195, 3258, 3263, 3250, 3246, 3263, 3246, 3259, 3264, 3247, 3260, 3264, 3255, 3251, 3264, 3251, 3247, 3265, 2944, 2945, 3265, 2945, 2946, 3265, 3261, 2944, 3265, 3248, 3261, 3265, 3252, 3248, 3266, 3195, 3262, 3267, 3250, 3263, 3267, 3254, 3250, 3268, 3255, 3264, 3269, 3252, 3265, 3269, 2946, 2947, 3269, 2947, 2948, 3269, 3256, 3252, 3269, 3265, 2946, 3270, 3195, 3266, 3271, 3258, 3254, 3271, 3254, 3267, 3272, 3259, 3255, 3272, 3255, 3268, 3273, 2948, 2949, 3273, 2949, 2950, 3273, 3269, 2948, 3273, 3260, 3256, 3273, 3256, 3269, 3274, 3195, 3270, 3275, 3262, 3258, 3275, 3258, 3271, 3276, 3263, 3259, 3276, 3267, 3263, 3276, 3259, 3272, 3277, 3260, 3273, 3277, 2950, 2951, 3277, 2951, 2952, 3277, 3273, 2950, 3277, 3264, 3260, 3278, 3195, 3274, 3279, 3266, 3262, 3279, 3262, 3275, 3280, 3267, 3276, 3281, 3272, 3268, 3281, 3268, 3264, 3281, 2952, 2953, 3281, 2953, 2954, 3281, 3264, 3277, 3281, 3277, 2952, 3282, 3195, 3278, 3283, 3274, 3270, 3283, 3270, 3266, 3283, 3266, 3279, 3284, 3267, 3280, 3284, 3271, 3267, 3285, 3272, 3281, 3285, 2954, 2955, 3285, 2955, 2956, 3285, 3281, 2954, 3286, 3195, 3282, 3287, 3274, 3283, 3288, 3271, 3284, 3288, 3275, 3271, 3289, 3276, 3272, 3289, 3272, 3285, 3289, 3285, 2956, 3289, 2956, 2957, 3289, 2957, 2958, 3290, 3195, 3286, 3291, 3278, 3274, 3291, 3282, 3278, 3291, 3274, 3287, 3292, 3279, 3275, 3292, 3275, 3288, 3293, 3276, 3289, 3293, 3280, 3276, 3293, 3289, 2958, 3293, 2958, 2959, 3293, 2959, 2960, 3294, 3195, 3290, 3295, 3282, 3291, 3296, 3283, 3279, 3296, 3279, 3292, 3296, 3287, 3283, 3297, 3293, 2960, 3297, 3284, 3280, 3297, 2960, 2961, 3297, 2961, 2962, 3297, 3280, 3293, 3298, 3195, 3294, 3299, 3286, 3282, 3299, 3282, 3295, 3300, 3287, 3296, 3301, 3288, 3284, 3301, 3297, 2962, 3301, 2962, 2963, 3301, 2963, 2964, 3301, 3284, 3297, 3302, 3195, 3298, 3303, 3290, 3286, 3303, 3286, 3299, 3304, 3287, 3300, 3304, 3291, 3287, 3305, 3288, 3301, 3305, 3292, 3288, 3305, 2964, 2965, 3305, 2965, 2966, 3305, 3301, 2964, 3306, 3195, 3302, 3307, 3294, 3290, 3307, 3290, 3303, 3308, 3295, 3291, 3308, 3291, 3304, 3309, 3296, 3292, 3309, 3292, 3305, 3309, 2966, 2967, 3309, 2967, 2968, 3309, 3305, 2966, 3310, 3195, 3306, 3311, 3298, 3294, 3311, 3294, 3307, 3312, 3303, 3299, 3312, 3299, 3295, 3312, 3295, 3308, 3313, 3309, 2968, 3313, 3300, 3296, 3313, 2968, 2969, 3313, 2969, 2970, 3313, 3296, 3309, 3314, 3195, 3310, 3315, 3298, 3311, 3315, 3302, 3298, 3316, 3303, 3312, 3317, 3313, 2970, 3317, 3304, 3300, 3317, 2970, 2971, 3317, 2971, 2972, 3317, 3300, 3313, 3318, 3195, 3314, 3319, 3306, 3302, 3319, 3302, 3315, 3320, 3303, 3316, 3320, 3307, 3303, 3321, 3304, 3317, 3321, 3308, 3304, 3321, 2972, 2973, 3321, 2973, 2974, 3321, 3317, 2972, 3322, 3195, 3318, 3323, 3310, 3306, 3323, 3306, 3319, 3324, 3311, 3307, 3324, 3307, 3320, 3324, 3315, 3311, 3325, 3308, 3321, 3325, 3312, 3308, 3325, 3321, 2974, 3325, 2974, 2975, 3325, 2975, 2976, 3326, 3195, 3322, 3327, 3314, 3310, 3327, 3310, 3323, 3328, 3319, 3315, 3328, 3315, 3324, 3329, 3316, 3312, 3329, 3312, 3325, 3329, 3320, 3316, 3329, 2976, 2977, 3329, 2977, 2978, 3329, 3325, 2976, 3330, 3195, 3326, 3331, 3314, 3327, 3331, 3318, 3314, 3332, 3319, 3328, 3333, 3320, 3329, 3333, 2978, 2979, 3333, 2979, 2980, 3333, 3329, 2978, 3334, 3195, 3330, 3335, 3322, 3318, 3335, 3318, 3331, 3335, 3326, 3322, 3336, 3327, 3323, 3336, 3323, 3319, 3336, 3319, 3332, 3337, 3324, 3320, 3337, 3333, 2980, 3337, 2980, 2981, 3337, 2981, 2982, 3337, 3320, 3333, 3338, 3195, 3334, 3339, 3326, 3335, 3339, 3330, 3326, 3340, 3327, 3336, 3341, 3328, 3324, 3341, 3337, 2982, 3341, 3324, 3337, 3341, 2982, 2983, 3341, 2983, 2984, 3342, 3196, 3195, 3342, 3195, 3338, 3343, 3330, 3339, 3344, 3331, 3327, 3344, 3335, 3331, 3344, 3327, 3340, 3345, 3328, 3341, 3345, 3332, 3328, 3345, 3341, 2984, 3345, 2984, 2985, 3345, 2985, 2986, 3346, 3330, 3343, 3346, 3334, 3330, 3346, 3338, 3334, 3347, 3335, 3344, 3348, 3332, 3345, 3348, 3345, 2986, 3348, 2986, 2987, 3348, 2987, 2988, 3348, 3336, 3332, 3349, 3338, 3346, 3350, 3335, 3347, 3350, 3343, 3339, 3350, 3339, 3335, 3351, 3348, 2988, 3351, 3336, 3348, 3351, 3344, 3340, 3351, 2988, 2989, 3351, 2989, 2990, 3351, 3340, 3336, 3352, 3197, 3196, 3352, 3196, 3342, 3352, 3342, 3338, 3352, 3338, 3349, 3353, 3343, 3350, 3354, 3344, 3351, 3354, 3351, 2990, 3354, 2990, 2991, 3354, 2991, 2992, 3355, 3346, 3343, 3355, 3343, 3353, 3356, 3344, 3354, 3356, 3350, 3347, 3356, 3354, 2992, 3356, 2992, 2993, 3356, 2993, 2994, 3356, 3347, 3344, 3357, 3349, 3346, 3357, 3346, 3355, 3358, 3350, 3356, 3358, 3356, 2994, 3358, 2994, 2995, 3358, 2995, 2996, 3359, 3198, 3197, 3359, 3197, 3352, 3359, 3352, 3349, 3359, 3349, 3357, 3360, 3353, 3350, 3360, 3350, 3358, 3360, 3358, 2996, 3360, 2996, 2997, 3360, 2997, 2998, 3360, 3355, 3353, 3361, 3355, 3360, 3361, 3360, 2998, 3361, 2998, 2999, 3361, 2999, 3000, 3362, 3355, 3361, 3362, 3357, 3355, 3362, 3361, 3000, 3362, 3000, 3001, 3362, 3001, 3002, 3363, 3199, 3198, 3363, 3357, 3362, 3363, 3198, 3359, 3363, 3359, 3357, 3363, 3362, 3002, 3363, 3004, 3199, 3363, 3002, 3003, 3363, 3003, 3004, 2834, 3005, 2504, 2834, 2504, 2836, 3365, 3366, 3367, 3364, 3366, 3365, 3382, 3379, 3380, 3382, 3380, 3381, 3377, 3378, 3379, 3384, 3382, 3383, 3375, 3379, 3382, 3375, 3376, 3377, 3375, 3382, 3384, 3375, 3377, 3379, 3386, 3384, 3385, 3373, 3374, 3375, 3387, 3384, 3386, 3371, 3372, 3373, 3371, 3373, 3375, 3389, 3387, 3388, 3390, 3387, 3389, 3369, 3370, 3371, 3369, 3371, 3375, 3392, 3390, 3391, 3392, 3384, 3387, 3392, 3387, 3390, 3395, 3392, 3393, 3395, 3393, 3394, 3395, 3384, 3392, 3397, 3395, 3396, 3399, 3397, 3398, 3399, 3395, 3397, 3400, 3375, 3384, 3400, 3369, 3375, 3400, 3384, 3395, 3400, 3395, 3399, 3402, 3400, 3401, 3403, 3369, 3400, 3403, 3400, 3402, 3404, 3369, 3403, 3862, 3369, 3404, 3863, 3862, 3404, 3861, 3369, 3862, 3861, 3860, 3856, 3405, 3863, 3404, 3405, 3856, 3860, 3405, 3864, 3863, 3405, 3860, 3864, 3857, 3856, 3405, 3858, 3857, 3405, 3854, 3858, 3405, 3850, 3854, 3405, 3406, 3844, 3848, 3406, 3851, 3850, 3406, 3852, 3851, 3406, 3848, 3852, 3406, 3850, 3405, 3845, 3844, 3406, 3846, 3845, 3406, 3842, 3846, 3406, 3838, 3842, 3406, 3407, 3838, 3406, 3407, 3832, 3836, 3407, 3833, 3832, 3407, 3839, 3838, 3407, 3840, 3839, 3407, 3836, 3840, 3834, 3833, 3407, 3830, 3834, 3407, 3826, 3830, 3407, 3827, 3826, 3407, 3408, 3821, 3820, 3408, 3822, 3821, 3408, 3818, 3822, 3408, 3828, 3827, 3408, 3824, 3828, 3408, 3827, 3407, 3408, 3820, 3824, 3814, 3818, 3408, 3815, 3814, 3408, 3816, 3815, 3408, 3409, 3808, 3812, 3409, 3816, 3408, 3409, 3809, 3808, 3409, 3810, 3809, 3409, 3806, 3810, 3409, 3812, 3816, 3425, 3806, 3409, 3424, 3806, 3425, 3424, 3802, 3806, 3423, 3802, 3424, 3422, 3802, 3423, 3421, 3802, 3422, 3420, 3803, 3802, 3420, 3802, 3421, 3594, 3803, 3420, 3594, 3593, 3803, 3592, 3803, 3593, 3595, 3420, 3419, 3595, 3594, 3420, 3591, 3803, 3592, 3591, 3804, 3803, 3596, 3419, 3418, 3596, 3595, 3419, 3590, 3804, 3591, 3597, 3418, 3417, 3597, 3596, 3418, 3589, 3804, 3590, 3598, 3417, 3416, 3598, 3597, 3417, 3599, 3598, 3416, 3588, 3804, 3589, 3587, 3804, 3588, 3600, 3416, 3415, 3600, 3599, 3416, 3586, 3804, 3587, 3586, 3800, 3804, 3601, 3415, 3414, 3601, 3600, 3415, 3585, 3800, 3586, 3602, 3601, 3414, 3602, 3414, 3413, 3584, 3800, 3585, 3603, 3602, 3413, 3603, 3413, 3412, 3520, 3603, 3412, 3583, 3800, 3584, 3582, 3800, 3583, 3521, 3520, 3412, 3521, 3412, 3411, 3522, 3521, 3411, 3522, 3411, 3410, 3581, 3800, 3582, 3580, 3800, 3581, 3580, 3796, 3800, 3523, 3522, 3410, 3523, 3410, 3457, 3524, 3523, 3457, 3524, 3457, 3456, 3579, 3796, 3580, 3578, 3796, 3579, 3525, 3524, 3456, 3525, 3456, 3455, 3526, 3525, 3455, 3526, 3455, 3454, 3577, 3796, 3578, 3527, 3526, 3454, 3527, 3454, 3453, 3576, 3796, 3577, 3575, 3796, 3576, 3528, 3527, 3453, 3528, 3453, 3452, 3529, 3528, 3452, 3529, 3452, 3451, 3574, 3797, 3796, 3574, 3796, 3575, 3530, 3529, 3451, 3573, 3797, 3574, 3450, 3530, 3451, 3531, 3530, 3450, 3572, 3797, 3573, 3571, 3797, 3572, 3449, 3532, 3531, 3449, 3531, 3450, 3570, 3798, 3797, 3570, 3797, 3571, 3569, 3798, 3570, 3568, 3798, 3569, 3448, 3533, 3532, 3448, 3532, 3449, 3567, 3798, 3568, 3566, 3798, 3567, 3447, 3534, 3533, 3447, 3533, 3448, 3368, 3776, 3777, 3368, 3781, 3365, 3368, 3787, 3783, 3368, 3789, 3787, 3368, 3793, 3789, 3368, 3783, 3781, 3368, 3365, 3776, 3446, 3534, 3447, 3446, 3535, 3534, 3678, 3677, 3777, 3679, 3678, 3777, 3676, 3777, 3677, 3675, 3777, 3676, 3680, 3679, 3777, 3681, 3680, 3777, 3674, 3777, 3675, 3673, 3777, 3674, 3682, 3681, 3777, 3683, 3682, 3777, 3672, 3777, 3673, 3671, 3777, 3672, 3671, 3368, 3777, 3684, 3683, 3777, 3445, 3535, 3446, 3445, 3536, 3535, 3685, 3684, 3777, 3670, 3368, 3671, 3669, 3368, 3670, 3686, 3685, 3777, 3668, 3368, 3669, 3687, 3686, 3777, 3444, 3537, 3536, 3444, 3536, 3445, 3667, 3368, 3668, 3604, 3687, 3777, 3605, 3604, 3777, 3666, 3368, 3667, 3606, 3605, 3777, 3665, 3368, 3666, 3443, 3537, 3444, 3443, 3538, 3537, 3664, 3368, 3665, 3663, 3368, 3664, 3662, 3368, 3663, 3442, 3538, 3443, 3442, 3539, 3538, 3661, 3368, 3662, 3660, 3368, 3661, 3441, 3539, 3442, 3441, 3540, 3539, 3659, 3517, 3518, 3659, 3518, 3519, 3659, 3368, 3660, 3659, 3519, 3368, 3658, 3513, 3514, 3658, 3514, 3515, 3658, 3515, 3516, 3658, 3516, 3517, 3658, 3517, 3659, 3440, 3540, 3441, 3440, 3541, 3540, 3657, 3510, 3511, 3657, 3511, 3512, 3657, 3512, 3513, 3657, 3513, 3658, 3439, 3541, 3440, 3439, 3542, 3541, 3509, 3510, 3657, 3509, 3657, 3656, 3438, 3542, 3439, 3438, 3543, 3542, 3508, 3509, 3656, 3437, 3543, 3438, 3437, 3544, 3543, 3507, 3508, 3656, 3436, 3544, 3437, 3436, 3545, 3544, 3506, 3507, 3656, 3506, 3656, 3655, 3435, 3545, 3436, 3435, 3546, 3545, 3505, 3506, 3655, 3434, 3546, 3435, 3434, 3547, 3546, 3504, 3505, 3655, 3433, 3547, 3434, 3433, 3548, 3547, 3471, 3558, 3557, 3471, 3559, 3558, 3472, 3471, 3557, 3472, 3557, 3556, 3470, 3559, 3471, 3470, 3560, 3559, 3432, 3548, 3433, 3432, 3549, 3548, 3473, 3472, 3556, 3473, 3556, 3555, 3469, 3560, 3470, 3469, 3561, 3560, 3426, 3473, 3555, 3426, 3555, 3554, 3468, 3561, 3469, 3468, 3562, 3561, 3431, 3549, 3432, 3431, 3550, 3549, 3503, 3504, 3655, 3427, 3554, 3553, 3427, 3426, 3554, 3467, 3562, 3468, 3467, 3563, 3562, 3430, 3550, 3431, 3430, 3551, 3550, 3428, 3553, 3552, 3428, 3427, 3553, 3429, 3551, 3430, 3429, 3428, 3552, 3429, 3552, 3551, 3466, 3563, 3467, 3466, 3564, 3563, 3466, 3565, 3564, 3502, 3503, 3655, 3502, 3655, 3654, 3465, 3565, 3466, 3465, 3566, 3565, 3464, 3798, 3566, 3464, 3794, 3798, 3464, 3566, 3465, 3501, 3502, 3654, 3463, 3794, 3464, 3462, 3794, 3463, 3500, 3501, 3654, 3461, 3794, 3462, 3499, 3500, 3654, 3499, 3638, 3637, 3499, 3639, 3638, 3499, 3640, 3639, 3499, 3641, 3640, 3499, 3642, 3641, 3499, 3643, 3642, 3499, 3644, 3643, 3499, 3645, 3644, 3499, 3646, 3645, 3499, 3647, 3646, 3499, 3648, 3647, 3499, 3649, 3648, 3499, 3650, 3649, 3499, 3651, 3650, 3499, 3652, 3651, 3499, 3653, 3652, 3499, 3654, 3653, 3460, 3794, 3461, 3460, 3790, 3794, 3459, 3790, 3460, 3458, 3791, 3790, 3458, 3792, 3791, 3458, 3790, 3459, 3788, 3792, 3458, 3778, 3783, 3782, 3778, 3781, 3783, 3474, 3779, 3778, 3474, 3785, 3784, 3474, 3786, 3785, 3474, 3782, 3786, 3474, 3784, 3788, 3474, 3788, 3458, 3474, 3778, 3782, 3775, 3622, 3621, 3475, 3773, 3772, 3475, 3774, 3773, 3475, 3775, 3774, 3475, 3780, 3779, 3475, 3367, 3780, 3475, 3772, 3367, 3475, 3779, 3474, 3762, 3761, 3775, 3760, 3775, 3761, 3763, 3762, 3775, 3759, 3775, 3760, 3764, 3763, 3775, 3758, 3775, 3759, 3765, 3764, 3775, 3757, 3775, 3758, 3766, 3765, 3775, 3756, 3775, 3757, 3767, 3766, 3775, 3755, 3775, 3756, 3768, 3767, 3775, 3754, 3775, 3755, 3754, 3622, 3775, 3769, 3768, 3775, 3753, 3622, 3754, 3753, 3623, 3622, 3753, 3624, 3623, 3770, 3769, 3775, 3752, 3624, 3753, 3771, 3770, 3775, 3688, 3771, 3775, 3751, 3624, 3752, 3751, 3625, 3624, 3751, 3626, 3625, 3689, 3688, 3775, 3750, 3626, 3751, 3690, 3689, 3775, 3749, 3626, 3750, 3749, 3627, 3626, 3748, 3627, 3749, 3748, 3628, 3627, 3691, 3690, 3775, 3747, 3629, 3628, 3747, 3628, 3748, 3692, 3691, 3775, 3693, 3692, 3775, 3693, 3775, 3475, 3746, 3629, 3747, 3746, 3630, 3629, 3694, 3693, 3475, 3745, 3630, 3746, 3745, 3631, 3630, 3695, 3694, 3475, 3744, 3632, 3631, 3744, 3631, 3745, 3696, 3695, 3475, 3743, 3633, 3632, 3743, 3632, 3744, 3697, 3696, 3475, 3742, 3634, 3633, 3742, 3633, 3743, 3698, 3697, 3475, 3741, 3635, 3634, 3741, 3634, 3742, 3699, 3698, 3475, 3740, 3636, 3635, 3740, 3635, 3741, 3700, 3699, 3475, 3701, 3700, 3475, 3702, 3701, 3475, 3703, 3702, 3475, 3476, 3704, 3703, 3476, 3705, 3704, 3476, 3706, 3705, 3476, 3707, 3706, 3476, 3708, 3707, 3476, 3709, 3708, 3476, 3710, 3709, 3476, 3711, 3710, 3476, 3712, 3711, 3476, 3713, 3712, 3476, 3714, 3713, 3476, 3715, 3714, 3476, 3716, 3715, 3476, 3717, 3716, 3476, 3703, 3475, 3498, 3499, 3637, 3498, 3724, 3723, 3498, 3725, 3724, 3498, 3726, 3725, 3498, 3727, 3726, 3498, 3728, 3727, 3498, 3729, 3728, 3498, 3730, 3729, 3498, 3731, 3730, 3498, 3732, 3731, 3498, 3733, 3732, 3498, 3734, 3733, 3498, 3735, 3734, 3498, 3736, 3735, 3498, 3737, 3736, 3498, 3637, 3636, 3498, 3738, 3737, 3498, 3636, 3740, 3498, 3739, 3738, 3498, 3740, 3739, 3477, 3717, 3476, 3497, 3498, 3723, 3478, 3717, 3477, 3496, 3497, 3723, 3479, 3717, 3478, 3479, 3718, 3717, 3495, 3496, 3723, 3495, 3723, 3722, 3480, 3718, 3479, 3494, 3495, 3722, 3481, 3718, 3480, 3493, 3494, 3722, 3482, 3719, 3718, 3482, 3718, 3481, 3492, 3722, 3721, 3492, 3493, 3722, 3483, 3719, 3482, 3491, 3492, 3721, 3484, 3719, 3483, 3490, 3491, 3721, 3485, 3719, 3484, 3485, 3720, 3719, 3489, 3490, 3721, 3486, 3720, 3485, 3488, 3489, 3721, 3488, 3721, 3720, 3487, 3720, 3486, 3487, 3488, 3720, 3368, 3369, 3793, 3793, 3369, 3795, 3795, 3369, 3799, 3799, 3369, 3801, 3801, 3369, 3805, 3805, 3369, 3807, 3807, 3369, 3811, 3811, 3369, 3813, 3813, 3369, 3817, 3817, 3369, 3819, 3819, 3369, 3823, 3823, 3369, 3825, 3825, 3369, 3829, 3829, 3369, 3831, 3831, 3369, 3835, 3835, 3369, 3837, 3837, 3369, 3841, 3841, 3369, 3843, 3843, 3369, 3847, 3847, 3369, 3849, 3849, 3369, 3853, 3853, 3369, 3855, 3855, 3369, 3859, 3859, 3369, 3861, 3772, 3776, 3365, 3772, 3365, 3367, 3777, 3775, 3606, 3606, 3775, 3607, 3607, 3775, 3608, 3608, 3775, 3609, 3609, 3775, 3610, 3610, 3775, 3611, 3611, 3775, 3612, 3612, 3775, 3613, 3613, 3775, 3614, 3614, 3775, 3615, 3615, 3775, 3616, 3616, 3775, 3617, 3617, 3775, 3618, 3618, 3775, 3619, 3619, 3775, 3620, 3620, 3775, 3621, 3784, 3787, 3789, 3784, 3789, 3788, 3790, 3793, 3795, 3790, 3795, 3794, 3796, 3799, 3800, 3800, 3799, 3801, 3802, 3805, 3806, 3806, 3805, 3807, 3808, 3811, 3812, 3812, 3811, 3813, 3814, 3817, 3818, 3818, 3817, 3819, 3820, 3823, 3824, 3824, 3823, 3825, 3826, 3829, 3830, 3830, 3829, 3831, 3832, 3835, 3836, 3836, 3835, 3837, 3838, 3841, 3842, 3842, 3841, 3843, 3844, 3847, 3848, 3848, 3847, 3849, 3850, 3853, 3854, 3854, 3853, 3855, 3856, 3859, 3861, 3990, 3988, 3987, 3990, 3989, 3988, 3985, 3987, 3986, 3992, 3991, 3990, 3983, 3990, 3987, 3983, 3992, 3990, 3983, 3985, 3984, 3983, 3987, 3985, 3994, 3993, 3992, 3981, 3983, 3982, 3995, 3994, 3992, 3979, 3981, 3980, 3979, 3983, 3981, 3997, 3996, 3995, 3998, 3997, 3995, 3977, 3979, 3978, 3977, 3983, 3979, 4000, 3998, 3995, 4000, 3995, 3992, 4000, 3999, 3998, 4003, 4001, 4000, 4003, 4002, 4001, 4003, 4000, 3992, 4005, 4004, 4003, 4007, 4006, 4005, 4007, 4005, 4003, 4008, 3992, 3983, 4008, 3983, 3977, 4008, 4003, 3992, 4008, 4007, 4003, 4010, 4009, 4008, 4011, 4008, 3977, 4011, 4010, 4008, 4012, 4011, 3977, 4358, 4012, 3977, 4360, 4012, 4358, 4357, 4358, 3977, 4357, 4352, 4359, 4013, 4012, 4360, 4013, 4359, 4352, 4013, 4360, 4361, 4013, 4361, 4359, 4355, 4013, 4352, 4356, 4013, 4355, 4354, 4013, 4356, 4346, 4013, 4354, 4014, 4348, 4340, 4014, 4346, 4349, 4014, 4349, 4350, 4014, 4350, 4348, 4014, 4013, 4346, 4343, 4014, 4340, 4344, 4014, 4343, 4342, 4014, 4344, 4334, 4014, 4342, 4015, 4014, 4334, 4015, 4336, 4328, 4015, 4328, 4331, 4015, 4334, 4337, 4015, 4337, 4338, 4015, 4338, 4336, 4332, 4015, 4331, 4330, 4015, 4332, 4322, 4015, 4330, 4325, 4015, 4322, 4016, 4316, 4319, 4016, 4319, 4320, 4016, 4320, 4318, 4016, 4325, 4326, 4016, 4326, 4324, 4016, 4015, 4325, 4016, 4324, 4316, 4310, 4016, 4318, 4313, 4016, 4310, 4314, 4016, 4313, 3881, 4312, 4304, 3881, 4016, 4314, 3881, 4304, 4307, 3881, 4307, 4308, 3881, 4308, 4306, 3881, 4314, 4312, 3880, 3881, 4306, 3879, 4306, 4298, 3879, 3880, 4306, 3878, 3879, 4298, 3877, 3878, 4298, 3876, 3877, 4298, 3875, 4298, 4301, 3875, 3876, 4298, 4091, 3875, 4301, 4090, 4091, 4301, 4092, 3874, 3875, 4092, 3875, 4091, 4089, 4090, 4301, 4088, 4301, 4302, 4088, 4089, 4301, 4093, 3873, 3874, 4093, 3874, 4092, 4094, 3872, 3873, 4094, 3873, 4093, 4087, 4088, 4302, 4086, 4087, 4302, 4095, 3871, 3872, 4095, 3872, 4094, 4085, 4086, 4302, 4096, 3871, 4095, 4084, 4085, 4302, 4097, 3870, 3871, 4097, 3871, 4096, 4083, 4302, 4300, 4083, 4084, 4302, 4098, 3869, 3870, 4098, 3870, 4097, 4082, 4083, 4300, 4099, 3868, 3869, 4099, 3869, 4098, 4081, 4082, 4300, 4100, 3867, 3868, 4100, 3868, 4099, 4017, 3867, 4100, 4080, 4081, 4300, 4079, 4080, 4300, 4018, 3866, 3867, 4018, 3867, 4017, 4078, 4079, 4300, 4019, 3865, 3866, 4019, 3866, 4018, 4077, 4300, 4292, 4077, 4078, 4300, 4020, 3865, 4019, 4020, 3913, 3865, 4021, 3912, 3913, 4021, 3913, 4020, 4076, 4077, 4292, 4075, 4076, 4292, 4022, 3912, 4021, 4022, 3911, 3912, 4023, 3910, 3911, 4023, 3911, 4022, 4074, 4075, 4292, 4024, 3909, 3910, 4024, 3910, 4023, 4073, 4074, 4292, 4025, 3908, 3909, 4025, 3909, 4024, 4072, 4073, 4292, 4026, 3907, 3908, 4026, 3908, 4025, 4071, 4292, 4295, 4071, 4072, 4292, 4027, 3907, 4026, 4070, 4071, 4295, 3906, 3907, 4027, 4028, 3906, 4027, 4069, 4070, 4295, 4068, 4069, 4295, 3905, 4028, 4029, 3905, 3906, 4028, 4067, 4295, 4296, 4067, 4068, 4295, 4066, 4067, 4296, 4065, 4066, 4296, 3904, 4029, 4030, 3904, 3905, 4029, 4064, 4065, 4296, 4063, 4064, 4296, 3903, 4030, 4031, 3903, 3904, 4030, 3976, 4269, 4270, 3976, 3364, 4275, 3976, 4281, 4279, 3976, 4287, 4285, 3976, 4279, 4287, 3976, 4275, 4281, 3976, 4270, 3364, 3902, 3903, 4031, 3902, 4031, 4032, 4175, 4269, 4174, 4173, 4174, 4269, 4176, 4269, 4175, 4172, 4173, 4269, 4177, 4269, 4176, 4178, 4269, 4177, 4171, 4172, 4269, 4170, 4171, 4269, 4179, 4269, 4178, 4180, 4269, 4179, 4169, 4170, 4269, 4168, 4169, 4269, 4168, 4269, 3976, 4181, 4269, 4180, 3901, 3902, 4032, 3901, 4032, 4033, 4182, 4269, 4181, 4167, 4168, 3976, 4166, 4167, 3976, 4183, 4269, 4182, 4165, 4166, 3976, 4184, 4269, 4183, 3900, 3901, 4033, 3900, 4033, 4034, 4164, 4165, 3976, 4101, 4269, 4184, 4163, 4164, 3976, 4102, 4269, 4101, 4162, 4163, 3976, 4103, 4269, 4102, 3899, 3900, 4034, 3899, 4034, 4035, 4161, 4162, 3976, 4160, 4161, 3976, 4159, 4160, 3976, 3898, 3899, 4035, 3898, 4035, 4036, 4158, 4159, 3976, 4157, 4158, 3976, 3897, 4036, 4037, 3897, 3898, 4036, 4156, 3974, 3973, 4156, 3975, 3974, 4156, 3976, 3975, 4156, 4157, 3976, 4155, 3970, 3969, 4155, 3971, 3970, 4155, 3972, 3971, 4155, 3973, 3972, 4155, 4156, 3973, 3896, 3897, 4037, 3896, 4037, 4038, 4154, 3967, 3966, 4154, 3968, 3967, 4154, 3969, 3968, 4154, 4155, 3969, 3895, 3896, 4038, 3895, 4038, 4039, 3965, 4153, 4154, 3965, 4154, 3966, 3894, 3895, 4039, 3894, 4039, 4040, 3964, 4153, 3965, 3893, 3894, 4040, 3893, 4040, 4041, 3963, 4153, 3964, 3892, 3893, 4041, 3892, 4041, 4042, 3962, 4153, 3963, 3962, 4152, 4153, 3891, 3892, 4042, 3891, 4042, 4043, 3961, 4152, 3962, 3890, 3891, 4043, 3890, 4043, 4044, 3960, 4152, 3961, 3889, 3890, 4044, 3889, 4044, 4045, 3927, 4054, 4055, 3927, 4055, 4056, 3928, 4054, 3927, 3928, 4053, 4054, 3926, 3927, 4056, 3926, 4056, 4057, 3888, 3889, 4045, 3888, 4045, 4046, 3929, 4053, 3928, 3929, 4052, 4053, 3925, 3926, 4057, 3925, 4057, 4058, 3882, 4052, 3929, 3882, 4051, 4052, 3924, 3925, 4058, 3924, 4058, 4059, 3887, 3888, 4046, 3887, 4046, 4047, 3959, 4152, 3960, 3883, 4050, 4051, 3883, 4051, 3882, 3923, 3924, 4059, 3923, 4059, 4060, 3886, 4047, 4048, 3886, 3887, 4047, 3884, 4049, 4050, 3884, 4050, 3883, 3885, 3886, 4048, 3885, 4049, 3884, 3885, 4048, 4049, 3922, 3923, 4060, 3922, 4060, 4061, 3922, 4061, 4062, 3958, 4152, 3959, 3958, 4151, 4152, 3921, 3922, 4062, 3921, 4062, 4063, 3920, 4063, 4296, 3920, 4296, 4294, 3920, 3921, 4063, 3957, 4151, 3958, 3919, 3920, 4294, 3918, 3919, 4294, 3956, 4151, 3957, 3917, 3918, 4294, 3955, 4151, 3956, 3955, 4134, 4135, 3955, 4135, 4136, 3955, 4136, 4137, 3955, 4137, 4138, 3955, 4138, 4139, 3955, 4139, 4140, 3955, 4140, 4141, 3955, 4141, 4142, 3955, 4142, 4143, 3955, 4143, 4144, 3955, 4144, 4145, 3955, 4145, 4146, 3955, 4146, 4147, 3955, 4147, 4148, 3955, 4148, 4149, 3955, 4149, 4150, 3955, 4150, 4151, 3916, 3917, 4294, 3916, 4294, 4286, 3915, 3916, 4286, 3914, 4286, 4289, 3914, 4289, 4290, 3914, 3915, 4286, 4288, 3914, 4290, 4276, 4282, 4281, 4276, 4281, 4275, 3930, 4276, 4277, 3930, 3914, 4288, 3930, 4280, 4283, 3930, 4283, 4284, 3930, 4284, 4282, 3930, 4282, 4276, 3930, 4288, 4280, 4271, 4118, 4119, 3931, 4272, 4273, 3931, 4273, 4274, 3931, 4274, 4271, 3931, 4277, 4278, 3931, 4278, 3366, 3931, 3930, 4277, 3931, 3366, 4272, 4259, 4271, 4258, 4257, 4258, 4271, 4260, 4271, 4259, 4256, 4257, 4271, 4261, 4271, 4260, 4255, 4256, 4271, 4262, 4271, 4261, 4254, 4255, 4271, 4263, 4271, 4262, 4253, 4254, 4271, 4264, 4271, 4263, 4252, 4253, 4271, 4265, 4271, 4264, 4251, 4252, 4271, 4251, 4271, 4119, 4266, 4271, 4265, 4250, 4251, 4119, 4250, 4119, 4120, 4267, 4271, 4266, 4249, 4250, 4120, 4249, 4120, 4121, 4268, 4271, 4267, 4185, 4271, 4268, 4248, 4121, 4122, 4248, 4249, 4121, 4186, 4271, 4185, 4247, 4248, 4122, 4247, 4122, 4123, 4187, 4271, 4186, 4246, 4123, 4124, 4246, 4247, 4123, 4245, 4246, 4124, 4245, 4124, 4125, 4188, 4271, 4187, 4189, 4271, 4188, 4244, 4125, 4126, 4244, 4245, 4125, 4190, 4271, 4189, 4190, 3931, 4271, 4243, 4244, 4126, 4243, 4126, 4127, 4191, 3931, 4190, 4242, 4243, 4127, 4242, 4127, 4128, 4242, 4128, 4129, 4192, 3931, 4191, 4241, 4242, 4129, 4193, 3931, 4192, 4240, 4129, 4130, 4240, 4241, 4129, 4194, 3931, 4193, 4239, 4130, 4131, 4239, 4240, 4130, 4195, 3931, 4194, 4238, 4239, 4131, 4238, 4131, 4132, 4196, 3931, 4195, 4237, 4132, 4133, 4237, 4238, 4132, 4197, 3931, 4196, 4198, 3931, 4197, 4199, 3931, 4198, 4200, 3931, 4199, 3932, 4200, 4201, 3932, 4201, 4202, 3932, 4202, 4203, 3932, 4203, 4204, 3932, 4204, 4205, 3932, 4205, 4206, 3932, 4206, 4207, 3932, 4207, 4208, 3932, 4208, 4209, 3932, 4209, 4210, 3932, 4210, 4211, 3932, 4211, 4212, 3932, 4212, 4213, 3932, 4213, 4214, 3932, 3931, 4200, 3954, 4134, 3955, 3954, 4220, 4221, 3954, 4221, 4222, 3954, 4222, 4223, 3954, 4223, 4224, 3954, 4224, 4225, 3954, 4225, 4226, 3954, 4226, 4227, 3954, 4227, 4228, 3954, 4228, 4229, 3954, 4229, 4230, 3954, 4230, 4231, 3954, 4231, 4232, 3954, 4232, 4233, 3954, 4233, 4234, 3954, 4133, 4134, 3954, 4234, 4235, 3954, 4235, 4236, 3954, 4236, 4237, 3954, 4237, 4133, 3933, 3932, 4214, 3953, 4220, 3954, 3934, 3933, 4214, 3952, 4220, 3953, 3935, 4214, 4215, 3935, 3934, 4214, 3951, 4219, 4220, 3951, 4220, 3952, 3936, 3935, 4215, 3950, 4219, 3951, 3937, 3936, 4215, 3949, 4219, 3950, 3938, 3937, 4215, 3938, 4215, 4216, 3948, 4218, 4219, 3948, 4219, 3949, 3939, 3938, 4216, 3947, 4218, 3948, 3940, 3939, 4216, 3946, 4218, 3947, 3941, 3940, 4216, 3941, 4216, 4217, 3945, 4218, 3946, 3942, 3941, 4217, 3944, 4218, 3945, 3944, 4217, 4218, 3943, 3942, 4217, 3943, 4217, 3944, 3976, 4335, 3977, 4335, 4333, 3977, 4333, 4341, 3977, 4341, 4339, 3977, 4339, 4347, 3977, 4347, 4345, 3977, 4345, 4353, 3977, 4353, 4351, 3977, 4351, 4357, 3977, 3976, 4327, 4335, 3976, 4329, 4327, 3976, 4321, 4329, 3976, 4323, 4321, 3976, 4315, 4323, 3976, 4317, 4315, 3976, 4309, 4317, 3976, 4311, 4309, 3976, 4303, 4311, 3976, 4305, 4303, 3976, 4297, 4305, 3976, 4299, 4297, 3976, 4291, 4299, 3976, 4293, 4291, 3976, 4285, 4293, 4269, 4103, 4271, 4103, 4104, 4271, 4104, 4105, 4271, 4105, 4106, 4271, 4106, 4107, 4271, 4107, 4108, 4271, 4108, 4109, 4271, 4109, 4110, 4271, 4110, 4111, 4271, 4111, 4112, 4271, 4112, 4113, 4271, 4113, 4114, 4271, 4114, 4115, 4271, 4115, 4116, 4271, 4116, 4117, 4271, 4117, 4118, 4271, 4272, 3364, 4270, 4272, 3366, 3364, 4280, 4287, 4279, 4280, 4288, 4287, 4286, 4293, 4285, 4286, 4294, 4293, 4292, 4299, 4291, 4292, 4300, 4299, 4298, 4305, 4297, 4298, 4306, 4305, 4304, 4312, 4303, 4312, 4311, 4303, 4310, 4318, 4309, 4318, 4317, 4309, 4316, 4323, 4315, 4316, 4324, 4323, 4322, 4330, 4321, 4330, 4329, 4321, 4328, 4336, 4327, 4336, 4335, 4327, 4334, 4341, 4333, 4334, 4342, 4341, 4340, 4348, 4339, 4348, 4347, 4339, 4346, 4353, 4345, 4346, 4354, 4353, 4352, 4357, 4351, 4272, 4270, 3776, 4272, 3776, 3772, 4271, 3774, 3775, 4274, 3773, 3774, 4274, 3774, 4271, 4273, 3773, 4274, 4272, 3772, 3773, 4272, 3773, 4273, 4278, 3780, 3367, 4278, 3367, 3366, 4277, 3779, 3780, 4277, 3780, 4278, 4276, 3778, 3779, 4276, 3779, 4277, 3364, 3365, 3781, 4275, 3364, 3781, 3783, 4282, 3782, 4281, 4282, 3783, 3778, 4275, 3781, 4276, 4275, 3778, 4284, 3786, 3782, 4284, 3782, 4282, 4283, 3785, 3786, 4283, 3786, 4284, 4280, 3784, 3785, 4280, 3785, 4283, 4279, 4281, 3783, 4279, 3783, 3787, 3789, 4288, 3788, 4287, 4288, 3789, 4280, 4279, 3787, 4280, 3787, 3784, 4290, 3792, 3788, 4290, 3788, 4288, 4289, 3791, 3792, 4289, 3792, 4290, 4286, 3790, 3791, 4286, 3791, 4289, 4285, 4287, 3789, 4285, 3789, 3793, 3795, 4294, 3794, 4293, 4294, 3795, 4286, 4285, 3793, 4286, 3793, 3790, 4296, 3798, 3794, 4296, 3794, 4294, 4295, 3797, 3798, 4295, 3798, 4296, 4292, 3796, 3797, 4292, 3797, 4295, 4291, 4293, 3795, 4291, 3795, 3799, 3801, 4300, 3800, 4299, 4300, 3801, 3796, 4291, 3799, 4292, 4291, 3796, 4300, 3804, 3800, 4302, 3803, 3804, 4302, 3804, 4300, 4301, 3803, 4302, 4298, 3802, 3803, 4298, 3803, 4301, 4297, 4299, 3801, 4297, 3801, 3805, 3807, 4306, 3806, 4305, 4306, 3807, 3802, 4297, 3805, 4298, 4297, 3802, 4308, 3810, 3806, 4308, 3806, 4306, 4307, 3809, 3810, 4307, 3810, 4308, 4304, 3808, 3809, 4304, 3809, 4307, 4303, 4305, 3807, 4303, 3807, 3811, 3813, 4312, 3812, 4311, 4312, 3813, 3808, 4303, 3811, 4304, 4303, 3808, 4314, 3816, 3812, 4314, 3812, 4312, 4313, 3815, 3816, 4313, 3816, 4314, 4310, 3814, 3815, 4310, 3815, 4313, 4309, 4311, 3813, 4309, 3813, 3817, 3819, 4318, 3818, 4317, 4318, 3819, 3814, 4309, 3817, 4310, 4309, 3814, 4320, 3822, 3818, 4320, 3818, 4318, 4319, 3821, 3822, 4319, 3822, 4320, 4316, 3820, 3821, 4316, 3821, 4319, 4317, 3819, 3823, 4315, 4317, 3823, 4324, 3824, 3825, 4323, 4324, 3825, 3820, 4315, 3823, 4316, 4315, 3820, 4326, 3828, 3824, 4326, 3824, 4324, 4325, 3827, 3828, 4325, 3828, 4326, 4322, 3826, 3827, 4322, 3827, 4325, 4321, 4323, 3825, 4321, 3825, 3829, 4330, 3830, 3831, 4329, 4330, 3831, 4321, 3829, 3826, 4322, 4321, 3826, 4332, 3834, 3830, 4332, 3830, 4330, 4331, 3833, 3834, 4331, 3834, 4332, 4328, 3832, 3833, 4328, 3833, 4331, 4327, 4329, 3831, 4327, 3831, 3835, 4336, 3836, 3837, 4335, 4336, 3837, 4327, 3835, 3832, 4328, 4327, 3832, 4338, 3840, 3836, 4338, 3836, 4336, 4337, 3838, 3839, 4337, 3839, 3840, 4337, 3840, 4338, 4334, 3838, 4337, 4333, 4335, 3837, 4333, 3837, 3841, 4342, 3842, 3843, 4341, 4342, 3843, 4333, 3841, 3838, 4334, 4333, 3838, 4344, 3846, 3842, 4344, 3842, 4342, 4343, 3844, 3845, 4343, 3845, 3846, 4343, 3846, 4344, 4340, 3844, 4343, 4341, 3843, 3847, 4339, 4341, 3847, 4348, 3848, 3849, 4347, 4348, 3849, 4339, 3847, 3844, 4340, 4339, 3844, 4350, 3852, 3848, 4350, 3848, 4348, 4349, 3851, 3852, 4349, 3852, 4350, 4346, 3850, 3851, 4346, 3851, 4349, 4347, 3849, 3853, 4345, 4347, 3853, 4354, 3854, 3855, 4353, 4354, 3855, 4346, 4345, 3853, 4346, 3853, 3850, 4356, 3858, 3854, 4356, 3854, 4354, 4355, 3857, 3858, 4355, 3858, 4356, 4352, 3856, 3857, 4352, 3857, 4355, 4353, 3855, 3859, 4351, 4353, 3859, 4359, 3860, 3861, 4357, 4359, 3861, 4352, 4351, 3859, 4352, 3859, 3856, 4361, 3864, 3860, 4361, 3860, 4359, 4360, 3863, 3864, 4360, 3864, 4361, 4358, 3862, 3863, 4358, 3863, 4360, 4357, 3861, 3862, 4358, 4357, 3862, 3954, 3499, 3498, 3954, 3955, 3499, 3977, 3368, 3976, 3977, 3369, 3368, 4016, 3409, 3408, 4016, 3881, 3409, 4015, 3407, 3406, 4015, 3408, 3407, 4015, 4016, 3408, 4014, 4015, 3406, 4013, 3406, 3405, 4013, 4014, 3406, 4012, 3405, 3404, 4012, 4013, 3405, 3883, 3426, 3427, 3883, 3882, 3426, 3884, 3427, 3428, 3884, 3883, 3427, 3885, 3428, 3429, 3885, 3429, 3430, 3885, 3884, 3428, 3886, 3430, 3431, 3886, 3885, 3430, 3887, 3886, 3431, 3888, 3431, 3432, 3888, 3887, 3431, 3889, 3432, 3433, 3889, 3433, 3434, 3889, 3888, 3432, 3890, 3889, 3434, 3891, 3890, 3434, 3891, 3434, 3435, 3891, 3435, 3436, 3892, 3891, 3436, 3893, 3892, 3436, 3893, 3436, 3437, 3893, 3437, 3438, 3894, 3893, 3438, 3895, 3438, 3439, 3895, 3894, 3438, 3896, 3439, 3440, 3896, 3895, 3439, 3897, 3440, 3441, 3897, 3896, 3440, 3898, 3441, 3442, 3898, 3442, 3443, 3898, 3897, 3441, 3899, 3898, 3443, 3900, 3443, 3444, 3900, 3444, 3445, 3900, 3899, 3443, 3901, 3900, 3445, 3902, 3445, 3446, 3902, 3446, 3447, 3902, 3901, 3445, 3903, 3902, 3447, 3904, 3447, 3448, 3904, 3903, 3447, 3905, 3448, 3449, 3905, 3449, 3450, 3905, 3904, 3448, 3906, 3905, 3450, 3907, 3450, 3451, 3907, 3906, 3450, 3908, 3451, 3452, 3908, 3907, 3451, 3909, 3452, 3453, 3909, 3908, 3452, 3910, 3453, 3454, 3910, 3909, 3453, 3911, 3454, 3455, 3911, 3910, 3454, 3912, 3455, 3456, 3912, 3911, 3455, 3913, 3456, 3457, 3913, 3912, 3456, 3865, 3457, 3410, 3865, 3913, 3457, 4269, 3777, 3776, 4270, 4269, 3776, 4271, 3777, 4269, 4271, 3775, 3777, 3931, 3476, 3475, 3931, 3932, 3476, 3930, 3475, 3474, 3930, 3931, 3475, 3914, 3474, 3458, 3914, 3930, 3474, 3410, 3866, 3865, 3411, 3866, 3410, 3412, 3867, 3866, 3412, 3866, 3411, 3413, 3868, 3867, 3413, 3867, 3412, 3414, 3869, 3868, 3414, 3870, 3869, 3414, 3868, 3413, 3415, 3870, 3414, 3416, 3871, 3870, 3416, 3870, 3415, 3417, 3872, 3871, 3417, 3871, 3416, 3418, 3873, 3872, 3418, 3874, 3873, 3418, 3872, 3417, 3419, 3875, 3874, 3419, 3874, 3418, 3420, 3875, 3419, 3421, 3876, 3875, 3421, 3877, 3876, 3421, 3875, 3420, 3422, 3877, 3421, 3423, 3878, 3877, 3423, 3879, 3878, 3423, 3877, 3422, 3424, 3879, 3423, 3425, 3880, 3879, 3425, 3879, 3424, 3409, 3881, 3880, 3409, 3880, 3425, 3458, 3915, 3914, 3459, 3916, 3915, 3459, 3915, 3458, 3460, 3916, 3459, 3461, 3917, 3916, 3461, 3918, 3917, 3461, 3916, 3460, 3462, 3918, 3461, 3463, 3919, 3918, 3463, 3918, 3462, 3464, 3920, 3919, 3464, 3919, 3463, 3465, 3921, 3920, 3465, 3922, 3921, 3465, 3920, 3464, 3466, 3923, 3922, 3466, 3922, 3465, 3467, 3923, 3466, 3468, 3924, 3923, 3468, 3923, 3467, 3469, 3925, 3924, 3469, 3926, 3925, 3469, 3924, 3468, 3470, 3926, 3469, 3471, 3927, 3926, 3471, 3926, 3470, 3472, 3928, 3927, 3472, 3929, 3928, 3472, 3927, 3471, 3473, 3929, 3472, 3426, 3882, 3929, 3426, 3929, 3473, 3953, 3498, 3497, 3953, 3954, 3498, 3952, 3497, 3496, 3952, 3953, 3497, 3951, 3495, 3494, 3951, 3496, 3495, 3951, 3952, 3496, 3950, 3951, 3494, 3949, 3493, 3492, 3949, 3494, 3493, 3949, 3950, 3494, 3948, 3949, 3492, 3947, 3492, 3491, 3947, 3948, 3492, 3946, 3490, 3489, 3946, 3491, 3490, 3946, 3947, 3491, 3945, 3946, 3489, 3944, 3488, 3487, 3944, 3489, 3488, 3944, 3945, 3489, 3943, 3944, 3487, 3942, 3943, 3487, 3942, 3487, 3486, 3941, 3942, 3486, 3941, 3486, 3485, 3940, 3484, 3483, 3940, 3485, 3484, 3940, 3941, 3485, 3939, 3940, 3483, 3938, 3482, 3481, 3938, 3483, 3482, 3938, 3939, 3483, 3937, 3938, 3481, 3936, 3481, 3480, 3936, 3937, 3481, 3935, 3479, 3478, 3935, 3480, 3479, 3935, 3936, 3480, 3934, 3935, 3478, 3933, 3478, 3477, 3933, 3934, 3478, 3932, 3477, 3476, 3932, 3933, 3477, 3499, 3955, 3956, 3500, 3956, 3957, 3500, 3499, 3956, 3501, 3500, 3957, 3502, 3957, 3958, 3502, 3958, 3959, 3502, 3501, 3957, 3503, 3502, 3959, 3504, 3959, 3960, 3504, 3503, 3959, 3505, 3960, 3961, 3505, 3961, 3962, 3505, 3504, 3960, 3506, 3505, 3962, 3507, 3962, 3963, 3507, 3506, 3962, 3508, 3963, 3964, 3508, 3964, 3965, 3508, 3507, 3963, 3509, 3965, 3966, 3509, 3508, 3965, 3510, 3509, 3966, 3511, 3966, 3967, 3511, 3510, 3966, 3512, 3511, 3967, 3512, 3967, 3968, 3512, 3968, 3969, 3513, 3512, 3969, 3514, 3513, 3969, 3514, 3969, 3970, 3514, 3970, 3971, 3515, 3514, 3971, 3516, 3515, 3971, 3516, 3971, 3972, 3516, 3972, 3973, 3517, 3516, 3973, 3518, 3517, 3973, 3518, 3973, 3974, 3518, 3974, 3975, 3519, 3518, 3975, 3368, 3519, 3975, 3368, 3975, 3976, 4011, 3403, 3402, 4011, 3404, 3403, 4011, 4012, 3404, 4010, 4011, 3402, 4009, 3402, 3401, 4009, 4010, 3402, 4008, 3401, 3400, 4008, 4009, 3401, 4007, 3399, 3398, 4007, 3400, 3399, 4007, 4008, 3400, 4006, 3398, 3397, 4006, 4007, 3398, 4005, 4006, 3397, 4005, 3397, 3396, 4004, 4005, 3396, 4003, 4004, 3396, 4003, 3395, 3394, 4003, 3396, 3395, 4002, 4003, 3394, 4001, 4002, 3394, 4001, 3394, 3393, 4000, 3393, 3392, 4000, 4001, 3393, 3999, 3392, 3391, 3999, 4000, 3392, 3998, 3391, 3390, 3998, 3999, 3391, 3997, 3390, 3389, 3997, 3998, 3390, 3996, 3388, 3387, 3996, 3389, 3388, 3996, 3997, 3389, 3995, 3996, 3387, 3994, 3386, 3385, 3994, 3387, 3386, 3994, 3995, 3387, 3993, 3994, 3385, 3992, 3385, 3384, 3992, 3993, 3385, 3991, 3384, 3383, 3991, 3992, 3384, 3990, 3382, 3381, 3990, 3383, 3382, 3990, 3991, 3383, 3989, 3990, 3381, 3988, 3380, 3379, 3988, 3381, 3380, 3988, 3989, 3381, 3987, 3379, 3378, 3987, 3988, 3379, 3986, 3987, 3378, 3985, 3377, 3376, 3985, 3378, 3377, 3985, 3986, 3378, 3984, 3985, 3376, 3983, 3376, 3375, 3983, 3984, 3376, 3982, 3375, 3374, 3982, 3983, 3375, 3981, 3374, 3373, 3981, 3982, 3374, 3980, 3981, 3373, 3980, 3373, 3372, 3979, 3980, 3372, 3979, 3372, 3371, 3978, 3371, 3370, 3978, 3979, 3371, 3977, 3370, 3369, 3977, 3978, 3370, 3688, 4186, 4185, 3689, 4186, 3688, 3690, 4186, 3689, 3690, 4187, 4186, 3690, 4188, 4187, 3691, 4188, 3690, 3692, 4188, 3691, 3692, 4189, 4188, 3693, 4190, 4189, 3693, 4191, 4190, 3693, 4189, 3692, 3694, 4191, 3693, 3695, 4192, 4191, 3695, 4193, 4192, 3695, 4191, 3694, 3696, 4193, 3695, 3697, 4193, 3696, 3697, 4194, 4193, 3698, 4194, 3697, 3698, 4195, 4194, 3699, 4195, 3698, 3699, 4196, 4195, 3700, 4196, 3699, 3700, 4197, 4196, 3701, 4197, 3700, 3701, 4198, 4197, 3702, 4198, 3701, 3702, 4199, 4198, 3703, 4199, 3702, 3703, 4200, 4199, 3704, 4201, 4200, 3704, 4200, 3703, 3705, 4202, 4201, 3705, 4201, 3704, 3706, 4203, 4202, 3706, 4204, 4203, 3706, 4202, 3705, 3707, 4204, 3706, 3708, 4205, 4204, 3708, 4204, 3707, 3709, 4206, 4205, 3709, 4205, 3708, 3710, 4207, 4206, 3710, 4206, 3709, 3711, 4208, 4207, 3711, 4209, 4208, 3711, 4207, 3710, 3712, 4209, 3711, 3713, 4210, 4209, 3713, 4211, 4210, 3713, 4209, 3712, 3714, 4211, 3713, 3715, 4212, 4211, 3715, 4213, 4212, 3715, 4211, 3714, 3716, 4213, 3715, 3717, 4214, 4213, 3717, 4213, 3716, 3718, 4215, 4214, 3718, 4214, 3717, 3719, 4216, 4215, 3719, 4215, 3718, 3720, 4216, 3719, 3720, 4217, 4216, 3721, 4217, 3720, 3721, 4218, 4217, 3722, 4218, 3721, 3722, 4219, 4218, 3723, 4219, 3722, 3723, 4220, 4219, 3724, 4220, 3723, 3724, 4221, 4220, 3725, 4222, 4221, 3725, 4221, 3724, 3726, 4223, 4222, 3726, 4222, 3725, 3727, 4224, 4223, 3727, 4223, 3726, 3728, 4225, 4224, 3728, 4224, 3727, 3729, 4226, 4225, 3729, 4225, 3728, 3730, 4227, 4226, 3730, 4226, 3729, 3731, 4228, 4227, 3731, 4227, 3730, 3732, 4229, 4228, 3732, 4228, 3731, 3733, 4230, 4229, 3733, 4229, 3732, 3734, 4231, 4230, 3734, 4230, 3733, 3735, 4232, 4231, 3735, 4231, 3734, 3736, 4233, 4232, 3736, 4234, 4233, 3736, 4232, 3735, 3737, 4235, 4234, 3737, 4234, 3736, 3738, 4235, 3737, 3739, 4236, 4235, 3739, 4235, 3738, 3740, 4237, 4236, 3740, 4236, 3739, 3741, 4238, 4237, 3741, 4237, 3740, 3742, 4239, 4238, 3742, 4238, 3741, 3743, 4240, 4239, 3743, 4239, 3742, 3744, 4241, 4240, 3744, 4240, 3743, 3745, 4242, 4241, 3745, 4241, 3744, 3746, 4242, 3745, 3746, 4243, 4242, 3747, 4243, 3746, 3747, 4244, 4243, 3748, 4244, 3747, 3748, 4245, 4244, 3749, 4245, 3748, 3749, 4246, 4245, 3749, 4247, 4246, 3750, 4247, 3749, 3751, 4247, 3750, 3751, 4248, 4247, 3751, 4249, 4248, 3752, 4249, 3751, 3752, 4250, 4249, 3753, 4250, 3752, 3754, 4250, 3753, 3754, 4251, 4250, 3754, 4252, 4251, 3755, 4252, 3754, 3756, 4252, 3755, 3756, 4253, 4252, 3757, 4253, 3756, 3757, 4254, 4253, 3758, 4254, 3757, 3758, 4255, 4254, 3759, 4255, 3758, 3759, 4256, 4255, 3760, 4257, 4256, 3760, 4258, 4257, 3760, 4256, 3759, 3761, 4258, 3760, 3762, 4259, 4258, 3762, 4258, 3761, 3763, 4260, 4259, 3763, 4259, 3762, 3764, 4261, 4260, 3764, 4262, 4261, 3764, 4260, 3763, 3765, 4263, 4262, 3765, 4262, 3764, 3766, 4263, 3765, 3767, 4264, 4263, 3767, 4263, 3766, 3768, 4265, 4264, 3768, 4264, 3767, 3769, 4266, 4265, 3769, 4267, 4266, 3769, 4265, 3768, 3770, 4267, 3769, 3771, 4267, 3770, 3771, 4268, 4267, 3688, 4268, 3771, 3688, 4185, 4268, 3604, 4102, 4101, 3605, 4102, 3604, 3606, 4102, 3605, 3606, 4103, 4102, 3606, 4104, 4103, 3607, 4104, 3606, 3608, 4104, 3607, 3608, 4105, 4104, 3609, 4106, 4105, 3609, 4107, 4106, 3609, 4105, 3608, 3610, 4107, 3609, 3611, 4108, 4107, 3611, 4109, 4108, 3611, 4107, 3610, 3612, 4109, 3611, 3613, 4109, 3612, 3613, 4110, 4109, 3614, 4110, 3613, 3614, 4111, 4110, 3615, 4111, 3614, 3615, 4112, 4111, 3616, 4112, 3615, 3616, 4113, 4112, 3617, 4113, 3616, 3617, 4114, 4113, 3618, 4114, 3617, 3618, 4115, 4114, 3619, 4115, 3618, 3619, 4116, 4115, 3620, 4117, 4116, 3620, 4116, 3619, 3621, 4118, 4117, 3621, 4117, 3620, 3622, 4119, 4118, 3622, 4120, 4119, 3622, 4118, 3621, 3623, 4120, 3622, 3624, 4121, 4120, 3624, 4120, 3623, 3625, 4122, 4121, 3625, 4121, 3624, 3626, 4123, 4122, 3626, 4122, 3625, 3627, 4124, 4123, 3627, 4125, 4124, 3627, 4123, 3626, 3628, 4125, 3627, 3629, 4126, 4125, 3629, 4127, 4126, 3629, 4125, 3628, 3630, 4127, 3629, 3631, 4128, 4127, 3631, 4129, 4128, 3631, 4127, 3630, 3632, 4129, 3631, 3633, 4130, 4129, 3633, 4129, 3632, 3634, 4131, 4130, 3634, 4130, 3633, 3635, 4132, 4131, 3635, 4131, 3634, 3636, 4132, 3635, 3636, 4133, 4132, 3637, 4133, 3636, 3637, 4134, 4133, 3638, 4134, 3637, 3638, 4135, 4134, 3639, 4135, 3638, 3639, 4136, 4135, 3640, 4136, 3639, 3640, 4137, 4136, 3641, 4138, 4137, 3641, 4137, 3640, 3642, 4139, 4138, 3642, 4138, 3641, 3643, 4140, 4139, 3643, 4139, 3642, 3644, 4141, 4140, 3644, 4140, 3643, 3645, 4142, 4141, 3645, 4141, 3644, 3646, 4143, 4142, 3646, 4142, 3645, 3647, 4144, 4143, 3647, 4143, 3646, 3648, 4145, 4144, 3648, 4144, 3647, 3649, 4146, 4145, 3649, 4145, 3648, 3650, 4147, 4146, 3650, 4146, 3649, 3651, 4148, 4147, 3651, 4147, 3650, 3652, 4149, 4148, 3652, 4150, 4149, 3652, 4148, 3651, 3653, 4151, 4150, 3653, 4150, 3652, 3654, 4151, 3653, 3655, 4152, 4151, 3655, 4151, 3654, 3656, 4153, 4152, 3656, 4152, 3655, 3657, 4154, 4153, 3657, 4153, 3656, 3658, 4155, 4154, 3658, 4154, 3657, 3659, 4156, 4155, 3659, 4155, 3658, 3660, 4157, 4156, 3660, 4156, 3659, 3661, 4158, 4157, 3661, 4157, 3660, 3662, 4158, 3661, 3662, 4159, 4158, 3663, 4159, 3662, 3663, 4160, 4159, 3664, 4160, 3663, 3664, 4161, 4160, 3665, 4161, 3664, 3665, 4162, 4161, 3665, 4163, 4162, 3666, 4163, 3665, 3667, 4163, 3666, 3667, 4164, 4163, 3667, 4165, 4164, 3668, 4165, 3667, 3668, 4166, 4165, 3669, 4166, 3668, 3670, 4166, 3669, 3670, 4167, 4166, 3670, 4168, 4167, 3671, 4168, 3670, 3672, 4168, 3671, 3672, 4169, 4168, 3673, 4169, 3672, 3673, 4170, 4169, 3674, 4170, 3673, 3674, 4171, 4170, 3675, 4171, 3674, 3675, 4172, 4171, 3676, 4173, 4172, 3676, 4174, 4173, 3676, 4172, 3675, 3677, 4174, 3676, 3678, 4175, 4174, 3678, 4174, 3677, 3679, 4176, 4175, 3679, 4175, 3678, 3680, 4177, 4176, 3680, 4178, 4177, 3680, 4176, 3679, 3681, 4179, 4178, 3681, 4178, 3680, 3682, 4179, 3681, 3683, 4180, 4179, 3683, 4179, 3682, 3684, 4181, 4180, 3684, 4180, 3683, 3685, 4182, 4181, 3685, 4183, 4182, 3685, 4181, 3684, 3686, 4183, 3685, 3687, 4183, 3686, 3687, 4184, 4183, 3604, 4184, 3687, 3604, 4101, 4184, 3520, 4018, 4017, 3521, 4018, 3520, 3522, 4018, 3521, 3522, 4019, 4018, 3522, 4020, 4019, 3523, 4020, 3522, 3524, 4020, 3523, 3524, 4021, 4020, 3525, 4022, 4021, 3525, 4023, 4022, 3525, 4021, 3524, 3526, 4023, 3525, 3527, 4024, 4023, 3527, 4025, 4024, 3527, 4023, 3526, 3528, 4025, 3527, 3529, 4025, 3528, 3529, 4026, 4025, 3530, 4026, 3529, 3530, 4027, 4026, 3531, 4027, 3530, 3531, 4028, 4027, 3532, 4028, 3531, 3532, 4029, 4028, 3533, 4029, 3532, 3533, 4030, 4029, 3534, 4030, 3533, 3534, 4031, 4030, 3535, 4031, 3534, 3535, 4032, 4031, 3536, 4033, 4032, 3536, 4032, 3535, 3537, 4034, 4033, 3537, 4033, 3536, 3538, 4035, 4034, 3538, 4036, 4035, 3538, 4034, 3537, 3539, 4036, 3538, 3540, 4037, 4036, 3540, 4036, 3539, 3541, 4038, 4037, 3541, 4037, 3540, 3542, 4039, 4038, 3542, 4038, 3541, 3543, 4040, 4039, 3543, 4041, 4040, 3543, 4039, 3542, 3544, 4041, 3543, 3545, 4042, 4041, 3545, 4043, 4042, 3545, 4041, 3544, 3546, 4043, 3545, 3547, 4044, 4043, 3547, 4045, 4044, 3547, 4043, 3546, 3548, 4045, 3547, 3549, 4046, 4045, 3549, 4045, 3548, 3550, 4047, 4046, 3550, 4046, 3549, 3551, 4048, 4047, 3551, 4047, 3550, 3552, 4048, 3551, 3552, 4049, 4048, 3553, 4049, 3552, 3553, 4050, 4049, 3554, 4050, 3553, 3554, 4051, 4050, 3555, 4051, 3554, 3555, 4052, 4051, 3556, 4052, 3555, 3556, 4053, 4052, 3557, 4054, 4053, 3557, 4053, 3556, 3558, 4055, 4054, 3558, 4054, 3557, 3559, 4056, 4055, 3559, 4055, 3558, 3560, 4057, 4056, 3560, 4056, 3559, 3561, 4058, 4057, 3561, 4057, 3560, 3562, 4059, 4058, 3562, 4058, 3561, 3563, 4060, 4059, 3563, 4059, 3562, 3564, 4061, 4060, 3564, 4060, 3563, 3565, 4062, 4061, 3565, 4061, 3564, 3566, 4063, 4062, 3566, 4062, 3565, 3567, 4064, 4063, 3567, 4063, 3566, 3568, 4065, 4064, 3568, 4066, 4065, 3568, 4064, 3567, 3569, 4067, 4066, 3569, 4066, 3568, 3570, 4067, 3569, 3571, 4068, 4067, 3571, 4067, 3570, 3572, 4069, 4068, 3572, 4068, 3571, 3573, 4070, 4069, 3573, 4069, 3572, 3574, 4071, 4070, 3574, 4070, 3573, 3575, 4072, 4071, 3575, 4071, 3574, 3576, 4073, 4072, 3576, 4072, 3575, 3577, 4074, 4073, 3577, 4073, 3576, 3578, 4074, 3577, 3578, 4075, 4074, 3579, 4075, 3578, 3579, 4076, 4075, 3580, 4076, 3579, 3580, 4077, 4076, 3581, 4077, 3580, 3581, 4078, 4077, 3581, 4079, 4078, 3582, 4079, 3581, 3583, 4079, 3582, 3583, 4080, 4079, 3583, 4081, 4080, 3584, 4081, 3583, 3584, 4082, 4081, 3585, 4082, 3584, 3586, 4082, 3585, 3586, 4083, 4082, 3586, 4084, 4083, 3587, 4084, 3586, 3588, 4084, 3587, 3588, 4085, 4084, 3589, 4085, 3588, 3589, 4086, 4085, 3590, 4086, 3589, 3590, 4087, 4086, 3591, 4087, 3590, 3591, 4088, 4087, 3592, 4089, 4088, 3592, 4090, 4089, 3592, 4088, 3591, 3593, 4090, 3592, 3594, 4091, 4090, 3594, 4090, 3593, 3595, 4092, 4091, 3595, 4091, 3594, 3596, 4093, 4092, 3596, 4094, 4093, 3596, 4092, 3595, 3597, 4095, 4094, 3597, 4094, 3596, 3598, 4095, 3597, 3599, 4096, 4095, 3599, 4095, 3598, 3600, 4097, 4096, 3600, 4096, 3599, 3601, 4098, 4097, 3601, 4099, 4098, 3601, 4097, 3600, 3602, 4099, 3601, 3603, 4099, 3602, 3603, 4100, 4099, 3520, 4100, 3603, 3520, 4017, 4100]
        uniform token subdivisionScheme = "none"
        color3f[] primvars:displayColor = [(0.12, 0.32, 0.1)] (
            interpolation = "constant"
        )
    }
    def Mesh "collision_00" (prepend apiSchemas = ["PhysicsCollisionAPI", "PhysicsMeshCollisionAPI", "PhysxCollisionAPI"])
    {
        uniform token purpose = "guide"
        bool physics:collisionEnabled = true
        uniform token physics:approximation = "convexHull"
        rel material:binding:physics = </panda/umi_finger_materials/GripPhysicsMaterial>
        point3f[] points = [
                (-0.0105, 0, 0),
                (-0.0105, 0, 0.014),
                (-0.0105, 0.0285, 0),
                (-0.0105, 0.0285, 0.014),
                (0.0105, 0, 0),
                (0.0105, 0, 0.014),
                (0.0105, 0.0285, 0),
                (0.0105, 0.0285, 0.014)
        ]
        int[] faceVertexCounts = [3, 3, 3, 3, 3, 3, 3, 3, 3, 3, 3, 3]
        int[] faceVertexIndices = [1, 3, 0, 4, 1, 0, 0, 3, 2, 2, 4, 0, 1, 7, 3, 5, 1, 4, 5, 7, 1, 3, 7, 2, 6, 4, 2, 2, 7, 6, 6, 5, 4, 7, 5, 6]
        uniform token subdivisionScheme = "none"
        color3f[] primvars:displayColor = [(0.12, 0.32, 0.1)] (
            interpolation = "constant"
        )
    }
    def Mesh "collision_01" (prepend apiSchemas = ["PhysicsCollisionAPI", "PhysicsMeshCollisionAPI", "PhysxCollisionAPI"])
    {
        uniform token purpose = "guide"
        bool physics:collisionEnabled = true
        uniform token physics:approximation = "convexHull"
        rel material:binding:physics = </panda/umi_finger_materials/GripPhysicsMaterial>
        point3f[] points = [
                (-0.0129, 0, 0.014),
                (-0.0129, 0, 0.022),
                (-0.0129, 0.04, 0.014),
                (-0.0129, 0.04, 0.022),
                (0.0129, 0, 0.014),
                (0.0129, 0, 0.022),
                (0.0129, 0.04, 0.014),
                (0.0129, 0.04, 0.022)
        ]
        int[] faceVertexCounts = [3, 3, 3, 3, 3, 3, 3, 3, 3, 3, 3, 3]
        int[] faceVertexIndices = [1, 3, 0, 4, 1, 0, 0, 3, 2, 2, 4, 0, 1, 7, 3, 5, 1, 4, 5, 7, 1, 3, 7, 2, 6, 4, 2, 2, 7, 6, 6, 5, 4, 7, 5, 6]
        uniform token subdivisionScheme = "none"
        color3f[] primvars:displayColor = [(0.12, 0.32, 0.1)] (
            interpolation = "constant"
        )
    }
    def Mesh "collision_02" (prepend apiSchemas = ["PhysicsCollisionAPI", "PhysicsMeshCollisionAPI", "PhysxCollisionAPI"])
    {
        uniform token purpose = "guide"
        bool physics:collisionEnabled = true
        uniform token physics:approximation = "convexHull"
        rel material:binding:physics = </panda/umi_finger_materials/GripPhysicsMaterial>
        point3f[] points = [
                (-0.01325, 0, 0.022),
                (-0.01325, 0, 0.0528410981),
                (-0.01325, 0.0400731693, 0.022),
                (-0.01325, 0.0400731693, 0.0528410981),
                (0.01325, 0, 0.022),
                (0.01325, 0, 0.0528410981),
                (0.01325, 0.0400731693, 0.022),
                (0.01325, 0.0400731693, 0.0528410981)
        ]
        int[] faceVertexCounts = [3, 3, 3, 3, 3, 3, 3, 3, 3, 3, 3, 3]
        int[] faceVertexIndices = [1, 3, 0, 4, 1, 0, 0, 3, 2, 2, 4, 0, 1, 7, 3, 5, 1, 4, 5, 7, 1, 3, 7, 2, 6, 4, 2, 2, 7, 6, 6, 5, 4, 7, 5, 6]
        uniform token subdivisionScheme = "none"
        color3f[] primvars:displayColor = [(0.12, 0.32, 0.1)] (
            interpolation = "constant"
        )
    }
    def Mesh "collision_03" (prepend apiSchemas = ["PhysicsCollisionAPI", "PhysicsMeshCollisionAPI", "PhysxCollisionAPI"])
    {
        uniform token purpose = "guide"
        bool physics:collisionEnabled = true
        uniform token physics:approximation = "convexHull"
        rel material:binding:physics = </panda/umi_finger_materials/GripPhysicsMaterial>
        point3f[] points = [
                (-0.01325, 0.0018, 0.0528410981),
                (-0.01325, 0.0018, 0.0836821961),
                (-0.01325, 0.0403486976, 0.0528410981),
                (-0.01325, 0.0403486976, 0.0836821961),
                (0.01325, 0.0018, 0.0528410981),
                (0.01325, 0.0018, 0.0836821961),
                (0.01325, 0.0403486976, 0.0528410981),
                (0.01325, 0.0403486976, 0.0836821961)
        ]
        int[] faceVertexCounts = [3, 3, 3, 3, 3, 3, 3, 3, 3, 3, 3, 3]
        int[] faceVertexIndices = [1, 3, 0, 4, 1, 0, 0, 3, 2, 2, 4, 0, 1, 7, 3, 5, 1, 4, 5, 7, 1, 3, 7, 2, 6, 4, 2, 2, 7, 6, 6, 5, 4, 7, 5, 6]
        uniform token subdivisionScheme = "none"
        color3f[] primvars:displayColor = [(0.12, 0.32, 0.1)] (
            interpolation = "constant"
        )
    }
    def Mesh "collision_04" (prepend apiSchemas = ["PhysicsCollisionAPI", "PhysicsMeshCollisionAPI", "PhysxCollisionAPI"])
    {
        uniform token purpose = "guide"
        bool physics:collisionEnabled = true
        uniform token physics:approximation = "convexHull"
        rel material:binding:physics = </panda/umi_finger_materials/GripPhysicsMaterial>
        point3f[] points = [
                (-0.01325, 0.0018, 0.0836821961),
                (-0.01325, 0.0018, 0.114523294),
                (-0.01325, 0.0295905573, 0.0836821961),
                (-0.01325, 0.0295905573, 0.114523294),
                (0.01325, 0.0018, 0.0836821961),
                (0.01325, 0.0018, 0.114523294),
                (0.01325, 0.0295905573, 0.0836821961),
                (0.01325, 0.0295905573, 0.114523294)
        ]
        int[] faceVertexCounts = [3, 3, 3, 3, 3, 3, 3, 3, 3, 3, 3, 3]
        int[] faceVertexIndices = [1, 3, 0, 4, 1, 0, 0, 3, 2, 2, 4, 0, 1, 7, 3, 5, 1, 4, 5, 7, 1, 3, 7, 2, 6, 4, 2, 2, 7, 6, 6, 5, 4, 7, 5, 6]
        uniform token subdivisionScheme = "none"
        color3f[] primvars:displayColor = [(0.12, 0.32, 0.1)] (
            interpolation = "constant"
        )
    }
    def Mesh "collision_05" (prepend apiSchemas = ["PhysicsCollisionAPI", "PhysicsMeshCollisionAPI", "PhysxCollisionAPI"])
    {
        uniform token purpose = "guide"
        bool physics:collisionEnabled = true
        uniform token physics:approximation = "convexHull"
        rel material:binding:physics = </panda/umi_finger_materials/GripPhysicsMaterial>
        point3f[] points = [
                (-0.01325, 1.04083409e-17, 0.114523294),
                (-0.01325, 1.04083409e-17, 0.145364392),
                (-0.01325, 0.0178884716, 0.114523294),
                (-0.01325, 0.0178884716, 0.145364392),
                (0.01325, 1.04083409e-17, 0.114523294),
                (0.01325, 1.04083409e-17, 0.145364392),
                (0.01325, 0.0178884716, 0.114523294),
                (0.01325, 0.0178884716, 0.145364392)
        ]
        int[] faceVertexCounts = [3, 3, 3, 3, 3, 3, 3, 3, 3, 3, 3, 3]
        int[] faceVertexIndices = [1, 3, 0, 4, 1, 0, 0, 3, 2, 2, 4, 0, 1, 7, 3, 5, 1, 4, 5, 7, 1, 3, 7, 2, 6, 4, 2, 2, 7, 6, 6, 5, 4, 7, 5, 6]
        uniform token subdivisionScheme = "none"
        color3f[] primvars:displayColor = [(0.12, 0.32, 0.1)] (
            interpolation = "constant"
        )
    }
        }
    }

    over "panda_rightfinger"
    {
        float physics:mass = 0.0683354856
        point3f physics:centerOfMass = (1.52525272e-11, -0.0175833717, 0.0558842619)
        float3 physics:diagonalInertia = (1.16072223e-05, 8.83641735e-05, 9.27239067e-05)
        quatf physics:principalAxes = (0.706404487, -0.0315071461, -0.706404487, 0.0315071614)

        over "geometry" (
            active = false
        )
        {
        }

        def Xform "umi_geometry"
        {
    def Mesh "visual"
    {
        point3f[] points = [
                (-0.0105, -0, 0.014),
                (0.0105, -0, 0.014),
                (0.0129, -0, 0.022),
                (-0.0129, -0, 0.022),
                (-0.0105, -0.0128, 0.014),
                (-0.0102, -0.0125, 0.014),
                (0.0102, -0.0125, 0.014),
                (0.0105, -0.0128, 0.014),
                (0.0105, -0.0182, 0.014),
                (0.0105, -0.0187727291, 0.014),
                (0.0105, -0.0261700022, 0.014),
                (0.0105, -0.0285, 0.014),
                (0.0129, -0.04, 0.022),
                (-0.0129, -0.04, 0.022),
                (-0.0105, -0.0285, 0.014),
                (-0.0105, -0.0261700022, 0.014),
                (-0.0105, -0.0187727291, 0.014),
                (-0.0105, -0.0182, 0.014),
                (0.0102, -0.0125, 0.005),
                (0.0105, -0.0128, 0.005),
                (-0.0102, -0.0125, 0.005),
                (0.006, -0.0125, 0.01035),
                (0.00587669535, -0.0125, 0.0103546137),
                (0.00575408026, -0.0125, 0.0103684291),
                (0.00563284046, -0.0125, 0.0103913689),
                (0.00551365396, -0.0125, 0.0104233049),
                (0.00539718731, -0.0125, 0.0104640583),
                (0.00528409183, -0.0125, 0.0105134014),
                (0.005175, -0.0125, 0.0105710581),
                (0.0050705219, -0.0125, 0.010636706),
                (0.00497124183, -0.0125, 0.0107099781),
                (0.00487771498, -0.0125, 0.0107904644),
                (0.00479046441, -0.0125, 0.010877715),
                (0.00470997805, -0.0125, 0.0109712418),
                (0.00463670602, -0.0125, 0.0110705219),
                (0.00457105808, -0.0125, 0.011175),
                (0.00451340137, -0.0125, 0.0112840918),
                (0.00446405831, -0.0125, 0.0113971873),
                (0.00442330487, -0.0125, 0.011513654),
                (0.00439136895, -0.0125, 0.0116328405),
                (0.00436842914, -0.0125, 0.0117540803),
                (0.00435461373, -0.0125, 0.0118766953),
                (0.00435, -0.0125, 0.012),
                (0.00435461373, -0.0125, 0.0121233047),
                (0.00436842914, -0.0125, 0.0122459197),
                (0.00439136895, -0.0125, 0.0123671595),
                (0.00442330487, -0.0125, 0.012486346),
                (0.00446405831, -0.0125, 0.0126028127),
                (0.00451340137, -0.0125, 0.0127159082),
                (0.00457105808, -0.0125, 0.012825),
                (0.00463670602, -0.0125, 0.0129294781),
                (0.00470997805, -0.0125, 0.0130287582),
                (0.00479046441, -0.0125, 0.013122285),
                (0.00487771498, -0.0125, 0.0132095356),
                (0.00497124183, -0.0125, 0.0132900219),
                (0.0050705219, -0.0125, 0.013363294),
                (0.005175, -0.0125, 0.0134289419),
                (0.00528409183, -0.0125, 0.0134865986),
                (0.00539718731, -0.0125, 0.0135359417),
                (0.00551365396, -0.0125, 0.0135766951),
                (0.00563284046, -0.0125, 0.0136086311),
                (0.00575408026, -0.0125, 0.0136315709),
                (0.00587669535, -0.0125, 0.0136453863),
                (0.006, -0.0125, 0.01365),
                (0.00612330465, -0.0125, 0.0136453863),
                (0.00624591974, -0.0125, 0.0136315709),
                (0.00636715954, -0.0125, 0.0136086311),
                (0.00648634604, -0.0125, 0.0135766951),
                (0.00660281269, -0.0125, 0.0135359417),
                (0.00671590817, -0.0125, 0.0134865986),
                (0.006825, -0.0125, 0.0134289419),
                (0.0069294781, -0.0125, 0.013363294),
                (0.00702875817, -0.0125, 0.0132900219),
                (0.00712228502, -0.0125, 0.0132095356),
                (0.00720953559, -0.0125, 0.013122285),
                (0.00729002195, -0.0125, 0.0130287582),
                (0.00736329398, -0.0125, 0.0129294781),
                (0.00742894192, -0.0125, 0.012825),
                (0.00748659863, -0.0125, 0.0127159082),
                (0.00753594169, -0.0125, 0.0126028127),
                (0.00757669513, -0.0125, 0.012486346),
                (0.00760863106, -0.0125, 0.0123671595),
                (0.00763157086, -0.0125, 0.0122459197),
                (0.00764538627, -0.0125, 0.0121233047),
                (0.00765, -0.0125, 0.012),
                (0.00764538627, -0.0125, 0.0118766953),
                (0.00763157086, -0.0125, 0.0117540803),
                (0.00760863106, -0.0125, 0.0116328405),
                (0.00757669513, -0.0125, 0.011513654),
                (0.00753594169, -0.0125, 0.0113971873),
                (0.00748659863, -0.0125, 0.0112840918),
                (0.00742894192, -0.0125, 0.011175),
                (0.00736329398, -0.0125, 0.0110705219),
                (0.00729002195, -0.0125, 0.0109712418),
                (0.00720953559, -0.0125, 0.010877715),
                (0.00712228502, -0.0125, 0.0107904644),
                (0.00702875817, -0.0125, 0.0107099781),
                (0.0069294781, -0.0125, 0.010636706),
                (0.006825, -0.0125, 0.0105710581),
                (0.00671590817, -0.0125, 0.0105134014),
                (0.00660281269, -0.0125, 0.0104640583),
                (0.00648634604, -0.0125, 0.0104233049),
                (0.00636715954, -0.0125, 0.0103913689),
                (0.00624591974, -0.0125, 0.0103684291),
                (0.00612330465, -0.0125, 0.0103546137),
                (-0.006, -0.0125, 0.01035),
                (-0.00612330465, -0.0125, 0.0103546137),
                (-0.00624591974, -0.0125, 0.0103684291),
                (-0.00636715954, -0.0125, 0.0103913689),
                (-0.00648634604, -0.0125, 0.0104233049),
                (-0.00660281269, -0.0125, 0.0104640583),
                (-0.00671590817, -0.0125, 0.0105134014),
                (-0.006825, -0.0125, 0.0105710581),
                (-0.0069294781, -0.0125, 0.010636706),
                (-0.00702875817, -0.0125, 0.0107099781),
                (-0.00712228502, -0.0125, 0.0107904644),
                (-0.00720953559, -0.0125, 0.010877715),
                (-0.00729002195, -0.0125, 0.0109712418),
                (-0.00736329398, -0.0125, 0.0110705219),
                (-0.00742894192, -0.0125, 0.011175),
                (-0.00748659863, -0.0125, 0.0112840918),
                (-0.00753594169, -0.0125, 0.0113971873),
                (-0.00757669513, -0.0125, 0.011513654),
                (-0.00760863105, -0.0125, 0.0116328405),
                (-0.00763157086, -0.0125, 0.0117540803),
                (-0.00764538627, -0.0125, 0.0118766953),
                (-0.00765, -0.0125, 0.012),
                (-0.00764538627, -0.0125, 0.0121233047),
                (-0.00763157086, -0.0125, 0.0122459197),
                (-0.00760863105, -0.0125, 0.0123671595),
                (-0.00757669513, -0.0125, 0.012486346),
                (-0.00753594169, -0.0125, 0.0126028127),
                (-0.00748659863, -0.0125, 0.0127159082),
                (-0.00742894192, -0.0125, 0.012825),
                (-0.00736329398, -0.0125, 0.0129294781),
                (-0.00729002195, -0.0125, 0.0130287582),
                (-0.00720953559, -0.0125, 0.013122285),
                (-0.00712228502, -0.0125, 0.0132095356),
                (-0.00702875817, -0.0125, 0.0132900219),
                (-0.0069294781, -0.0125, 0.013363294),
                (-0.006825, -0.0125, 0.0134289419),
                (-0.00671590817, -0.0125, 0.0134865986),
                (-0.00660281269, -0.0125, 0.0135359417),
                (-0.00648634604, -0.0125, 0.0135766951),
                (-0.00636715954, -0.0125, 0.0136086311),
                (-0.00624591974, -0.0125, 0.0136315709),
                (-0.00612330465, -0.0125, 0.0136453863),
                (-0.006, -0.0125, 0.01365),
                (-0.00587669535, -0.0125, 0.0136453863),
                (-0.00575408026, -0.0125, 0.0136315709),
                (-0.00563284046, -0.0125, 0.0136086311),
                (-0.00551365396, -0.0125, 0.0135766951),
                (-0.00539718731, -0.0125, 0.0135359417),
                (-0.00528409183, -0.0125, 0.0134865986),
                (-0.005175, -0.0125, 0.0134289419),
                (-0.0050705219, -0.0125, 0.013363294),
                (-0.00497124183, -0.0125, 0.0132900219),
                (-0.00487771498, -0.0125, 0.0132095356),
                (-0.00479046441, -0.0125, 0.013122285),
                (-0.00470997805, -0.0125, 0.0130287582),
                (-0.00463670602, -0.0125, 0.0129294781),
                (-0.00457105808, -0.0125, 0.012825),
                (-0.00451340137, -0.0125, 0.0127159082),
                (-0.00446405831, -0.0125, 0.0126028127),
                (-0.00442330487, -0.0125, 0.012486346),
                (-0.00439136894, -0.0125, 0.0123671595),
                (-0.00436842914, -0.0125, 0.0122459197),
                (-0.00435461373, -0.0125, 0.0121233047),
                (-0.00435, -0.0125, 0.012),
                (-0.00435461373, -0.0125, 0.0118766953),
                (-0.00436842914, -0.0125, 0.0117540803),
                (-0.00439136894, -0.0125, 0.0116328405),
                (-0.00442330487, -0.0125, 0.011513654),
                (-0.00446405831, -0.0125, 0.0113971873),
                (-0.00451340137, -0.0125, 0.0112840918),
                (-0.00457105808, -0.0125, 0.011175),
                (-0.00463670602, -0.0125, 0.0110705219),
                (-0.00470997805, -0.0125, 0.0109712418),
                (-0.00479046441, -0.0125, 0.010877715),
                (-0.00487771498, -0.0125, 0.0107904644),
                (-0.00497124183, -0.0125, 0.0107099781),
                (-0.0050705219, -0.0125, 0.010636706),
                (-0.005175, -0.0125, 0.0105710581),
                (-0.00528409183, -0.0125, 0.0105134014),
                (-0.00539718731, -0.0125, 0.0104640583),
                (-0.00551365396, -0.0125, 0.0104233049),
                (-0.00563284046, -0.0125, 0.0103913689),
                (-0.00575408026, -0.0125, 0.0103684291),
                (-0.00587669535, -0.0125, 0.0103546137),
                (-0.0105, -0.0128, 0.005),
                (0.0105, -0.0093, 0.0037),
                (0.0105, -0.0093, 0.0016),
                (0.0105, -0.0028, 0.0016),
                (0.0105, -0.0028, 0.0003),
                (0.0105, -0.0282, 0.0003),
                (0.0105, -0.0282, 0.0016),
                (0.0105, -0.0217, 0.0016),
                (0.0105, -0.0217, 0.0037),
                (0.0105, -0.0195, 0.0037),
                (0.0105, -0.0182, 0.005),
                (0.0105, -0.0182036351, 0.00490285088),
                (0.0105, -0.0182145199, 0.00480624505),
                (0.0105, -0.0182325937, 0.00471072279),
                (0.0105, -0.0182577554, 0.00461681827),
                (0.0105, -0.0182898641, 0.00452505667),
                (0.0105, -0.0183287405, 0.00443595114),
                (0.0105, -0.018374167, 0.00435),
                (0.0105, -0.0184258896, 0.00426768392),
                (0.0105, -0.0184836191, 0.00418946326),
                (0.0105, -0.0185470326, 0.00411577544),
                (0.0105, -0.0186157754, 0.00404703257),
                (0.0105, -0.0186894633, 0.00398361907),
                (0.0105, -0.0187676839, 0.00392588959),
                (0.0105, -0.01885, 0.00387416698),
                (0.0105, -0.0189359511, 0.00382874047),
                (0.0105, -0.0190250567, 0.00378986413),
                (0.0105, -0.0191168183, 0.00375775535),
                (0.0105, -0.0192107228, 0.00373259371),
                (0.0105, -0.0193062451, 0.00371451993),
                (0.0105, -0.0194028509, 0.00370363506),
                (0.0105, -0.0115, 0.0037),
                (0.0105, -0.0115971491, 0.00370363506),
                (0.0105, -0.0116937549, 0.00371451993),
                (0.0105, -0.0117892772, 0.00373259371),
                (0.0105, -0.0118831817, 0.00375775535),
                (0.0105, -0.0119749433, 0.00378986413),
                (0.0105, -0.0120640489, 0.00382874047),
                (0.0105, -0.01215, 0.00387416698),
                (0.0105, -0.0122323161, 0.00392588959),
                (0.0105, -0.0123105367, 0.00398361907),
                (0.0105, -0.0123842246, 0.00404703257),
                (0.0105, -0.0124529674, 0.00411577544),
                (0.0105, -0.0125163809, 0.00418946326),
                (0.0105, -0.0125741104, 0.00426768392),
                (0.0105, -0.012625833, 0.00435),
                (0.0105, -0.0126712595, 0.00443595114),
                (0.0105, -0.0127101359, 0.00452505667),
                (0.0105, -0.0127422447, 0.00461681827),
                (0.0105, -0.0127674063, 0.00471072279),
                (0.0105, -0.0127854801, 0.00480624505),
                (0.0105, -0.0127963649, 0.00490285088),
                (0.0102, -0.0185, 0.014),
                (0.010213311, -0.0185, 0.014),
                (0.0105, -0.0248757359, 0.0043),
                (0.0105, -0.0261700022, 0.00559426631),
                (0.0105, -0.0187727291, 0.00565153494),
                (0.0105, -0.0201242641, 0.0043),
                (-0.0101846442, -0.0265, 0.014),
                (0.0101846442, -0.0265, 0.014),
                (0.00940624427, -0.0265, 0.014),
                (0.00931536466, -0.0264219043, 0.014),
                (0.00922627549, -0.0263458996, 0.014),
                (0.00913892863, -0.0262719448, 0.014),
                (0.00905327693, -0.0262, 0.014),
                (0.00905327693, -0.0235, 0.014),
                (0.00678898669, -0.0235, 0.014),
                (0.00678898669, -0.0215, 0.014),
                (0.00905327693, -0.0215, 0.014),
                (0.00905327693, -0.0188, 0.014),
                (0.00913892863, -0.0187280552, 0.014),
                (0.00922627549, -0.0186541004, 0.014),
                (0.00931536466, -0.0185780957, 0.014),
                (0.00940624427, -0.0185, 0.014),
                (0.00259375573, -0.0185, 0.014),
                (0.00268463534, -0.0185780957, 0.014),
                (0.00277372451, -0.0186541004, 0.014),
                (0.00286107137, -0.0187280552, 0.014),
                (0.00294672307, -0.0188, 0.014),
                (0.00294672307, -0.0215, 0.014),
                (0.00521101331, -0.0215, 0.014),
                (0.00521101331, -0.0235, 0.014),
                (0.00294672307, -0.0235, 0.014),
                (0.00294672307, -0.0262, 0.014),
                (0.00286107137, -0.0262719448, 0.014),
                (0.00277372451, -0.0263458996, 0.014),
                (0.00268463534, -0.0264219043, 0.014),
                (0.00259375573, -0.0265, 0.014),
                (-0.00259375573, -0.0265, 0.014),
                (-0.00268463534, -0.0264219043, 0.014),
                (-0.00277372451, -0.0263458996, 0.014),
                (-0.00286107137, -0.0262719448, 0.014),
                (-0.00294672307, -0.0262, 0.014),
                (-0.00294672307, -0.0235, 0.014),
                (-0.00521101331, -0.0235, 0.014),
                (-0.00521101331, -0.0215, 0.014),
                (-0.00294672307, -0.0215, 0.014),
                (-0.00294672307, -0.0188, 0.014),
                (-0.00286107137, -0.0187280552, 0.014),
                (-0.00277372451, -0.0186541004, 0.014),
                (-0.00268463534, -0.0185780957, 0.014),
                (-0.00259375573, -0.0185, 0.014),
                (-0.00940624427, -0.0185, 0.014),
                (-0.00931536466, -0.0185780957, 0.014),
                (-0.00922627549, -0.0186541004, 0.014),
                (-0.00913892863, -0.0187280552, 0.014),
                (-0.00905327693, -0.0188, 0.014),
                (-0.00905327693, -0.0215, 0.014),
                (-0.00678898669, -0.0215, 0.014),
                (-0.00678898669, -0.0235, 0.014),
                (-0.00905327693, -0.0235, 0.014),
                (-0.00905327693, -0.0262, 0.014),
                (-0.00913892863, -0.0262719448, 0.014),
                (-0.00922627549, -0.0263458996, 0.014),
                (-0.00931536466, -0.0264219043, 0.014),
                (-0.00940624427, -0.0265, 0.014),
                (-0.0105, -0.0187727291, 0.00565153494),
                (-0.0105, -0.0201242641, 0.0043),
                (-0.0105, -0.0248757359, 0.0043),
                (-0.0105, -0.0261700022, 0.00559426631),
                (-0.0102, -0.0185, 0.014),
                (-0.010213311, -0.0185, 0.014),
                (-0.0105, -0.0217, 0.0016),
                (-0.0105, -0.0282, 0.0016),
                (-0.0105, -0.0217, 0.0037),
                (-0.0105, -0.0195, 0.0037),
                (-0.0105, -0.0182, 0.005),
                (-0.0105, -0.0182036351, 0.00490285088),
                (-0.0105, -0.0182145199, 0.00480624505),
                (-0.0105, -0.0182325937, 0.00471072279),
                (-0.0105, -0.0182577554, 0.00461681827),
                (-0.0105, -0.0182898641, 0.00452505667),
                (-0.0105, -0.0183287405, 0.00443595114),
                (-0.0105, -0.018374167, 0.00435),
                (-0.0105, -0.0184258896, 0.00426768392),
                (-0.0105, -0.0184836191, 0.00418946326),
                (-0.0105, -0.0185470326, 0.00411577544),
                (-0.0105, -0.0186157754, 0.00404703257),
                (-0.0105, -0.0186894633, 0.00398361907),
                (-0.0105, -0.0187676839, 0.00392588959),
                (-0.0105, -0.01885, 0.00387416698),
                (-0.0105, -0.0189359511, 0.00382874047),
                (-0.0105, -0.0190250567, 0.00378986413),
                (-0.0105, -0.0191168183, 0.00375775535),
                (-0.0105, -0.0192107228, 0.00373259371),
                (-0.0105, -0.0193062451, 0.00371451993),
                (-0.0105, -0.0194028509, 0.00370363506),
                (-0.0105, -0.0115, 0.0037),
                (-0.0105, -0.0115971491, 0.00370363506),
                (-0.0105, -0.0116937549, 0.00371451993),
                (-0.0105, -0.0117892772, 0.00373259371),
                (-0.0105, -0.0118831817, 0.00375775535),
                (-0.0105, -0.0119749433, 0.00378986413),
                (-0.0105, -0.0120640489, 0.00382874047),
                (-0.0105, -0.01215, 0.00387416698),
                (-0.0105, -0.0122323161, 0.00392588959),
                (-0.0105, -0.0123105367, 0.00398361907),
                (-0.0105, -0.0123842246, 0.00404703257),
                (-0.0105, -0.0124529674, 0.00411577544),
                (-0.0105, -0.0125163809, 0.00418946326),
                (-0.0105, -0.0125741104, 0.00426768392),
                (-0.0105, -0.012625833, 0.00435),
                (-0.0105, -0.0126712595, 0.00443595114),
                (-0.0105, -0.0127101359, 0.00452505667),
                (-0.0105, -0.0127422447, 0.00461681827),
                (-0.0105, -0.0127674063, 0.00471072279),
                (-0.0105, -0.0127854801, 0.00480624505),
                (-0.0105, -0.0127963649, 0.00490285088),
                (-0.0105, -0.0093, 0.0037),
                (-0.0105, -0.0093, 0.0016),
                (-0.0105, -0.0028, 0.0016),
                (-0.0105, -0.0028, 0.0003),
                (-0.0105, -0.0282, 0.0003),
                (0.0102, -0.0115, 0.004),
                (0.0102, -0.0115747301, 0.0040027962),
                (0.0102, -0.0116490423, 0.00401116917),
                (0.0102, -0.0117225209, 0.00402507209),
                (0.0102, -0.0117947552, 0.00404442719),
                (0.0102, -0.011865341, 0.00406912625),
                (0.0102, -0.0119338837, 0.00409903113),
                (0.0102, -0.012, 0.0041339746),
                (0.0102, -0.0120633201, 0.00417376123),
                (0.0102, -0.0121234898, 0.00421816852),
                (0.0102, -0.0121801727, 0.00426694813),
                (0.0102, -0.0122330519, 0.00431982726),
                (0.0102, -0.0122818315, 0.0043765102),
                (0.0102, -0.0123262388, 0.00443667994),
                (0.0102, -0.0123660254, 0.0045),
                (0.0102, -0.0124009689, 0.00456611626),
                (0.0102, -0.0124308738, 0.00463465898),
                (0.0102, -0.0124555728, 0.00470524483),
                (0.0102, -0.0124749279, 0.00477747907),
                (0.0102, -0.0124888308, 0.00485095773),
                (0.0102, -0.0124972038, 0.00492526991),
                (0.0103, -0.0116565463, 0.00391119641),
                (0.0104, -0.0116707778, 0.00381221427),
                (0.0103, -0.0118099058, 0.00394455773),
                (0.0104, -0.0118380791, 0.00384860843),
                (0.0103, -0.0119569565, 0.00399940481),
                (0.0104, -0.011998498, 0.00390844161),
                (0.0103, -0.0120947049, 0.00407462111),
                (0.0104, -0.012148769, 0.00399049576),
                (0.0103, -0.0122203468, 0.00416867547),
                (0.0104, -0.0122858329, 0.00409310051),
                (0.0103, -0.0123313245, 0.00427965319),
                (0.0104, -0.0124068995, 0.00421416712),
                (0.0103, -0.0124253789, 0.0044052951),
                (0.0104, -0.0125095042, 0.00435123102),
                (0.0103, -0.0125005952, 0.00454304349),
                (0.0104, -0.0125915584, 0.00450150198),
                (0.0103, -0.0125554423, 0.00469009419),
                (0.0104, -0.0126513916, 0.00466192093),
                (0.0103, -0.0125888036, 0.00484345368),
                (0.0104, -0.0126877857, 0.00482922219),
                (-0.0102, -0.0115, 0.004),
                (-0.0102, -0.0115747301, 0.0040027962),
                (-0.0102, -0.0116490423, 0.00401116917),
                (-0.0102, -0.0117225209, 0.00402507209),
                (-0.0102, -0.0117947552, 0.00404442719),
                (-0.0102, -0.011865341, 0.00406912625),
                (-0.0102, -0.0119338837, 0.00409903113),
                (-0.0102, -0.012, 0.0041339746),
                (-0.0102, -0.0120633201, 0.00417376123),
                (-0.0102, -0.0121234898, 0.00421816852),
                (-0.0102, -0.0121801727, 0.00426694813),
                (-0.0102, -0.0122330519, 0.00431982726),
                (-0.0102, -0.0122818315, 0.0043765102),
                (-0.0102, -0.0123262388, 0.00443667994),
                (-0.0102, -0.0123660254, 0.0045),
                (-0.0102, -0.0124009689, 0.00456611626),
                (-0.0102, -0.0124308738, 0.00463465898),
                (-0.0102, -0.0124555728, 0.00470524483),
                (-0.0102, -0.0124749279, 0.00477747907),
                (-0.0102, -0.0124888308, 0.00485095773),
                (-0.0102, -0.0124972038, 0.00492526991),
                (0.00435, -0.0185, 0.012),
                (0.00435461373, -0.0185, 0.0121233047),
                (0.00436842914, -0.0185, 0.0122459197),
                (0.00439136895, -0.0185, 0.0123671595),
                (0.00442330487, -0.0185, 0.012486346),
                (0.00446405831, -0.0185, 0.0126028127),
                (0.00451340137, -0.0185, 0.0127159082),
                (0.00457105808, -0.0185, 0.012825),
                (0.00463670602, -0.0185, 0.0129294781),
                (0.00470997805, -0.0185, 0.0130287582),
                (0.00479046441, -0.0185, 0.013122285),
                (0.00487771498, -0.0185, 0.0132095356),
                (0.00497124183, -0.0185, 0.0132900219),
                (0.0050705219, -0.0185, 0.013363294),
                (0.005175, -0.0185, 0.0134289419),
                (0.00528409183, -0.0185, 0.0134865986),
                (0.00539718731, -0.0185, 0.0135359417),
                (0.00551365396, -0.0185, 0.0135766951),
                (0.00563284046, -0.0185, 0.0136086311),
                (0.00575408026, -0.0185, 0.0136315709),
                (0.00587669535, -0.0185, 0.0136453863),
                (0.006, -0.0185, 0.01365),
                (0.00612330465, -0.0185, 0.0136453863),
                (0.00624591974, -0.0185, 0.0136315709),
                (0.00636715954, -0.0185, 0.0136086311),
                (0.00648634604, -0.0185, 0.0135766951),
                (0.00660281269, -0.0185, 0.0135359417),
                (0.00671590817, -0.0185, 0.0134865986),
                (0.006825, -0.0185, 0.0134289419),
                (0.0069294781, -0.0185, 0.013363294),
                (0.00702875817, -0.0185, 0.0132900219),
                (0.00712228502, -0.0185, 0.0132095356),
                (0.00720953559, -0.0185, 0.013122285),
                (0.00729002195, -0.0185, 0.0130287582),
                (0.00736329398, -0.0185, 0.0129294781),
                (0.00742894192, -0.0185, 0.012825),
                (0.00748659863, -0.0185, 0.0127159082),
                (0.00753594169, -0.0185, 0.0126028127),
                (0.00757669513, -0.0185, 0.012486346),
                (0.00760863106, -0.0185, 0.0123671595),
                (0.00763157086, -0.0185, 0.0122459197),
                (0.00764538627, -0.0185, 0.0121233047),
                (0.00765, -0.0185, 0.012),
                (0.00764538627, -0.0185, 0.0118766953),
                (0.00763157086, -0.0185, 0.0117540803),
                (0.00760863106, -0.0185, 0.0116328405),
                (0.00757669513, -0.0185, 0.011513654),
                (0.00753594169, -0.0185, 0.0113971873),
                (0.00748659863, -0.0185, 0.0112840918),
                (0.00742894192, -0.0185, 0.011175),
                (0.00736329398, -0.0185, 0.0110705219),
                (0.00729002195, -0.0185, 0.0109712418),
                (0.00720953559, -0.0185, 0.010877715),
                (0.00712228502, -0.0185, 0.0107904644),
                (0.00702875817, -0.0185, 0.0107099781),
                (0.0069294781, -0.0185, 0.010636706),
                (0.006825, -0.0185, 0.0105710581),
                (0.00671590817, -0.0185, 0.0105134014),
                (0.00660281269, -0.0185, 0.0104640583),
                (0.00648634604, -0.0185, 0.0104233049),
                (0.00636715954, -0.0185, 0.0103913689),
                (0.00624591974, -0.0185, 0.0103684291),
                (0.00612330465, -0.0185, 0.0103546137),
                (0.006, -0.0185, 0.01035),
                (0.00587669535, -0.0185, 0.0103546137),
                (0.00575408026, -0.0185, 0.0103684291),
                (0.00563284046, -0.0185, 0.0103913689),
                (0.00551365396, -0.0185, 0.0104233049),
                (0.00539718731, -0.0185, 0.0104640583),
                (0.00528409183, -0.0185, 0.0105134014),
                (0.005175, -0.0185, 0.0105710581),
                (0.0050705219, -0.0185, 0.010636706),
                (0.00497124183, -0.0185, 0.0107099781),
                (0.00487771498, -0.0185, 0.0107904644),
                (0.00479046441, -0.0185, 0.010877715),
                (0.00470997805, -0.0185, 0.0109712418),
                (0.00463670602, -0.0185, 0.0110705219),
                (0.00457105808, -0.0185, 0.011175),
                (0.00451340137, -0.0185, 0.0112840918),
                (0.00446405831, -0.0185, 0.0113971873),
                (0.00442330487, -0.0185, 0.011513654),
                (0.00439136895, -0.0185, 0.0116328405),
                (0.00436842914, -0.0185, 0.0117540803),
                (0.00435461373, -0.0185, 0.0118766953),
                (-0.00765, -0.0185, 0.012),
                (-0.00764538627, -0.0185, 0.0121233047),
                (-0.00763157086, -0.0185, 0.0122459197),
                (-0.00760863105, -0.0185, 0.0123671595),
                (-0.00757669513, -0.0185, 0.012486346),
                (-0.00753594169, -0.0185, 0.0126028127),
                (-0.00748659863, -0.0185, 0.0127159082),
                (-0.00742894192, -0.0185, 0.012825),
                (-0.00736329398, -0.0185, 0.0129294781),
                (-0.00729002195, -0.0185, 0.0130287582),
                (-0.00720953559, -0.0185, 0.013122285),
                (-0.00712228502, -0.0185, 0.0132095356),
                (-0.00702875817, -0.0185, 0.0132900219),
                (-0.0069294781, -0.0185, 0.013363294),
                (-0.006825, -0.0185, 0.0134289419),
                (-0.00671590817, -0.0185, 0.0134865986),
                (-0.00660281269, -0.0185, 0.0135359417),
                (-0.00648634604, -0.0185, 0.0135766951),
                (-0.00636715954, -0.0185, 0.0136086311),
                (-0.00624591974, -0.0185, 0.0136315709),
                (-0.00612330465, -0.0185, 0.0136453863),
                (-0.006, -0.0185, 0.01365),
                (-0.00587669535, -0.0185, 0.0136453863),
                (-0.00575408026, -0.0185, 0.0136315709),
                (-0.00563284046, -0.0185, 0.0136086311),
                (-0.00551365396, -0.0185, 0.0135766951),
                (-0.00539718731, -0.0185, 0.0135359417),
                (-0.00528409183, -0.0185, 0.0134865986),
                (-0.005175, -0.0185, 0.0134289419),
                (-0.0050705219, -0.0185, 0.013363294),
                (-0.00497124183, -0.0185, 0.0132900219),
                (-0.00487771498, -0.0185, 0.0132095356),
                (-0.00479046441, -0.0185, 0.013122285),
                (-0.00470997805, -0.0185, 0.0130287582),
                (-0.00463670602, -0.0185, 0.0129294781),
                (-0.00457105808, -0.0185, 0.012825),
                (-0.00451340137, -0.0185, 0.0127159082),
                (-0.00446405831, -0.0185, 0.0126028127),
                (-0.00442330487, -0.0185, 0.012486346),
                (-0.00439136894, -0.0185, 0.0123671595),
                (-0.00436842914, -0.0185, 0.0122459197),
                (-0.00435461373, -0.0185, 0.0121233047),
                (-0.00435, -0.0185, 0.012),
                (-0.00435461373, -0.0185, 0.0118766953),
                (-0.00436842914, -0.0185, 0.0117540803),
                (-0.00439136894, -0.0185, 0.0116328405),
                (-0.00442330487, -0.0185, 0.011513654),
                (-0.00446405831, -0.0185, 0.0113971873),
                (-0.00451340137, -0.0185, 0.0112840918),
                (-0.00457105808, -0.0185, 0.011175),
                (-0.00463670602, -0.0185, 0.0110705219),
                (-0.00470997805, -0.0185, 0.0109712418),
                (-0.00479046441, -0.0185, 0.010877715),
                (-0.00487771498, -0.0185, 0.0107904644),
                (-0.00497124183, -0.0185, 0.0107099781),
                (-0.0050705219, -0.0185, 0.010636706),
                (-0.005175, -0.0185, 0.0105710581),
                (-0.00528409183, -0.0185, 0.0105134014),
                (-0.00539718731, -0.0185, 0.0104640583),
                (-0.00551365396, -0.0185, 0.0104233049),
                (-0.00563284046, -0.0185, 0.0103913689),
                (-0.00575408026, -0.0185, 0.0103684291),
                (-0.00587669535, -0.0185, 0.0103546137),
                (-0.006, -0.0185, 0.01035),
                (-0.00612330465, -0.0185, 0.0103546137),
                (-0.00624591974, -0.0185, 0.0103684291),
                (-0.00636715954, -0.0185, 0.0103913689),
                (-0.00648634604, -0.0185, 0.0104233049),
                (-0.00660281269, -0.0185, 0.0104640583),
                (-0.00671590817, -0.0185, 0.0105134014),
                (-0.006825, -0.0185, 0.0105710581),
                (-0.0069294781, -0.0185, 0.010636706),
                (-0.00702875817, -0.0185, 0.0107099781),
                (-0.00712228502, -0.0185, 0.0107904644),
                (-0.00720953559, -0.0185, 0.010877715),
                (-0.00729002195, -0.0185, 0.0109712418),
                (-0.00736329398, -0.0185, 0.0110705219),
                (-0.00742894192, -0.0185, 0.011175),
                (-0.00748659863, -0.0185, 0.0112840918),
                (-0.00753594169, -0.0185, 0.0113971873),
                (-0.00757669513, -0.0185, 0.011513654),
                (-0.00760863105, -0.0185, 0.0116328405),
                (-0.00763157086, -0.0185, 0.0117540803),
                (-0.00764538627, -0.0185, 0.0118766953),
                (-0.0103, -0.0125888036, 0.00484345368),
                (-0.0104, -0.0126877857, 0.00482922219),
                (-0.0103, -0.0125554423, 0.00469009419),
                (-0.0104, -0.0126513916, 0.00466192093),
                (-0.0103, -0.0125005952, 0.00454304349),
                (-0.0104, -0.0125915584, 0.00450150198),
                (-0.0103, -0.0124253789, 0.0044052951),
                (-0.0104, -0.0125095042, 0.00435123102),
                (-0.0103, -0.0123313245, 0.00427965319),
                (-0.0104, -0.0124068995, 0.00421416712),
                (-0.0103, -0.0122203468, 0.00416867547),
                (-0.0104, -0.0122858329, 0.00409310051),
                (-0.0103, -0.0120947049, 0.00407462111),
                (-0.0104, -0.012148769, 0.00399049576),
                (-0.0103, -0.0119569565, 0.00399940481),
                (-0.0104, -0.011998498, 0.00390844161),
                (-0.0103, -0.0118099058, 0.00394455773),
                (-0.0104, -0.0118380791, 0.00384860843),
                (-0.0103, -0.0116565463, 0.00391119641),
                (-0.0104, -0.0116707778, 0.00381221427),
                (0.0102, -0.009, 0.0037),
                (0.0102, -0.009, 0.0019),
                (0.0102, -0.0093, 0.004),
                (0.0102, -0.0185, 0.005),
                (0.0102, -0.0185, 0.0055),
                (0.0102, -0.0185027962, 0.00492526991),
                (0.0102, -0.0185111692, 0.00485095773),
                (0.0102, -0.0185250721, 0.00477747907),
                (0.0102, -0.0185444272, 0.00470524483),
                (0.0102, -0.0185691263, 0.00463465898),
                (0.0102, -0.0185990311, 0.00456611626),
                (0.0102, -0.0186339746, 0.0045),
                (0.0102, -0.0186737612, 0.00443667994),
                (0.0102, -0.0187181685, 0.0043765102),
                (0.0102, -0.0187669481, 0.00431982726),
                (0.0102, -0.0188198273, 0.00426694813),
                (0.0102, -0.0188765102, 0.00421816852),
                (0.0102, -0.0189366799, 0.00417376123),
                (0.0102, -0.019, 0.0041339746),
                (0.0102, -0.0190661163, 0.00409903113),
                (0.0102, -0.019134659, 0.00406912625),
                (0.0102, -0.0192052448, 0.00404442719),
                (0.0102, -0.0192774791, 0.00402507209),
                (0.0102, -0.0193509577, 0.00401116917),
                (0.0102, -0.0194252699, 0.0040027962),
                (0.0102, -0.0195, 0.004),
                (0.0103, -0.0184111964, 0.00484345368),
                (0.0104, -0.0183122143, 0.00482922219),
                (0.0103, -0.0184445577, 0.00469009419),
                (0.0104, -0.0183486084, 0.00466192093),
                (0.0103, -0.0184994048, 0.00454304349),
                (0.0104, -0.0184084416, 0.00450150198),
                (0.0103, -0.0185746211, 0.0044052951),
                (0.0104, -0.0184904958, 0.00435123102),
                (0.0103, -0.0186686755, 0.00427965319),
                (0.0104, -0.0185931005, 0.00421416712),
                (0.0103, -0.0187796532, 0.00416867547),
                (0.0104, -0.0187141671, 0.00409310051),
                (0.0103, -0.0189052951, 0.00407462111),
                (0.0104, -0.018851231, 0.00399049576),
                (0.0103, -0.0190430435, 0.00399940481),
                (0.0104, -0.019001502, 0.00390844161),
                (0.0103, -0.0191900942, 0.00394455773),
                (0.0104, -0.0191619209, 0.00384860843),
                (0.0103, -0.0193434537, 0.00391119641),
                (0.0104, -0.0193292222, 0.00381221427),
                (0.0102, -0.0217, 0.004),
                (0.0102, -0.02, 0.004),
                (0.0102, -0.022, 0.0037),
                (0.0102, -0.022, 0.0019),
                (0.0102, -0.0282, 0.0019),
                (0.01035, -0.02835, 0.00175),
                (0.01035, -0.02835, 0.00015),
                (0.0102, -0.0285, 0.0003),
                (0.0102, -0.0285, 0.0016),
                (0.01035, -0.00265, 0.00015),
                (0.0102, -0.0028, 0),
                (0.0102, -0.0282, -1.10134124e-16),
                (0.01035, -0.00265, 0.00175),
                (0.0102, -0.0025, 0.0016),
                (0.0102, -0.0025, 0.0003),
                (0.0102, -0.0028, 0.0019),
                (0.010213311, -0.0185, 0.00551882458),
                (0.0102, -0.025, 0.004),
                (0.0102, -0.0264839313, 0.00548393126),
                (0.0101846442, -0.0265, 0.0055),
                (-0.0102, -0.0264839313, 0.00548393126),
                (-0.0101846442, -0.0265, 0.0055),
                (0.006, -0.0265, 0.00805),
                (0.00628601808, -0.0265, 0.00806036884),
                (0.00657053454, -0.0265, 0.00809142093),
                (0.00685205568, -0.0265, 0.00814299324),
                (0.00712910348, -0.0265, 0.00821481502),
                (0.00740022344, -0.0265, 0.00830650919),
                (0.00766399215, -0.0265, 0.00841759437),
                (0.00791902483, -0.0265, 0.00854748734),
                (0.00816398255, -0.0265, 0.00869550616),
                (0.00839757925, -0.0265, 0.00886087373),
                (0.00861858855, -0.0265, 0.00904272186),
                (0.00882585014, -0.0265, 0.00924009583),
                (0.00901827588, -0.0265, 0.00945195944),
                (0.00919485553, -0.0265, 0.00967720037),
                (0.00935466205, -0.0265, 0.00991463611),
                (0.00949685643, -0.0265, 0.0101630201),
                (0.00962069215, -0.0265, 0.0104210483),
                (0.00972551907, -0.0265, 0.0106873661),
                (0.00981078684, -0.0265, 0.0109605753),
                (0.0098760478, -0.0265, 0.0112392415),
                (0.00992095933, -0.0265, 0.0115219018),
                (0.00994528564, -0.0265, 0.011807072),
                (0.00994889902, -0.0265, 0.0120932552),
                (0.00993178049, -0.0265, 0.0123789487),
                (0.00989401994, -0.0265, 0.0126626528),
                (0.00983581559, -0.0265, 0.0129428779),
                (0.00975747304, -0.0265, 0.0132181528),
                (0.00965940358, -0.0265, 0.0134870324),
                (0.00954212207, -0.0265, 0.013748105),
                (0.00245787793, -0.0265, 0.013748105),
                (0.00234059642, -0.0265, 0.0134870324),
                (0.00224252696, -0.0265, 0.0132181528),
                (0.00216418441, -0.0265, 0.0129428779),
                (0.00210598006, -0.0265, 0.0126626528),
                (0.00206821951, -0.0265, 0.0123789487),
                (0.00205110098, -0.0265, 0.0120932552),
                (0.00205471436, -0.0265, 0.011807072),
                (0.00207904067, -0.0265, 0.0115219018),
                (0.0021239522, -0.0265, 0.0112392415),
                (0.00218921316, -0.0265, 0.0109605753),
                (0.00227448093, -0.0265, 0.0106873661),
                (0.00237930785, -0.0265, 0.0104210483),
                (0.00250314357, -0.0265, 0.0101630201),
                (0.00264533795, -0.0265, 0.00991463611),
                (0.00280514447, -0.0265, 0.00967720037),
                (0.00298172412, -0.0265, 0.00945195944),
                (0.00317414986, -0.0265, 0.00924009583),
                (0.00338141145, -0.0265, 0.00904272186),
                (0.00360242075, -0.0265, 0.00886087373),
                (0.00383601745, -0.0265, 0.00869550616),
                (0.00408097517, -0.0265, 0.00854748734),
                (0.00433600785, -0.0265, 0.00841759437),
                (0.00459977657, -0.0265, 0.00830650919),
                (0.00487089652, -0.0265, 0.00821481502),
                (0.00514794432, -0.0265, 0.00814299324),
                (0.00542946546, -0.0265, 0.00809142093),
                (0.00571398192, -0.0265, 0.00806036884),
                (-0.006, -0.0265, 0.00805),
                (-0.00571398192, -0.0265, 0.00806036884),
                (-0.00542946546, -0.0265, 0.00809142093),
                (-0.00514794432, -0.0265, 0.00814299324),
                (-0.00487089652, -0.0265, 0.00821481502),
                (-0.00459977656, -0.0265, 0.00830650919),
                (-0.00433600785, -0.0265, 0.00841759437),
                (-0.00408097517, -0.0265, 0.00854748734),
                (-0.00383601745, -0.0265, 0.00869550616),
                (-0.00360242075, -0.0265, 0.00886087373),
                (-0.00338141145, -0.0265, 0.00904272186),
                (-0.00317414986, -0.0265, 0.00924009583),
                (-0.00298172412, -0.0265, 0.00945195944),
                (-0.00280514447, -0.0265, 0.00967720037),
                (-0.00264533795, -0.0265, 0.00991463611),
                (-0.00250314357, -0.0265, 0.0101630201),
                (-0.00237930785, -0.0265, 0.0104210483),
                (-0.00227448093, -0.0265, 0.0106873661),
                (-0.00218921316, -0.0265, 0.0109605753),
                (-0.0021239522, -0.0265, 0.0112392415),
                (-0.00207904067, -0.0265, 0.0115219018),
                (-0.00205471436, -0.0265, 0.011807072),
                (-0.00205110098, -0.0265, 0.0120932552),
                (-0.00206821951, -0.0265, 0.0123789487),
                (-0.00210598006, -0.0265, 0.0126626528),
                (-0.00216418441, -0.0265, 0.0129428779),
                (-0.00224252696, -0.0265, 0.0132181528),
                (-0.00234059642, -0.0265, 0.0134870324),
                (-0.00245787793, -0.0265, 0.013748105),
                (-0.00954212207, -0.0265, 0.013748105),
                (-0.00965940358, -0.0265, 0.0134870324),
                (-0.00975747304, -0.0265, 0.0132181528),
                (-0.00983581559, -0.0265, 0.0129428779),
                (-0.00989401994, -0.0265, 0.0126626528),
                (-0.00993178049, -0.0265, 0.0123789487),
                (-0.00994889902, -0.0265, 0.0120932552),
                (-0.00994528564, -0.0265, 0.011807072),
                (-0.00992095933, -0.0265, 0.0115219018),
                (-0.0098760478, -0.0265, 0.0112392415),
                (-0.00981078684, -0.0265, 0.0109605753),
                (-0.00972551907, -0.0265, 0.0106873661),
                (-0.00962069215, -0.0265, 0.0104210483),
                (-0.00949685643, -0.0265, 0.0101630201),
                (-0.00935466205, -0.0265, 0.00991463611),
                (-0.00919485553, -0.0265, 0.00967720037),
                (-0.00901827588, -0.0265, 0.00945195944),
                (-0.00882585014, -0.0265, 0.00924009583),
                (-0.00861858855, -0.0265, 0.00904272186),
                (-0.00839757925, -0.0265, 0.00886087373),
                (-0.00816398255, -0.0265, 0.00869550616),
                (-0.00791902483, -0.0265, 0.00854748734),
                (-0.00766399215, -0.0265, 0.00841759437),
                (-0.00740022343, -0.0265, 0.00830650919),
                (-0.00712910348, -0.0265, 0.00821481502),
                (-0.00685205568, -0.0265, 0.00814299324),
                (-0.00657053454, -0.0265, 0.00809142093),
                (-0.00628601808, -0.0265, 0.00806036884),
                (-0.006, -0.0262, 0.00835),
                (-0.00965, -0.0262, 0.012),
                (-0.00963979386, -0.0262, 0.0117272352),
                (-0.00960923252, -0.0262, 0.0114559957),
                (-0.00955848688, -0.0262, 0.0111877986),
                (-0.00948784074, -0.0262, 0.0109241436),
                (-0.00939768918, -0.0262, 0.0106665053),
                (-0.00928853637, -0.0262, 0.0104163244),
                (-0.00916099272, -0.0262, 0.010175),
                (-0.00901577153, -0.0262, 0.00994388179),
                (-0.00885368491, -0.0262, 0.00972426222),
                (-0.00867563933, -0.0262, 0.00951736951),
                (-0.00848263049, -0.0262, 0.00932436067),
                (-0.00827573778, -0.0262, 0.00914631509),
                (-0.00805611821, -0.0262, 0.00898422847),
                (-0.007825, -0.0262, 0.00883900728),
                (-0.00758367565, -0.0262, 0.00871146363),
                (-0.00733349474, -0.0262, 0.00860231082),
                (-0.00707585639, -0.0262, 0.00851215926),
                (-0.00681220141, -0.0262, 0.00844151312),
                (-0.00654400427, -0.0262, 0.00839076748),
                (-0.00627276484, -0.0262, 0.00836020614),
                (-0.00919010819, -0.0262, 0.0137736149),
                (-0.00931018423, -0.0262, 0.0135379143),
                (-0.00941287437, -0.0262, 0.0132941362),
                (-0.00949763926, -0.0262, 0.013043561),
                (-0.0095640337, -0.0262, 0.0127875048),
                (-0.00961170897, -0.0262, 0.0125273124),
                (-0.00964041465, -0.0262, 0.0122643504),
                (-0.00572955624, -0.0262, 0.00836003294),
                (-0.00546059924, -0.0262, 0.00839007662),
                (-0.0051946076, -0.0262, 0.00843996586),
                (-0.00493304361, -0.0262, 0.0085094264),
                (-0.00467734521, -0.0262, 0.00859807638),
                (-0.00442891812, -0.0262, 0.00870542845),
                (-0.00418912805, -0.0262, 0.00883089243),
                (-0.00395929326, -0.0262, 0.0089737786),
                (-0.00374067725, -0.0262, 0.00913330142),
                (-0.00353448189, -0.0262, 0.00930858394),
                (-0.00334184071, -0.0262, 0.00949866252),
                (-0.00316381278, -0.0262, 0.00970249221),
                (-0.00300137679, -0.0262, 0.00991895246),
                (-0.00285542575, -0.0262, 0.0101468533),
                (-0.00272676201, -0.0262, 0.0103849418),
                (-0.00261609292, -0.0262, 0.0106319091),
                (-0.00252402686, -0.0262, 0.0108863974),
                (-0.00245106997, -0.0262, 0.0111470078),
                (-0.00239762334, -0.0262, 0.0114123075),
                (-0.00236398079, -0.0262, 0.0116808381),
                (-0.00235032727, -0.0262, 0.0119511233),
                (-0.00235673783, -0.0262, 0.0122216771),
                (-0.00238317724, -0.0262, 0.0124910123),
                (-0.00242950014, -0.0262, 0.0127576482),
                (-0.00249545188, -0.0262, 0.0130201189),
                (-0.00258066989, -0.0262, 0.0132769814),
                (-0.00268468567, -0.0262, 0.0135268238),
                (-0.00280692741, -0.0262, 0.0137682724),
                (-0.00280692741, -0.0235, 0.0137682724),
                (-0.00268468567, -0.0235, 0.0135268238),
                (-0.00258066989, -0.0235, 0.0132769814),
                (-0.00249545188, -0.0235, 0.0130201189),
                (-0.00242950014, -0.0235, 0.0127576482),
                (-0.00238317724, -0.0235, 0.0124910123),
                (-0.00235673783, -0.0235, 0.0122216771),
                (-0.00235032727, -0.0235, 0.0119511233),
                (-0.00236398079, -0.0235, 0.0116808381),
                (-0.00239762334, -0.0235, 0.0114123075),
                (-0.00245106997, -0.0235, 0.0111470078),
                (-0.00252402686, -0.0235, 0.0108863974),
                (-0.00261609292, -0.0235, 0.0106319091),
                (-0.00272676201, -0.0235, 0.0103849418),
                (-0.00285542575, -0.0235, 0.0101468533),
                (-0.00300137679, -0.0235, 0.00991895246),
                (-0.00316381278, -0.0235, 0.00970249221),
                (-0.00334184071, -0.0235, 0.00949866252),
                (-0.00353448189, -0.0235, 0.00930858394),
                (-0.00374067725, -0.0235, 0.00913330142),
                (-0.00395929326, -0.0235, 0.0089737786),
                (-0.00418912805, -0.0235, 0.00883089243),
                (-0.00442891812, -0.0235, 0.00870542845),
                (-0.00467734521, -0.0235, 0.00859807638),
                (-0.00493304361, -0.0235, 0.0085094264),
                (-0.0051946076, -0.0235, 0.00843996586),
                (-0.00546059924, -0.0235, 0.00839007662),
                (-0.00572955624, -0.0235, 0.00836003294),
                (-0.006, -0.0235, 0.00835),
                (-0.00627044376, -0.0235, 0.00836003294),
                (-0.00653940076, -0.0235, 0.00839007662),
                (-0.0068053924, -0.0235, 0.00843996586),
                (-0.00706695639, -0.0235, 0.0085094264),
                (-0.00732265479, -0.0235, 0.00859807638),
                (-0.00757108188, -0.0235, 0.00870542845),
                (-0.00781087195, -0.0235, 0.00883089243),
                (-0.00804070674, -0.0235, 0.0089737786),
                (-0.00825932275, -0.0235, 0.00913330142),
                (-0.00846551811, -0.0235, 0.00930858394),
                (-0.00865815929, -0.0235, 0.00949866252),
                (-0.00883618722, -0.0235, 0.00970249221),
                (-0.0089986232, -0.0235, 0.00991895246),
                (-0.00914457425, -0.0235, 0.0101468533),
                (-0.00927323798, -0.0235, 0.0103849418),
                (-0.00938390708, -0.0235, 0.0106319091),
                (-0.00947597314, -0.0235, 0.0108863974),
                (-0.00954893003, -0.0235, 0.0111470078),
                (-0.00960237666, -0.0235, 0.0114123075),
                (-0.00963601921, -0.0235, 0.0116808381),
                (-0.00964967273, -0.0235, 0.0119511233),
                (-0.00964326217, -0.0235, 0.0122216771),
                (-0.00961682276, -0.0235, 0.0124910123),
                (-0.00957049986, -0.0235, 0.0127576482),
                (-0.00950454812, -0.0235, 0.0130201189),
                (-0.00941933011, -0.0235, 0.0132769814),
                (-0.00931531433, -0.0235, 0.0135268238),
                (-0.00919307259, -0.0235, 0.0137682724),
                (-0.00506385089, -0.0235, 0.0139354909),
                (-0.00492191718, -0.0235, 0.0138601713),
                (-0.00478600492, -0.0235, 0.0137744622),
                (-0.00465687323, -0.0235, 0.013678842),
                (-0.00453524335, -0.0235, 0.013573845),
                (-0.00442179462, -0.0235, 0.0134600575),
                (-0.0043171607, -0.0235, 0.0133381151),
                (-0.004221926, -0.0235, 0.0132086988),
                (-0.00413662244, -0.0235, 0.0130725316),
                (-0.00406172646, -0.0235, 0.012930374),
                (-0.00399765639, -0.0235, 0.0127830198),
                (-0.00394477008, -0.0235, 0.0126312923),
                (-0.00390336292, -0.0235, 0.0124760388),
                (-0.00387366617, -0.0235, 0.0123181264),
                (-0.00385584571, -0.0235, 0.0121584373),
                (-0.00385000106, -0.0235, 0.0119978631),
                (-0.00385616488, -0.0235, 0.011837301),
                (-0.00387430273, -0.0235, 0.0116776475),
                (-0.00390431332, -0.0235, 0.0115197945),
                (-0.00394602901, -0.0235, 0.0113646236),
                (-0.00399921682, -0.0235, 0.0112130015),
                (-0.00406357967, -0.0235, 0.011065775),
                (-0.00413875808, -0.0235, 0.0109237665),
                (-0.00422433214, -0.0235, 0.0107877691),
                (-0.00431982391, -0.0235, 0.0106585425),
                (-0.00442470001, -0.0235, 0.0105368083),
                (-0.0045383747, -0.0235, 0.0104232465),
                (-0.00466021305, -0.0235, 0.0103184915),
                (-0.00478953456, -0.0235, 0.0102231282),
                (-0.00492561692, -0.0235, 0.0101376893),
                (-0.00506770007, -0.0235, 0.0100626521),
                (-0.00521499043, -0.0235, 0.00999843562),
                (-0.00536666533, -0.0235, 0.00994539853),
                (-0.00552187761, -0.0235, 0.00990383708),
                (-0.00567976037, -0.0235, 0.0098739834),
                (-0.00583943177, -0.0235, 0.00985600423),
                (-0.006, -0.0235, 0.00985),
                (-0.00616056823, -0.0235, 0.00985600423),
                (-0.00632023963, -0.0235, 0.0098739834),
                (-0.00647812239, -0.0235, 0.00990383708),
                (-0.00663333467, -0.0235, 0.00994539853),
                (-0.00678500957, -0.0235, 0.00999843562),
                (-0.00693229993, -0.0235, 0.0100626521),
                (-0.00707438308, -0.0235, 0.0101376893),
                (-0.00721046544, -0.0235, 0.0102231282),
                (-0.00733978695, -0.0235, 0.0103184915),
                (-0.0074616253, -0.0235, 0.0104232465),
                (-0.00757529999, -0.0235, 0.0105368083),
                (-0.00768017609, -0.0235, 0.0106585425),
                (-0.00777566786, -0.0235, 0.0107877691),
                (-0.00786124192, -0.0235, 0.0109237665),
                (-0.00793642033, -0.0235, 0.011065775),
                (-0.00800078318, -0.0235, 0.0112130015),
                (-0.00805397099, -0.0235, 0.0113646236),
                (-0.00809568668, -0.0235, 0.0115197945),
                (-0.00812569727, -0.0235, 0.0116776475),
                (-0.00814383512, -0.0235, 0.011837301),
                (-0.00814999894, -0.0235, 0.0119978631),
                (-0.00814415429, -0.0235, 0.0121584373),
                (-0.00812633383, -0.0235, 0.0123181264),
                (-0.00809663708, -0.0235, 0.0124760388),
                (-0.00805522992, -0.0235, 0.0126312923),
                (-0.00800234361, -0.0235, 0.0127830198),
                (-0.00793827354, -0.0235, 0.012930374),
                (-0.00786337756, -0.0235, 0.0130725316),
                (-0.007778074, -0.0235, 0.0132086988),
                (-0.0076828393, -0.0235, 0.0133381151),
                (-0.00757820538, -0.0235, 0.0134600575),
                (-0.00746475665, -0.0235, 0.013573845),
                (-0.00734312677, -0.0235, 0.013678842),
                (-0.00721399508, -0.0235, 0.0137744622),
                (-0.00707808282, -0.0235, 0.0138601713),
                (-0.00693614911, -0.0235, 0.0139354909),
                (-0.006, -0.0215, 0.00985),
                (-0.00583943177, -0.0215, 0.00985600423),
                (-0.00567976037, -0.0215, 0.0098739834),
                (-0.00552187761, -0.0215, 0.00990383708),
                (-0.00536666533, -0.0215, 0.00994539853),
                (-0.00521499043, -0.0215, 0.00999843562),
                (-0.00506770007, -0.0215, 0.0100626521),
                (-0.00492561692, -0.0215, 0.0101376893),
                (-0.00478953456, -0.0215, 0.0102231282),
                (-0.00466021305, -0.0215, 0.0103184915),
                (-0.0045383747, -0.0215, 0.0104232465),
                (-0.00442470001, -0.0215, 0.0105368083),
                (-0.00431982391, -0.0215, 0.0106585425),
                (-0.00422433214, -0.0215, 0.0107877691),
                (-0.00413875808, -0.0215, 0.0109237665),
                (-0.00406357967, -0.0215, 0.011065775),
                (-0.00399921682, -0.0215, 0.0112130015),
                (-0.00394602901, -0.0215, 0.0113646236),
                (-0.00390431332, -0.0215, 0.0115197945),
                (-0.00387430273, -0.0215, 0.0116776475),
                (-0.00385616488, -0.0215, 0.011837301),
                (-0.00385000106, -0.0215, 0.0119978631),
                (-0.00385584571, -0.0215, 0.0121584373),
                (-0.00387366617, -0.0215, 0.0123181264),
                (-0.00390336292, -0.0215, 0.0124760388),
                (-0.00394477008, -0.0215, 0.0126312923),
                (-0.00399765639, -0.0215, 0.0127830198),
                (-0.00406172646, -0.0215, 0.012930374),
                (-0.00413662244, -0.0215, 0.0130725316),
                (-0.004221926, -0.0215, 0.0132086988),
                (-0.0043171607, -0.0215, 0.0133381151),
                (-0.00442179462, -0.0215, 0.0134600575),
                (-0.00453524335, -0.0215, 0.013573845),
                (-0.00465687323, -0.0215, 0.013678842),
                (-0.00478600492, -0.0215, 0.0137744622),
                (-0.00492191718, -0.0215, 0.0138601713),
                (-0.00506385089, -0.0215, 0.0139354909),
                (-0.00693614911, -0.0215, 0.0139354909),
                (-0.00707808282, -0.0215, 0.0138601713),
                (-0.00721399508, -0.0215, 0.0137744622),
                (-0.00734312677, -0.0215, 0.013678842),
                (-0.00746475665, -0.0215, 0.013573845),
                (-0.00757820538, -0.0215, 0.0134600575),
                (-0.0076828393, -0.0215, 0.0133381151),
                (-0.007778074, -0.0215, 0.0132086988),
                (-0.00786337756, -0.0215, 0.0130725316),
                (-0.00793827354, -0.0215, 0.012930374),
                (-0.00800234361, -0.0215, 0.0127830198),
                (-0.00805522992, -0.0215, 0.0126312923),
                (-0.00809663708, -0.0215, 0.0124760388),
                (-0.00812633383, -0.0215, 0.0123181264),
                (-0.00814415429, -0.0215, 0.0121584373),
                (-0.00814999894, -0.0215, 0.0119978631),
                (-0.00814383512, -0.0215, 0.011837301),
                (-0.00812569727, -0.0215, 0.0116776475),
                (-0.00809568668, -0.0215, 0.0115197945),
                (-0.00805397099, -0.0215, 0.0113646236),
                (-0.00800078318, -0.0215, 0.0112130015),
                (-0.00793642033, -0.0215, 0.011065775),
                (-0.00786124192, -0.0215, 0.0109237665),
                (-0.00777566786, -0.0215, 0.0107877691),
                (-0.00768017609, -0.0215, 0.0106585425),
                (-0.00757529999, -0.0215, 0.0105368083),
                (-0.0074616253, -0.0215, 0.0104232465),
                (-0.00733978695, -0.0215, 0.0103184915),
                (-0.00721046544, -0.0215, 0.0102231282),
                (-0.00707438308, -0.0215, 0.0101376893),
                (-0.00693229993, -0.0215, 0.0100626521),
                (-0.00678500957, -0.0215, 0.00999843562),
                (-0.00663333467, -0.0215, 0.00994539853),
                (-0.00647812239, -0.0215, 0.00990383708),
                (-0.00632023963, -0.0215, 0.0098739834),
                (-0.00616056823, -0.0215, 0.00985600423),
                (-0.00919307259, -0.0215, 0.0137682724),
                (-0.00931531433, -0.0215, 0.0135268238),
                (-0.00941933011, -0.0215, 0.0132769814),
                (-0.00950454812, -0.0215, 0.0130201189),
                (-0.00957049986, -0.0215, 0.0127576482),
                (-0.00961682276, -0.0215, 0.0124910123),
                (-0.00964326217, -0.0215, 0.0122216771),
                (-0.00964967273, -0.0215, 0.0119511233),
                (-0.00963601921, -0.0215, 0.0116808381),
                (-0.00960237666, -0.0215, 0.0114123075),
                (-0.00954893003, -0.0215, 0.0111470078),
                (-0.00947597314, -0.0215, 0.0108863974),
                (-0.00938390708, -0.0215, 0.0106319091),
                (-0.00927323798, -0.0215, 0.0103849418),
                (-0.00914457425, -0.0215, 0.0101468533),
                (-0.0089986232, -0.0215, 0.00991895246),
                (-0.00883618722, -0.0215, 0.00970249221),
                (-0.00865815929, -0.0215, 0.00949866252),
                (-0.00846551811, -0.0215, 0.00930858394),
                (-0.00825932275, -0.0215, 0.00913330142),
                (-0.00804070674, -0.0215, 0.0089737786),
                (-0.00781087195, -0.0215, 0.00883089243),
                (-0.00757108188, -0.0215, 0.00870542845),
                (-0.00732265479, -0.0215, 0.00859807638),
                (-0.00706695639, -0.0215, 0.0085094264),
                (-0.0068053924, -0.0215, 0.00843996586),
                (-0.00653940076, -0.0215, 0.00839007662),
                (-0.00627044376, -0.0215, 0.00836003294),
                (-0.006, -0.0215, 0.00835),
                (-0.00572955624, -0.0215, 0.00836003294),
                (-0.00546059924, -0.0215, 0.00839007662),
                (-0.0051946076, -0.0215, 0.00843996586),
                (-0.00493304361, -0.0215, 0.0085094264),
                (-0.00467734521, -0.0215, 0.00859807638),
                (-0.00442891812, -0.0215, 0.00870542845),
                (-0.00418912805, -0.0215, 0.00883089243),
                (-0.00395929326, -0.0215, 0.0089737786),
                (-0.00374067725, -0.0215, 0.00913330142),
                (-0.00353448189, -0.0215, 0.00930858394),
                (-0.00334184071, -0.0215, 0.00949866252),
                (-0.00316381278, -0.0215, 0.00970249221),
                (-0.00300137679, -0.0215, 0.00991895246),
                (-0.00285542575, -0.0215, 0.0101468533),
                (-0.00272676201, -0.0215, 0.0103849418),
                (-0.00261609292, -0.0215, 0.0106319091),
                (-0.00252402686, -0.0215, 0.0108863974),
                (-0.00245106997, -0.0215, 0.0111470078),
                (-0.00239762334, -0.0215, 0.0114123075),
                (-0.00236398079, -0.0215, 0.0116808381),
                (-0.00235032727, -0.0215, 0.0119511233),
                (-0.00235673783, -0.0215, 0.0122216771),
                (-0.00238317724, -0.0215, 0.0124910123),
                (-0.00242950014, -0.0215, 0.0127576482),
                (-0.00249545188, -0.0215, 0.0130201189),
                (-0.00258066989, -0.0215, 0.0132769814),
                (-0.00268468567, -0.0215, 0.0135268238),
                (-0.00280692741, -0.0215, 0.0137682724),
                (-0.006, -0.0188, 0.00835),
                (-0.00627044376, -0.0188, 0.00836003294),
                (-0.00653940076, -0.0188, 0.00839007662),
                (-0.0068053924, -0.0188, 0.00843996586),
                (-0.00706695639, -0.0188, 0.0085094264),
                (-0.00732265479, -0.0188, 0.00859807638),
                (-0.00757108188, -0.0188, 0.00870542845),
                (-0.00781087195, -0.0188, 0.00883089243),
                (-0.00804070674, -0.0188, 0.0089737786),
                (-0.00825932275, -0.0188, 0.00913330142),
                (-0.00846551811, -0.0188, 0.00930858394),
                (-0.00865815929, -0.0188, 0.00949866252),
                (-0.00883618722, -0.0188, 0.00970249221),
                (-0.0089986232, -0.0188, 0.00991895246),
                (-0.00914457425, -0.0188, 0.0101468533),
                (-0.00927323798, -0.0188, 0.0103849418),
                (-0.00938390708, -0.0188, 0.0106319091),
                (-0.00947597314, -0.0188, 0.0108863974),
                (-0.00954893003, -0.0188, 0.0111470078),
                (-0.00960237666, -0.0188, 0.0114123075),
                (-0.00963601921, -0.0188, 0.0116808381),
                (-0.00964967273, -0.0188, 0.0119511233),
                (-0.00964326217, -0.0188, 0.0122216771),
                (-0.00961682276, -0.0188, 0.0124910123),
                (-0.00957049986, -0.0188, 0.0127576482),
                (-0.00950454812, -0.0188, 0.0130201189),
                (-0.00941933011, -0.0188, 0.0132769814),
                (-0.00931531433, -0.0188, 0.0135268238),
                (-0.00919307259, -0.0188, 0.0137682724),
                (-0.00245565815, -0.0185, 0.0137436),
                (-0.00233682686, -0.0185, 0.0134777221),
                (-0.00223790782, -0.0185, 0.0132038116),
                (-0.00215943872, -0.0185, 0.0129233575),
                (-0.00210184611, -0.0185, 0.0126378842),
                (-0.00206544304, -0.0185, 0.0123489435),
                (-0.0020504274, -0.0185, 0.012058106),
                (-0.00205688081, -0.0185, 0.0117669526),
                (-0.00208476819, -0.0185, 0.0114770661),
                (-0.00213393795, -0.0185, 0.0111900221),
                (-0.00220412282, -0.0185, 0.0109073809),
                (-0.00229494127, -0.0185, 0.0106306791),
                (-0.00240589965, -0.0185, 0.0103614205),
                (-0.00253639481, -0.0185, 0.010101069),
                (-0.0026857174, -0.0185, 0.00985103959),
                (-0.00285305573, -0.0185, 0.00961269152),
                (-0.00303750019, -0.0185, 0.00938732036),
                (-0.00323804818, -0.0185, 0.00917615118),
                (-0.00345360957, -0.0185, 0.00898033185),
                (-0.00368301259, -0.0185, 0.0088009268),
                (-0.00392501028, -0.0185, 0.00863891124),
                (-0.00417828717, -0.0185, 0.00849516586),
                (-0.00444146652, -0.0185, 0.00837047202),
                (-0.00471311772, -0.0185, 0.00826550753),
                (-0.00499176415, -0.0185, 0.00818084296),
                (-0.00527589113, -0.0185, 0.00811693853),
                (-0.00556395422, -0.0185, 0.00807414161),
                (-0.00585438757, -0.0185, 0.00805268483),
                (-0.00614561243, -0.0185, 0.00805268483),
                (-0.00643604577, -0.0185, 0.00807414161),
                (-0.00672410887, -0.0185, 0.00811693853),
                (-0.00700823585, -0.0185, 0.00818084296),
                (-0.00728688228, -0.0185, 0.00826550753),
                (-0.00755853348, -0.0185, 0.00837047202),
                (-0.00782171283, -0.0185, 0.00849516586),
                (-0.00807498972, -0.0185, 0.00863891124),
                (-0.00831698741, -0.0185, 0.0088009268),
                (-0.00854639043, -0.0185, 0.00898033185),
                (-0.00876195182, -0.0185, 0.00917615118),
                (-0.00896249981, -0.0185, 0.00938732036),
                (-0.00914694427, -0.0185, 0.00961269152),
                (-0.0093142826, -0.0185, 0.00985103959),
                (-0.00946360519, -0.0185, 0.010101069),
                (-0.00959410035, -0.0185, 0.0103614205),
                (-0.00970505873, -0.0185, 0.0106306791),
                (-0.00979587718, -0.0185, 0.0109073809),
                (-0.00986606205, -0.0185, 0.0111900221),
                (-0.00991523181, -0.0185, 0.0114770661),
                (-0.00994311919, -0.0185, 0.0117669526),
                (-0.0099495726, -0.0185, 0.012058106),
                (-0.00993455696, -0.0185, 0.0123489435),
                (-0.00989815389, -0.0185, 0.0126378842),
                (-0.00984056128, -0.0185, 0.0129233575),
                (-0.00976209218, -0.0185, 0.0132038116),
                (-0.00966317314, -0.0185, 0.0134777221),
                (-0.00954434185, -0.0185, 0.0137436),
                (-0.00235, -0.0188, 0.012),
                (-0.00236020614, -0.0188, 0.0117272352),
                (-0.00239076748, -0.0188, 0.0114559957),
                (-0.00244151312, -0.0188, 0.0111877986),
                (-0.00251215926, -0.0188, 0.0109241436),
                (-0.00260231082, -0.0188, 0.0106665053),
                (-0.00271146363, -0.0188, 0.0104163244),
                (-0.00283900728, -0.0188, 0.010175),
                (-0.00298422847, -0.0188, 0.00994388179),
                (-0.00314631509, -0.0188, 0.00972426222),
                (-0.00332436067, -0.0188, 0.00951736951),
                (-0.00351736951, -0.0188, 0.00932436067),
                (-0.00372426222, -0.0188, 0.00914631509),
                (-0.00394388179, -0.0188, 0.00898422847),
                (-0.004175, -0.0188, 0.00883900728),
                (-0.00441632435, -0.0188, 0.00871146363),
                (-0.00466650526, -0.0188, 0.00860231082),
                (-0.00492414361, -0.0188, 0.00851215926),
                (-0.00518779859, -0.0188, 0.00844151312),
                (-0.00545599573, -0.0188, 0.00839076748),
                (-0.00572723516, -0.0188, 0.00836020614),
                (-0.00280989181, -0.0188, 0.0137736149),
                (-0.00268981577, -0.0188, 0.0135379143),
                (-0.00258712563, -0.0188, 0.0132941362),
                (-0.00250236074, -0.0188, 0.013043561),
                (-0.0024359663, -0.0188, 0.0127875048),
                (-0.00238829103, -0.0188, 0.0125273124),
                (-0.00235958534, -0.0188, 0.0122643504),
                (0.006, -0.0262, 0.00835),
                (0.00235, -0.0262, 0.012),
                (0.00236020614, -0.0262, 0.0117272352),
                (0.00239076748, -0.0262, 0.0114559957),
                (0.00244151312, -0.0262, 0.0111877986),
                (0.00251215926, -0.0262, 0.0109241436),
                (0.00260231082, -0.0262, 0.0106665053),
                (0.00271146363, -0.0262, 0.0104163244),
                (0.00283900728, -0.0262, 0.010175),
                (0.00298422847, -0.0262, 0.00994388179),
                (0.00314631509, -0.0262, 0.00972426222),
                (0.00332436067, -0.0262, 0.00951736951),
                (0.00351736951, -0.0262, 0.00932436067),
                (0.00372426222, -0.0262, 0.00914631509),
                (0.00394388179, -0.0262, 0.00898422847),
                (0.004175, -0.0262, 0.00883900728),
                (0.00441632435, -0.0262, 0.00871146363),
                (0.00466650526, -0.0262, 0.00860231082),
                (0.00492414361, -0.0262, 0.00851215926),
                (0.00518779859, -0.0262, 0.00844151312),
                (0.00545599573, -0.0262, 0.00839076748),
                (0.00572723516, -0.0262, 0.00836020614),
                (0.00280989181, -0.0262, 0.0137736149),
                (0.00268981577, -0.0262, 0.0135379143),
                (0.00258712563, -0.0262, 0.0132941362),
                (0.00250236074, -0.0262, 0.013043561),
                (0.0024359663, -0.0262, 0.0127875048),
                (0.00238829103, -0.0262, 0.0125273124),
                (0.00235958535, -0.0262, 0.0122643504),
                (0.00627044376, -0.0262, 0.00836003294),
                (0.00653940076, -0.0262, 0.00839007662),
                (0.0068053924, -0.0262, 0.00843996586),
                (0.00706695639, -0.0262, 0.0085094264),
                (0.00732265479, -0.0262, 0.00859807638),
                (0.00757108188, -0.0262, 0.00870542845),
                (0.00781087195, -0.0262, 0.00883089243),
                (0.00804070674, -0.0262, 0.0089737786),
                (0.00825932275, -0.0262, 0.00913330142),
                (0.00846551811, -0.0262, 0.00930858394),
                (0.00865815929, -0.0262, 0.00949866252),
                (0.00883618722, -0.0262, 0.00970249221),
                (0.00899862321, -0.0262, 0.00991895246),
                (0.00914457425, -0.0262, 0.0101468533),
                (0.00927323799, -0.0262, 0.0103849418),
                (0.00938390708, -0.0262, 0.0106319091),
                (0.00947597314, -0.0262, 0.0108863974),
                (0.00954893003, -0.0262, 0.0111470078),
                (0.00960237666, -0.0262, 0.0114123075),
                (0.00963601921, -0.0262, 0.0116808381),
                (0.00964967273, -0.0262, 0.0119511233),
                (0.00964326217, -0.0262, 0.0122216771),
                (0.00961682276, -0.0262, 0.0124910123),
                (0.00957049986, -0.0262, 0.0127576482),
                (0.00950454812, -0.0262, 0.0130201189),
                (0.00941933011, -0.0262, 0.0132769814),
                (0.00931531433, -0.0262, 0.0135268238),
                (0.00919307259, -0.0262, 0.0137682724),
                (0.00919307259, -0.0235, 0.0137682724),
                (0.00931531433, -0.0235, 0.0135268238),
                (0.00941933011, -0.0235, 0.0132769814),
                (0.00950454812, -0.0235, 0.0130201189),
                (0.00957049986, -0.0235, 0.0127576482),
                (0.00961682276, -0.0235, 0.0124910123),
                (0.00964326217, -0.0235, 0.0122216771),
                (0.00964967273, -0.0235, 0.0119511233),
                (0.00963601921, -0.0235, 0.0116808381),
                (0.00960237666, -0.0235, 0.0114123075),
                (0.00954893003, -0.0235, 0.0111470078),
                (0.00947597314, -0.0235, 0.0108863974),
                (0.00938390708, -0.0235, 0.0106319091),
                (0.00927323799, -0.0235, 0.0103849418),
                (0.00914457425, -0.0235, 0.0101468533),
                (0.00899862321, -0.0235, 0.00991895246),
                (0.00883618722, -0.0235, 0.00970249221),
                (0.00865815929, -0.0235, 0.00949866252),
                (0.00846551811, -0.0235, 0.00930858394),
                (0.00825932275, -0.0235, 0.00913330142),
                (0.00804070674, -0.0235, 0.0089737786),
                (0.00781087195, -0.0235, 0.00883089243),
                (0.00757108188, -0.0235, 0.00870542845),
                (0.00732265479, -0.0235, 0.00859807638),
                (0.00706695639, -0.0235, 0.0085094264),
                (0.0068053924, -0.0235, 0.00843996586),
                (0.00653940076, -0.0235, 0.00839007662),
                (0.00627044376, -0.0235, 0.00836003294),
                (0.006, -0.0235, 0.00835),
                (0.00572955624, -0.0235, 0.00836003294),
                (0.00546059924, -0.0235, 0.00839007662),
                (0.0051946076, -0.0235, 0.00843996586),
                (0.00493304361, -0.0235, 0.0085094264),
                (0.00467734521, -0.0235, 0.00859807638),
                (0.00442891812, -0.0235, 0.00870542845),
                (0.00418912805, -0.0235, 0.00883089243),
                (0.00395929326, -0.0235, 0.0089737786),
                (0.00374067725, -0.0235, 0.00913330142),
                (0.00353448189, -0.0235, 0.00930858394),
                (0.00334184071, -0.0235, 0.00949866252),
                (0.00316381278, -0.0235, 0.00970249221),
                (0.0030013768, -0.0235, 0.00991895246),
                (0.00285542575, -0.0235, 0.0101468533),
                (0.00272676202, -0.0235, 0.0103849418),
                (0.00261609292, -0.0235, 0.0106319091),
                (0.00252402686, -0.0235, 0.0108863974),
                (0.00245106997, -0.0235, 0.0111470078),
                (0.00239762334, -0.0235, 0.0114123075),
                (0.00236398079, -0.0235, 0.0116808381),
                (0.00235032727, -0.0235, 0.0119511233),
                (0.00235673783, -0.0235, 0.0122216771),
                (0.00238317724, -0.0235, 0.0124910123),
                (0.00242950014, -0.0235, 0.0127576482),
                (0.00249545188, -0.0235, 0.0130201189),
                (0.00258066989, -0.0235, 0.0132769814),
                (0.00268468567, -0.0235, 0.0135268238),
                (0.00280692741, -0.0235, 0.0137682724),
                (0.006, -0.0235, 0.00985),
                (0.00583943177, -0.0235, 0.00985600423),
                (0.00567976037, -0.0235, 0.0098739834),
                (0.00552187761, -0.0235, 0.00990383708),
                (0.00536666533, -0.0235, 0.00994539853),
                (0.00521499043, -0.0235, 0.00999843562),
                (0.00506770007, -0.0235, 0.0100626521),
                (0.00492561692, -0.0235, 0.0101376893),
                (0.00478953456, -0.0235, 0.0102231282),
                (0.00466021305, -0.0235, 0.0103184915),
                (0.0045383747, -0.0235, 0.0104232465),
                (0.00442470001, -0.0235, 0.0105368083),
                (0.00431982391, -0.0235, 0.0106585425),
                (0.00422433214, -0.0235, 0.0107877691),
                (0.00413875808, -0.0235, 0.0109237665),
                (0.00406357967, -0.0235, 0.011065775),
                (0.00399921682, -0.0235, 0.0112130015),
                (0.00394602901, -0.0235, 0.0113646236),
                (0.00390431332, -0.0235, 0.0115197945),
                (0.00387430273, -0.0235, 0.0116776475),
                (0.00385616488, -0.0235, 0.011837301),
                (0.00385000106, -0.0235, 0.0119978631),
                (0.00385584571, -0.0235, 0.0121584373),
                (0.00387366617, -0.0235, 0.0123181264),
                (0.00390336292, -0.0235, 0.0124760388),
                (0.00394477008, -0.0235, 0.0126312923),
                (0.00399765639, -0.0235, 0.0127830198),
                (0.00406172646, -0.0235, 0.012930374),
                (0.00413662244, -0.0235, 0.0130725316),
                (0.004221926, -0.0235, 0.0132086988),
                (0.0043171607, -0.0235, 0.0133381151),
                (0.00442179462, -0.0235, 0.0134600575),
                (0.00453524335, -0.0235, 0.013573845),
                (0.00465687323, -0.0235, 0.013678842),
                (0.00478600492, -0.0235, 0.0137744622),
                (0.00492191718, -0.0235, 0.0138601713),
                (0.00506385089, -0.0235, 0.0139354909),
                (0.00693614911, -0.0235, 0.0139354909),
                (0.00707808282, -0.0235, 0.0138601713),
                (0.00721399508, -0.0235, 0.0137744622),
                (0.00734312677, -0.0235, 0.013678842),
                (0.00746475665, -0.0235, 0.013573845),
                (0.00757820538, -0.0235, 0.0134600575),
                (0.0076828393, -0.0235, 0.0133381151),
                (0.007778074, -0.0235, 0.0132086988),
                (0.00786337756, -0.0235, 0.0130725316),
                (0.00793827354, -0.0235, 0.012930374),
                (0.00800234361, -0.0235, 0.0127830198),
                (0.00805522992, -0.0235, 0.0126312923),
                (0.00809663708, -0.0235, 0.0124760388),
                (0.00812633383, -0.0235, 0.0123181264),
                (0.00814415429, -0.0235, 0.0121584373),
                (0.00814999894, -0.0235, 0.0119978631),
                (0.00814383512, -0.0235, 0.011837301),
                (0.00812569727, -0.0235, 0.0116776475),
                (0.00809568668, -0.0235, 0.0115197945),
                (0.00805397099, -0.0235, 0.0113646236),
                (0.00800078318, -0.0235, 0.0112130015),
                (0.00793642033, -0.0235, 0.011065775),
                (0.00786124192, -0.0235, 0.0109237665),
                (0.00777566786, -0.0235, 0.0107877691),
                (0.00768017609, -0.0235, 0.0106585425),
                (0.00757529999, -0.0235, 0.0105368083),
                (0.0074616253, -0.0235, 0.0104232465),
                (0.00733978695, -0.0235, 0.0103184915),
                (0.00721046544, -0.0235, 0.0102231282),
                (0.00707438308, -0.0235, 0.0101376893),
                (0.00693229993, -0.0235, 0.0100626521),
                (0.00678500957, -0.0235, 0.00999843562),
                (0.00663333467, -0.0235, 0.00994539853),
                (0.00647812239, -0.0235, 0.00990383708),
                (0.00632023963, -0.0235, 0.0098739834),
                (0.00616056823, -0.0235, 0.00985600423),
                (0.006, -0.0215, 0.00985),
                (0.00506385089, -0.0215, 0.0139354909),
                (0.00492191718, -0.0215, 0.0138601713),
                (0.00478600492, -0.0215, 0.0137744622),
                (0.00465687323, -0.0215, 0.013678842),
                (0.00453524335, -0.0215, 0.013573845),
                (0.00442179462, -0.0215, 0.0134600575),
                (0.0043171607, -0.0215, 0.0133381151),
                (0.004221926, -0.0215, 0.0132086988),
                (0.00413662244, -0.0215, 0.0130725316),
                (0.00406172646, -0.0215, 0.012930374),
                (0.00399765639, -0.0215, 0.0127830198),
                (0.00394477008, -0.0215, 0.0126312923),
                (0.00390336292, -0.0215, 0.0124760388),
                (0.00387366617, -0.0215, 0.0123181264),
                (0.00385584571, -0.0215, 0.0121584373),
                (0.00385000106, -0.0215, 0.0119978631),
                (0.00385616488, -0.0215, 0.011837301),
                (0.00387430273, -0.0215, 0.0116776475),
                (0.00390431332, -0.0215, 0.0115197945),
                (0.00394602901, -0.0215, 0.0113646236),
                (0.00399921682, -0.0215, 0.0112130015),
                (0.00406357967, -0.0215, 0.011065775),
                (0.00413875808, -0.0215, 0.0109237665),
                (0.00422433214, -0.0215, 0.0107877691),
                (0.00431982391, -0.0215, 0.0106585425),
                (0.00442470001, -0.0215, 0.0105368083),
                (0.0045383747, -0.0215, 0.0104232465),
                (0.00466021305, -0.0215, 0.0103184915),
                (0.00478953456, -0.0215, 0.0102231282),
                (0.00492561692, -0.0215, 0.0101376893),
                (0.00506770007, -0.0215, 0.0100626521),
                (0.00521499043, -0.0215, 0.00999843562),
                (0.00536666533, -0.0215, 0.00994539853),
                (0.00552187761, -0.0215, 0.00990383708),
                (0.00567976037, -0.0215, 0.0098739834),
                (0.00583943177, -0.0215, 0.00985600423),
                (0.00280692741, -0.0215, 0.0137682724),
                (0.00268468567, -0.0215, 0.0135268238),
                (0.00258066989, -0.0215, 0.0132769814),
                (0.00249545188, -0.0215, 0.0130201189),
                (0.00242950014, -0.0215, 0.0127576482),
                (0.00238317724, -0.0215, 0.0124910123),
                (0.00235673783, -0.0215, 0.0122216771),
                (0.00235032727, -0.0215, 0.0119511233),
                (0.00236398079, -0.0215, 0.0116808381),
                (0.00239762334, -0.0215, 0.0114123075),
                (0.00245106997, -0.0215, 0.0111470078),
                (0.00252402686, -0.0215, 0.0108863974),
                (0.00261609292, -0.0215, 0.0106319091),
                (0.00272676202, -0.0215, 0.0103849418),
                (0.00285542575, -0.0215, 0.0101468533),
                (0.0030013768, -0.0215, 0.00991895246),
                (0.00316381278, -0.0215, 0.00970249221),
                (0.00334184071, -0.0215, 0.00949866252),
                (0.00353448189, -0.0215, 0.00930858394),
                (0.00374067725, -0.0215, 0.00913330142),
                (0.00395929326, -0.0215, 0.0089737786),
                (0.00418912805, -0.0215, 0.00883089243),
                (0.00442891812, -0.0215, 0.00870542845),
                (0.00467734521, -0.0215, 0.00859807638),
                (0.00493304361, -0.0215, 0.0085094264),
                (0.0051946076, -0.0215, 0.00843996586),
                (0.00546059924, -0.0215, 0.00839007662),
                (0.00572955624, -0.0215, 0.00836003294),
                (0.006, -0.0215, 0.00835),
                (0.00627044376, -0.0215, 0.00836003294),
                (0.00653940076, -0.0215, 0.00839007662),
                (0.0068053924, -0.0215, 0.00843996586),
                (0.00706695639, -0.0215, 0.0085094264),
                (0.00732265479, -0.0215, 0.00859807638),
                (0.00757108188, -0.0215, 0.00870542845),
                (0.00781087195, -0.0215, 0.00883089243),
                (0.00804070674, -0.0215, 0.0089737786),
                (0.00825932275, -0.0215, 0.00913330142),
                (0.00846551811, -0.0215, 0.00930858394),
                (0.00865815929, -0.0215, 0.00949866252),
                (0.00883618722, -0.0215, 0.00970249221),
                (0.00899862321, -0.0215, 0.00991895246),
                (0.00914457425, -0.0215, 0.0101468533),
                (0.00927323799, -0.0215, 0.0103849418),
                (0.00938390708, -0.0215, 0.0106319091),
                (0.00947597314, -0.0215, 0.0108863974),
                (0.00954893003, -0.0215, 0.0111470078),
                (0.00960237666, -0.0215, 0.0114123075),
                (0.00963601921, -0.0215, 0.0116808381),
                (0.00964967273, -0.0215, 0.0119511233),
                (0.00964326217, -0.0215, 0.0122216771),
                (0.00961682276, -0.0215, 0.0124910123),
                (0.00957049986, -0.0215, 0.0127576482),
                (0.00950454812, -0.0215, 0.0130201189),
                (0.00941933011, -0.0215, 0.0132769814),
                (0.00931531433, -0.0215, 0.0135268238),
                (0.00919307259, -0.0215, 0.0137682724),
                (0.00616056823, -0.0215, 0.00985600423),
                (0.00632023963, -0.0215, 0.0098739834),
                (0.00647812239, -0.0215, 0.00990383708),
                (0.00663333467, -0.0215, 0.00994539853),
                (0.00678500957, -0.0215, 0.00999843562),
                (0.00693229993, -0.0215, 0.0100626521),
                (0.00707438308, -0.0215, 0.0101376893),
                (0.00721046544, -0.0215, 0.0102231282),
                (0.00733978695, -0.0215, 0.0103184915),
                (0.0074616253, -0.0215, 0.0104232465),
                (0.00757529999, -0.0215, 0.0105368083),
                (0.00768017609, -0.0215, 0.0106585425),
                (0.00777566786, -0.0215, 0.0107877691),
                (0.00786124192, -0.0215, 0.0109237665),
                (0.00793642033, -0.0215, 0.011065775),
                (0.00800078318, -0.0215, 0.0112130015),
                (0.00805397099, -0.0215, 0.0113646236),
                (0.00809568668, -0.0215, 0.0115197945),
                (0.00812569727, -0.0215, 0.0116776475),
                (0.00814383512, -0.0215, 0.011837301),
                (0.00814999894, -0.0215, 0.0119978631),
                (0.00814415429, -0.0215, 0.0121584373),
                (0.00812633383, -0.0215, 0.0123181264),
                (0.00809663708, -0.0215, 0.0124760388),
                (0.00805522992, -0.0215, 0.0126312923),
                (0.00800234361, -0.0215, 0.0127830198),
                (0.00793827354, -0.0215, 0.012930374),
                (0.00786337756, -0.0215, 0.0130725316),
                (0.007778074, -0.0215, 0.0132086988),
                (0.0076828393, -0.0215, 0.0133381151),
                (0.00757820538, -0.0215, 0.0134600575),
                (0.00746475665, -0.0215, 0.013573845),
                (0.00734312677, -0.0215, 0.013678842),
                (0.00721399508, -0.0215, 0.0137744622),
                (0.00707808282, -0.0215, 0.0138601713),
                (0.00693614911, -0.0215, 0.0139354909),
                (0.006, -0.0188, 0.00835),
                (0.00572955624, -0.0188, 0.00836003294),
                (0.00546059924, -0.0188, 0.00839007662),
                (0.0051946076, -0.0188, 0.00843996586),
                (0.00493304361, -0.0188, 0.0085094264),
                (0.00467734521, -0.0188, 0.00859807638),
                (0.00442891812, -0.0188, 0.00870542845),
                (0.00418912805, -0.0188, 0.00883089243),
                (0.00395929326, -0.0188, 0.0089737786),
                (0.00374067725, -0.0188, 0.00913330142),
                (0.00353448189, -0.0188, 0.00930858394),
                (0.00334184071, -0.0188, 0.00949866252),
                (0.00316381278, -0.0188, 0.00970249221),
                (0.0030013768, -0.0188, 0.00991895246),
                (0.00285542575, -0.0188, 0.0101468533),
                (0.00272676202, -0.0188, 0.0103849418),
                (0.00261609292, -0.0188, 0.0106319091),
                (0.00252402686, -0.0188, 0.0108863974),
                (0.00245106997, -0.0188, 0.0111470078),
                (0.00239762334, -0.0188, 0.0114123075),
                (0.00236398079, -0.0188, 0.0116808381),
                (0.00235032727, -0.0188, 0.0119511233),
                (0.00235673783, -0.0188, 0.0122216771),
                (0.00238317724, -0.0188, 0.0124910123),
                (0.00242950014, -0.0188, 0.0127576482),
                (0.00249545188, -0.0188, 0.0130201189),
                (0.00258066989, -0.0188, 0.0132769814),
                (0.00268468567, -0.0188, 0.0135268238),
                (0.00280692741, -0.0188, 0.0137682724),
                (0.00954434185, -0.0185, 0.0137436),
                (0.00966317314, -0.0185, 0.0134777221),
                (0.00976209218, -0.0185, 0.0132038116),
                (0.00984056128, -0.0185, 0.0129233575),
                (0.00989815389, -0.0185, 0.0126378842),
                (0.00993455696, -0.0185, 0.0123489435),
                (0.0099495726, -0.0185, 0.012058106),
                (0.00994311919, -0.0185, 0.0117669526),
                (0.00991523181, -0.0185, 0.0114770661),
                (0.00986606205, -0.0185, 0.0111900221),
                (0.00979587718, -0.0185, 0.0109073809),
                (0.00970505873, -0.0185, 0.0106306791),
                (0.00959410035, -0.0185, 0.0103614205),
                (0.00946360519, -0.0185, 0.010101069),
                (0.0093142826, -0.0185, 0.00985103959),
                (0.00914694427, -0.0185, 0.00961269152),
                (0.00896249981, -0.0185, 0.00938732036),
                (0.00876195182, -0.0185, 0.00917615118),
                (0.00854639043, -0.0185, 0.00898033185),
                (0.00831698741, -0.0185, 0.0088009268),
                (0.00807498972, -0.0185, 0.00863891124),
                (0.00782171283, -0.0185, 0.00849516586),
                (0.00755853348, -0.0185, 0.00837047202),
                (0.00728688228, -0.0185, 0.00826550753),
                (0.00700823585, -0.0185, 0.00818084296),
                (0.00672410887, -0.0185, 0.00811693853),
                (0.00643604578, -0.0185, 0.00807414161),
                (0.00614561243, -0.0185, 0.00805268483),
                (0.00585438757, -0.0185, 0.00805268483),
                (0.00556395423, -0.0185, 0.00807414161),
                (0.00527589113, -0.0185, 0.00811693853),
                (0.00499176415, -0.0185, 0.00818084296),
                (0.00471311772, -0.0185, 0.00826550753),
                (0.00444146652, -0.0185, 0.00837047202),
                (0.00417828717, -0.0185, 0.00849516586),
                (0.00392501028, -0.0185, 0.00863891124),
                (0.00368301259, -0.0185, 0.0088009268),
                (0.00345360957, -0.0185, 0.00898033185),
                (0.00323804818, -0.0185, 0.00917615118),
                (0.00303750019, -0.0185, 0.00938732036),
                (0.00285305573, -0.0185, 0.00961269152),
                (0.0026857174, -0.0185, 0.00985103959),
                (0.00253639481, -0.0185, 0.010101069),
                (0.00240589965, -0.0185, 0.0103614205),
                (0.00229494127, -0.0185, 0.0106306791),
                (0.00220412282, -0.0185, 0.0109073809),
                (0.00213393795, -0.0185, 0.0111900221),
                (0.00208476819, -0.0185, 0.0114770661),
                (0.00205688081, -0.0185, 0.0117669526),
                (0.0020504274, -0.0185, 0.012058106),
                (0.00206544304, -0.0185, 0.0123489435),
                (0.00210184611, -0.0185, 0.0126378842),
                (0.00215943872, -0.0185, 0.0129233575),
                (0.00223790782, -0.0185, 0.0132038116),
                (0.00233682686, -0.0185, 0.0134777221),
                (0.00245565815, -0.0185, 0.0137436),
                (0.00965, -0.0188, 0.012),
                (0.00963979386, -0.0188, 0.0117272352),
                (0.00960923252, -0.0188, 0.0114559957),
                (0.00955848688, -0.0188, 0.0111877986),
                (0.00948784074, -0.0188, 0.0109241436),
                (0.00939768918, -0.0188, 0.0106665053),
                (0.00928853637, -0.0188, 0.0104163244),
                (0.00916099272, -0.0188, 0.010175),
                (0.00901577153, -0.0188, 0.00994388179),
                (0.00885368491, -0.0188, 0.00972426222),
                (0.00867563933, -0.0188, 0.00951736951),
                (0.00848263049, -0.0188, 0.00932436067),
                (0.00827573778, -0.0188, 0.00914631509),
                (0.00805611821, -0.0188, 0.00898422847),
                (0.007825, -0.0188, 0.00883900728),
                (0.00758367565, -0.0188, 0.00871146363),
                (0.00733349474, -0.0188, 0.00860231082),
                (0.00707585639, -0.0188, 0.00851215926),
                (0.00681220141, -0.0188, 0.00844151312),
                (0.00654400427, -0.0188, 0.00839076748),
                (0.00627276484, -0.0188, 0.00836020614),
                (0.00919010819, -0.0188, 0.0137736149),
                (0.00931018423, -0.0188, 0.0135379143),
                (0.00941287437, -0.0188, 0.0132941362),
                (0.00949763926, -0.0188, 0.013043561),
                (0.0095640337, -0.0188, 0.0127875048),
                (0.00961170897, -0.0188, 0.0125273124),
                (0.00964041466, -0.0188, 0.0122643504),
                (-0.0102, -0.025, 0.004),
                (-0.0102, -0.02, 0.004),
                (-0.0102, -0.0217, 0.004),
                (-0.0102, -0.0185, 0.0055),
                (-0.010213311, -0.0185, 0.00551882458),
                (-0.0102, -0.0185, 0.005),
                (-0.01035, -0.02835, 0.00175),
                (-0.0102, -0.0282, 0.0019),
                (-0.0102, -0.022, 0.0019),
                (-0.01035, -0.02835, 0.00015),
                (-0.0102, -0.0285, 0.0003),
                (-0.0102, -0.0285, 0.0016),
                (-0.01035, -0.00265, 0.00015),
                (-0.0102, -0.0028, 0),
                (-0.0102, -0.0282, -1.10134124e-16),
                (-0.01035, -0.00265, 0.00175),
                (-0.0102, -0.0025, 0.0016),
                (-0.0102, -0.0025, 0.0003),
                (-0.0102, -0.0028, 0.0019),
                (-0.0102, -0.009, 0.0019),
                (-0.0102, -0.009, 0.0037),
                (-0.0102, -0.0093, 0.004),
                (-0.0102, -0.0185027962, 0.00492526991),
                (-0.0102, -0.0185111692, 0.00485095773),
                (-0.0102, -0.0185250721, 0.00477747907),
                (-0.0102, -0.0185444272, 0.00470524483),
                (-0.0102, -0.0185691263, 0.00463465898),
                (-0.0102, -0.0185990311, 0.00456611626),
                (-0.0102, -0.0186339746, 0.0045),
                (-0.0102, -0.0186737612, 0.00443667994),
                (-0.0102, -0.0187181685, 0.0043765102),
                (-0.0102, -0.0187669481, 0.00431982726),
                (-0.0102, -0.0188198273, 0.00426694813),
                (-0.0102, -0.0188765102, 0.00421816852),
                (-0.0102, -0.0189366799, 0.00417376123),
                (-0.0102, -0.019, 0.0041339746),
                (-0.0102, -0.0190661163, 0.00409903113),
                (-0.0102, -0.019134659, 0.00406912625),
                (-0.0102, -0.0192052448, 0.00404442719),
                (-0.0102, -0.0192774791, 0.00402507209),
                (-0.0102, -0.0193509577, 0.00401116917),
                (-0.0102, -0.0194252699, 0.0040027962),
                (-0.0102, -0.0195, 0.004),
                (-0.0103, -0.0193434537, 0.00391119641),
                (-0.0104, -0.0193292222, 0.00381221427),
                (-0.0103, -0.0191900942, 0.00394455773),
                (-0.0104, -0.0191619209, 0.00384860843),
                (-0.0103, -0.0190430435, 0.00399940481),
                (-0.0104, -0.019001502, 0.00390844161),
                (-0.0103, -0.0189052951, 0.00407462111),
                (-0.0104, -0.018851231, 0.00399049576),
                (-0.0103, -0.0187796532, 0.00416867547),
                (-0.0104, -0.0187141671, 0.00409310051),
                (-0.0103, -0.0186686755, 0.00427965319),
                (-0.0104, -0.0185931005, 0.00421416712),
                (-0.0103, -0.0185746211, 0.0044052951),
                (-0.0104, -0.0184904958, 0.00435123102),
                (-0.0103, -0.0184994048, 0.00454304349),
                (-0.0104, -0.0184084416, 0.00450150198),
                (-0.0103, -0.0184445577, 0.00469009419),
                (-0.0104, -0.0183486084, 0.00466192093),
                (-0.0103, -0.0184111964, 0.00484345368),
                (-0.0104, -0.0183122143, 0.00482922219),
                (-0.0102, -0.022, 0.0037),
                (0.0075, -0.0093, 0.004),
                (0.0042, -0.006, 0.004),
                (0.00420922747, -0.00624660931, 0.004),
                (0.00423685827, -0.00649183948, 0.004),
                (0.00428273789, -0.00673431909, 0.004),
                (0.00434660974, -0.00697269208, 0.004),
                (0.00442811663, -0.00720562538, 0.004),
                (0.00452680274, -0.00743181634, 0.004),
                (0.00464211617, -0.00765, 0.004),
                (0.00477341204, -0.00785895619, 0.004),
                (0.00491995611, -0.00805751635, 0.004),
                (0.00508092882, -0.00824457004, 0.004),
                (0.00525542997, -0.00841907118, 0.004),
                (0.00544248365, -0.0085800439, 0.004),
                (0.00564104381, -0.00872658796, 0.004),
                (0.00585, -0.00885788384, 0.004),
                (0.00606818366, -0.00897319727, 0.004),
                (0.00629437462, -0.00907188337, 0.004),
                (0.00652730792, -0.00915339026, 0.004),
                (0.00676568092, -0.00921726211, 0.004),
                (0.00700816052, -0.00926314173, 0.004),
                (0.00725339069, -0.00929077253, 0.004),
                (0.0042, -0.0028, 0.004),
                (-0.0042, -0.0028, 0.004),
                (-0.0042, -0.006, 0.004),
                (-0.0075, -0.0093, 0.004),
                (-0.00725339069, -0.00929077253, 0.004),
                (-0.00700816052, -0.00926314173, 0.004),
                (-0.00676568092, -0.00921726211, 0.004),
                (-0.00652730792, -0.00915339026, 0.004),
                (-0.00629437462, -0.00907188337, 0.004),
                (-0.00606818366, -0.00897319727, 0.004),
                (-0.00585, -0.00885788384, 0.004),
                (-0.00564104381, -0.00872658796, 0.004),
                (-0.00544248365, -0.0085800439, 0.004),
                (-0.00525542997, -0.00841907118, 0.004),
                (-0.00508092882, -0.00824457004, 0.004),
                (-0.00491995611, -0.00805751635, 0.004),
                (-0.00477341204, -0.00785895619, 0.004),
                (-0.00464211617, -0.00765, 0.004),
                (-0.00452680274, -0.00743181634, 0.004),
                (-0.00442811663, -0.00720562538, 0.004),
                (-0.00434660974, -0.00697269208, 0.004),
                (-0.00428273789, -0.00673431909, 0.004),
                (-0.00423685827, -0.00649183948, 0.004),
                (-0.00420922747, -0.00624660931, 0.004),
                (0.0075, -0.009, 0.0019),
                (0.0075, -0.009, 0.0037),
                (0.0075, -0.022, 0.0019),
                (0.0075, -0.022, 0.0037),
                (0.0042, -0.0285, 0.0016),
                (0.0045, -0.0282, 0.0019),
                (0.0045, -0.025, 0.0019),
                (0.00450838861, -0.0247758097, 0.0019),
                (0.00453350752, -0.0245528732, 0.0019),
                (0.00457521626, -0.0243324372, 0.0019),
                (0.00463328158, -0.0241157345, 0.0019),
                (0.00470737875, -0.0239039769, 0.0019),
                (0.0047970934, -0.0236983488, 0.0019),
                (0.00490192379, -0.0235, 0.0019),
                (0.00502128368, -0.0233100398, 0.0019),
                (0.00515450555, -0.0231295306, 0.0019),
                (0.00530084438, -0.0229594818, 0.0019),
                (0.00545948179, -0.0228008444, 0.0019),
                (0.00562953059, -0.0226545056, 0.0019),
                (0.00581003983, -0.0225212837, 0.0019),
                (0.006, -0.0224019238, 0.0019),
                (0.00619834878, -0.0222970934, 0.0019),
                (0.00640397693, -0.0222073788, 0.0019),
                (0.00661573448, -0.0221332816, 0.0019),
                (0.0068324372, -0.0220752163, 0.0019),
                (0.0070528732, -0.0220335075, 0.0019),
                (0.00727580972, -0.0220083886, 0.0019),
                (0.0075, -0.0234, 0.0019),
                (0.008, -0.0234, 0.0019),
                (0.0075, -0.0266, 0.0019),
                (0.00738043185, -0.0265955261, 0.0019),
                (0.00726153237, -0.0265821293, 0.0019),
                (0.00714396651, -0.0265598847, 0.0019),
                (0.00702839172, -0.0265289165, 0.0019),
                (0.00691545436, -0.026489398, 0.0019),
                (0.00680578602, -0.0264415502, 0.0019),
                (0.0067, -0.0263856406, 0.0019),
                (0.00659868791, -0.026321982, 0.0019),
                (0.00650241632, -0.0262509304, 0.0019),
                (0.00641172362, -0.026172883, 0.0019),
                (0.00632711701, -0.0260882764, 0.0019),
                (0.00624906963, -0.0259975837, 0.0019),
                (0.00617801796, -0.0259013121, 0.0019),
                (0.00611435935, -0.0258, 0.0019),
                (0.00605844981, -0.025694214, 0.0019),
                (0.006010602, -0.0255845456, 0.0019),
                (0.00597108351, -0.0254716083, 0.0019),
                (0.00594011534, -0.0253560335, 0.0019),
                (0.00591787068, -0.0252384676, 0.0019),
                (0.00590447392, -0.0251195682, 0.0019),
                (0.0059, -0.025, 0.0019),
                (0.00590447392, -0.0248804319, 0.0019),
                (0.00591787068, -0.0247615324, 0.0019),
                (0.00594011534, -0.0246439665, 0.0019),
                (0.00597108351, -0.0245283917, 0.0019),
                (0.006010602, -0.0244154544, 0.0019),
                (0.00605844981, -0.024305786, 0.0019),
                (0.00611435935, -0.0242, 0.0019),
                (0.00617801796, -0.0240986879, 0.0019),
                (0.00624906963, -0.0240024163, 0.0019),
                (0.00632711701, -0.0239117236, 0.0019),
                (0.00641172362, -0.023827117, 0.0019),
                (0.00650241632, -0.0237490696, 0.0019),
                (0.00659868791, -0.023678018, 0.0019),
                (0.0067, -0.0236143594, 0.0019),
                (0.00680578602, -0.0235584498, 0.0019),
                (0.00691545436, -0.023510602, 0.0019),
                (0.00702839172, -0.0234710835, 0.0019),
                (0.00714396651, -0.0234401153, 0.0019),
                (0.00726153237, -0.0234178707, 0.0019),
                (0.00738043185, -0.0234044739, 0.0019),
                (0.008, -0.0266, 0.0019),
                (0.00811956815, -0.0234044739, 0.0019),
                (0.00823846763, -0.0234178707, 0.0019),
                (0.00835603349, -0.0234401153, 0.0019),
                (0.00847160828, -0.0234710835, 0.0019),
                (0.00858454564, -0.023510602, 0.0019),
                (0.00869421398, -0.0235584498, 0.0019),
                (0.0088, -0.0236143594, 0.0019),
                (0.00890131209, -0.023678018, 0.0019),
                (0.00899758368, -0.0237490696, 0.0019),
                (0.00908827638, -0.023827117, 0.0019),
                (0.009172883, -0.0239117236, 0.0019),
                (0.00925093037, -0.0240024163, 0.0019),
                (0.00932198204, -0.0240986879, 0.0019),
                (0.00938564065, -0.0242, 0.0019),
                (0.00944155019, -0.024305786, 0.0019),
                (0.009489398, -0.0244154544, 0.0019),
                (0.00952891649, -0.0245283917, 0.0019),
                (0.00955988466, -0.0246439665, 0.0019),
                (0.00958212932, -0.0247615324, 0.0019),
                (0.00959552608, -0.0248804319, 0.0019),
                (0.0096, -0.025, 0.0019),
                (0.00959552608, -0.0251195682, 0.0019),
                (0.00958212932, -0.0252384676, 0.0019),
                (0.00955988466, -0.0253560335, 0.0019),
                (0.00952891649, -0.0254716083, 0.0019),
                (0.009489398, -0.0255845456, 0.0019),
                (0.00944155019, -0.025694214, 0.0019),
                (0.00938564065, -0.0258, 0.0019),
                (0.00932198204, -0.0259013121, 0.0019),
                (0.00925093037, -0.0259975837, 0.0019),
                (0.009172883, -0.0260882764, 0.0019),
                (0.00908827638, -0.026172883, 0.0019),
                (0.00899758368, -0.0262509304, 0.0019),
                (0.00890131209, -0.026321982, 0.0019),
                (0.0088, -0.0263856406, 0.0019),
                (0.00869421398, -0.0264415502, 0.0019),
                (0.00858454564, -0.026489398, 0.0019),
                (0.00847160828, -0.0265289165, 0.0019),
                (0.00835603349, -0.0265598847, 0.0019),
                (0.00823846763, -0.0265821293, 0.0019),
                (0.00811956815, -0.0265955261, 0.0019),
                (0.0042, -0.0285, 0.0037),
                (-0.0042, -0.0285, 0.0037),
                (-0.0042, -0.0285, 0.0016),
                (-0.0065, -0.0155, 0),
                (-0.0065027962, -0.0154252699, 7.62832251e-21),
                (-0.00651116917, -0.0153509577, 1.52139843e-20),
                (-0.00652507209, -0.0152774791, 2.27145634e-20),
                (-0.00654442719, -0.0152052448, 3.00881134e-20),
                (-0.00656912625, -0.015134659, 3.72933985e-20),
                (-0.00659903113, -0.0150661163, 4.42901238e-20),
                (-0.0066339746, -0.015, 5.10391607e-20),
                (-0.00667376123, -0.0149366799, 5.75027659e-20),
                (-0.00671816852, -0.0148765102, 6.36447924e-20),
                (-0.00676694813, -0.0148198273, 6.94308913e-20),
                (-0.00681982726, -0.0147669481, 7.48287045e-20),
                (-0.0068765102, -0.0147181685, 7.98080453e-20),
                (-0.00693667994, -0.0146737612, 8.43410671e-20),
                (-0.007, -0.0146339746, 8.84024195e-20),
                (-0.00706611626, -0.0145990311, 9.19693896e-20),
                (-0.00713465898, -0.0145691263, 9.50220297e-20),
                (-0.00720524483, -0.0145444272, 9.75432679e-20),
                (-0.00727747907, -0.0145250721, 9.95190047e-20),
                (-0.00735095773, -0.0145111692, 1.00938191e-19),
                (-0.00742526991, -0.0145027962, 1.0179289e-19),
                (-0.0075, -0.0145, 1.02078321e-19),
                (-0.00757473009, -0.0145027962, 1.0179289e-19),
                (-0.00764904227, -0.0145111692, 1.00938191e-19),
                (-0.00772252093, -0.0145250721, 9.95190047e-20),
                (-0.00779475517, -0.0145444272, 9.75432679e-20),
                (-0.00786534102, -0.0145691263, 9.50220297e-20),
                (-0.00793388374, -0.0145990311, 9.19693896e-20),
                (-0.008, -0.0146339746, 8.84024195e-20),
                (-0.00806332006, -0.0146737612, 8.43410671e-20),
                (-0.0081234898, -0.0147181685, 7.98080453e-20),
                (-0.00818017274, -0.0147669481, 7.48287045e-20),
                (-0.00823305187, -0.0148198273, 6.94308913e-20),
                (-0.00828183148, -0.0148765102, 6.36447924e-20),
                (-0.00832623877, -0.0149366799, 5.75027659e-20),
                (-0.0083660254, -0.015, 5.10391607e-20),
                (-0.00840096887, -0.0150661163, 4.42901238e-20),
                (-0.00843087375, -0.015134659, 3.72933985e-20),
                (-0.00845557281, -0.0152052448, 3.00881134e-20),
                (-0.00847492791, -0.0152774791, 2.27145634e-20),
                (-0.00848883083, -0.0153509577, 1.52139843e-20),
                (-0.0084972038, -0.0154252699, 7.62832251e-21),
                (-0.0085, -0.0155, 5.10853301e-34),
                (-0.0084972038, -0.0155747301, -7.62832251e-21),
                (-0.00848883083, -0.0156490423, -1.52139843e-20),
                (-0.00847492791, -0.0157225209, -2.27145634e-20),
                (-0.00845557281, -0.0157947552, -3.00881134e-20),
                (-0.00843087375, -0.015865341, -3.72933985e-20),
                (-0.00840096887, -0.0159338837, -4.42901238e-20),
                (-0.0083660254, -0.016, -5.10391607e-20),
                (-0.00832623877, -0.0160633201, -5.75027659e-20),
                (-0.00828183148, -0.0161234898, -6.36447924e-20),
                (-0.00823305187, -0.0161801727, -6.94308913e-20),
                (-0.00818017274, -0.0162330519, -7.48287045e-20),
                (-0.0081234898, -0.0162818315, -7.98080453e-20),
                (-0.00806332006, -0.0163262388, -8.43410671e-20),
                (-0.008, -0.0163660254, -8.84024195e-20),
                (-0.00793388374, -0.0164009689, -9.19693896e-20),
                (-0.00786534102, -0.0164308738, -9.50220297e-20),
                (-0.00779475517, -0.0164555728, -9.75432679e-20),
                (-0.00772252093, -0.0164749279, -9.95190047e-20),
                (-0.00764904227, -0.0164888308, -1.00938191e-19),
                (-0.00757473009, -0.0164972038, -1.0179289e-19),
                (-0.0075, -0.0165, -1.02078321e-19),
                (-0.00742526991, -0.0164972038, -1.0179289e-19),
                (-0.00735095773, -0.0164888308, -1.00938191e-19),
                (-0.00727747907, -0.0164749279, -9.95190047e-20),
                (-0.00720524483, -0.0164555728, -9.75432679e-20),
                (-0.00713465898, -0.0164308738, -9.50220297e-20),
                (-0.00706611626, -0.0164009689, -9.19693896e-20),
                (-0.007, -0.0163660254, -8.84024195e-20),
                (-0.00693667994, -0.0163262388, -8.43410671e-20),
                (-0.0068765102, -0.0162818315, -7.98080453e-20),
                (-0.00681982726, -0.0162330519, -7.48287045e-20),
                (-0.00676694813, -0.0161801727, -6.94308913e-20),
                (-0.00671816852, -0.0161234898, -6.36447924e-20),
                (-0.00667376123, -0.0160633201, -5.75027659e-20),
                (-0.0066339746, -0.016, -5.10391607e-20),
                (-0.00659903113, -0.0159338837, -4.42901238e-20),
                (-0.00656912625, -0.015865341, -3.72933985e-20),
                (-0.00654442719, -0.0157947552, -3.00881134e-20),
                (-0.00652507209, -0.0157225209, -2.27145634e-20),
                (-0.00651116917, -0.0156490423, -1.52139843e-20),
                (-0.0065027962, -0.0155747301, -7.62832251e-21),
                (0.0085, -0.0155, 0),
                (0.0084972038, -0.0154252699, 7.62832251e-21),
                (0.00848883083, -0.0153509577, 1.52139843e-20),
                (0.00847492791, -0.0152774791, 2.27145634e-20),
                (0.00845557281, -0.0152052448, 3.00881134e-20),
                (0.00843087375, -0.015134659, 3.72933985e-20),
                (0.00840096887, -0.0150661163, 4.42901238e-20),
                (0.0083660254, -0.015, 5.10391607e-20),
                (0.00832623877, -0.0149366799, 5.75027659e-20),
                (0.00828183148, -0.0148765102, 6.36447924e-20),
                (0.00823305187, -0.0148198273, 6.94308913e-20),
                (0.00818017274, -0.0147669481, 7.48287045e-20),
                (0.0081234898, -0.0147181685, 7.98080453e-20),
                (0.00806332006, -0.0146737612, 8.43410671e-20),
                (0.008, -0.0146339746, 8.84024195e-20),
                (0.00793388374, -0.0145990311, 9.19693896e-20),
                (0.00786534102, -0.0145691263, 9.50220297e-20),
                (0.00779475517, -0.0145444272, 9.75432679e-20),
                (0.00772252093, -0.0145250721, 9.95190047e-20),
                (0.00764904227, -0.0145111692, 1.00938191e-19),
                (0.00757473009, -0.0145027962, 1.0179289e-19),
                (0.0075, -0.0145, 1.02078321e-19),
                (0.00742526991, -0.0145027962, 1.0179289e-19),
                (0.00735095773, -0.0145111692, 1.00938191e-19),
                (0.00727747907, -0.0145250721, 9.95190047e-20),
                (0.00720524483, -0.0145444272, 9.75432679e-20),
                (0.00713465898, -0.0145691263, 9.50220297e-20),
                (0.00706611626, -0.0145990311, 9.19693896e-20),
                (0.007, -0.0146339746, 8.84024195e-20),
                (0.00693667994, -0.0146737612, 8.43410671e-20),
                (0.0068765102, -0.0147181685, 7.98080453e-20),
                (0.00681982726, -0.0147669481, 7.48287045e-20),
                (0.00676694813, -0.0148198273, 6.94308913e-20),
                (0.00671816852, -0.0148765102, 6.36447924e-20),
                (0.00667376123, -0.0149366799, 5.75027659e-20),
                (0.0066339746, -0.015, 5.10391607e-20),
                (0.00659903113, -0.0150661163, 4.42901238e-20),
                (0.00656912625, -0.015134659, 3.72933985e-20),
                (0.00654442719, -0.0152052448, 3.00881134e-20),
                (0.00652507209, -0.0152774791, 2.27145634e-20),
                (0.00651116917, -0.0153509577, 1.52139843e-20),
                (0.0065027962, -0.0154252699, 7.62832251e-21),
                (0.0065, -0.0155, 5.10853301e-34),
                (0.0065027962, -0.0155747301, -7.62832251e-21),
                (0.00651116917, -0.0156490423, -1.52139843e-20),
                (0.00652507209, -0.0157225209, -2.27145634e-20),
                (0.00654442719, -0.0157947552, -3.00881134e-20),
                (0.00656912625, -0.015865341, -3.72933985e-20),
                (0.00659903113, -0.0159338837, -4.42901238e-20),
                (0.0066339746, -0.016, -5.10391607e-20),
                (0.00667376123, -0.0160633201, -5.75027659e-20),
                (0.00671816852, -0.0161234898, -6.36447924e-20),
                (0.00676694813, -0.0161801727, -6.94308913e-20),
                (0.00681982726, -0.0162330519, -7.48287045e-20),
                (0.0068765102, -0.0162818315, -7.98080453e-20),
                (0.00693667994, -0.0163262388, -8.43410671e-20),
                (0.007, -0.0163660254, -8.84024195e-20),
                (0.00706611626, -0.0164009689, -9.19693896e-20),
                (0.00713465898, -0.0164308738, -9.50220297e-20),
                (0.00720524483, -0.0164555728, -9.75432679e-20),
                (0.00727747907, -0.0164749279, -9.95190047e-20),
                (0.00735095773, -0.0164888308, -1.00938191e-19),
                (0.00742526991, -0.0164972038, -1.0179289e-19),
                (0.0075, -0.0165, -1.02078321e-19),
                (0.00757473009, -0.0164972038, -1.0179289e-19),
                (0.00764904227, -0.0164888308, -1.00938191e-19),
                (0.00772252093, -0.0164749279, -9.95190047e-20),
                (0.00779475517, -0.0164555728, -9.75432679e-20),
                (0.00786534102, -0.0164308738, -9.50220297e-20),
                (0.00793388374, -0.0164009689, -9.19693896e-20),
                (0.008, -0.0163660254, -8.84024195e-20),
                (0.00806332006, -0.0163262388, -8.43410671e-20),
                (0.0081234898, -0.0162818315, -7.98080453e-20),
                (0.00818017274, -0.0162330519, -7.48287045e-20),
                (0.00823305187, -0.0161801727, -6.94308913e-20),
                (0.00828183148, -0.0161234898, -6.36447924e-20),
                (0.00832623877, -0.0160633201, -5.75027659e-20),
                (0.0083660254, -0.016, -5.10391607e-20),
                (0.00840096887, -0.0159338837, -4.42901238e-20),
                (0.00843087375, -0.015865341, -3.72933985e-20),
                (0.00845557281, -0.0157947552, -3.00881134e-20),
                (0.00847492791, -0.0157225209, -2.27145634e-20),
                (0.00848883083, -0.0156490423, -1.52139843e-20),
                (0.0084972038, -0.0155747301, -7.62832251e-21),
                (-0.0075, -0.0234, -1.10134124e-16),
                (-0.00738043185, -0.0234044739, -1.09971255e-16),
                (-0.00726153237, -0.0234178707, -1.09972623e-16),
                (-0.00714396651, -0.0234401153, -1.09974894e-16),
                (-0.00702839172, -0.0234710835, -1.09978055e-16),
                (-0.00691545436, -0.023510602, -1.09982089e-16),
                (-0.00680578602, -0.0235584498, -1.09986973e-16),
                (-0.0067, -0.0236143594, -1.0999268e-16),
                (-0.00659868791, -0.023678018, -1.09999178e-16),
                (-0.00650241632, -0.0237490696, -1.10006431e-16),
                (-0.00641172362, -0.023827117, -1.10014398e-16),
                (-0.006327117, -0.0239117236, -1.10023035e-16),
                (-0.00624906963, -0.0240024163, -1.10032292e-16),
                (-0.00617801796, -0.0240986879, -1.1004212e-16),
                (-0.00611435935, -0.0242, -1.10052461e-16),
                (-0.00605844981, -0.024305786, -1.1006326e-16),
                (-0.006010602, -0.0244154544, -1.10074455e-16),
                (-0.00597108351, -0.0245283917, -1.10085983e-16),
                (-0.00594011534, -0.0246439665, -1.10097781e-16),
                (-0.00591787068, -0.0247615324, -1.10109782e-16),
                (-0.00590447392, -0.0248804319, -1.10121919e-16),
                (-0.0059, -0.025, -1.10134124e-16),
                (-0.00590447392, -0.0251195682, -1.10146329e-16),
                (-0.00591787068, -0.0252384676, -1.10158466e-16),
                (-0.00594011534, -0.0253560335, -1.10170467e-16),
                (-0.00597108351, -0.0254716083, -1.10182265e-16),
                (-0.006010602, -0.0255845456, -1.10193793e-16),
                (-0.00605844981, -0.025694214, -1.10204988e-16),
                (-0.00611435935, -0.0258, -1.10215787e-16),
                (-0.00617801796, -0.0259013121, -1.10226128e-16),
                (-0.00624906963, -0.0259975837, -1.10235956e-16),
                (-0.006327117, -0.0260882764, -1.10245213e-16),
                (-0.00641172362, -0.026172883, -1.1025385e-16),
                (-0.00650241632, -0.0262509304, -1.10261817e-16),
                (-0.00659868791, -0.026321982, -1.1026907e-16),
                (-0.0067, -0.0263856406, -1.10275568e-16),
                (-0.00680578602, -0.0264415502, -1.10281275e-16),
                (-0.00691545436, -0.026489398, -1.10286159e-16),
                (-0.00702839172, -0.0265289165, -1.10290193e-16),
                (-0.00714396651, -0.0265598847, -1.10293354e-16),
                (-0.00726153237, -0.0265821293, -1.10295625e-16),
                (-0.00738043185, -0.0265955261, -1.10296993e-16),
                (-0.0075, -0.0266, -1.10134124e-16),
                (-0.008, -0.0234, -1.10134124e-16),
                (-0.008, -0.0266, -1.10134124e-16),
                (-0.00811956815, -0.0265955261, -1.105099e-16),
                (-0.00823846763, -0.0265821293, -1.10506745e-16),
                (-0.00835603349, -0.0265598847, -1.10501506e-16),
                (-0.00847160828, -0.0265289165, -1.10494212e-16),
                (-0.00858454564, -0.026489398, -1.10484905e-16),
                (-0.00869421398, -0.0264415502, -1.10473636e-16),
                (-0.0088, -0.0263856406, -1.10460468e-16),
                (-0.00890131209, -0.026321982, -1.10445475e-16),
                (-0.00899758368, -0.0262509304, -1.10428741e-16),
                (-0.00908827638, -0.026172883, -1.1041036e-16),
                (-0.00917288299, -0.0260882764, -1.10390433e-16),
                (-0.00925093037, -0.0259975837, -1.10369074e-16),
                (-0.00932198204, -0.0259013121, -1.103464e-16),
                (-0.00938564065, -0.0258, -1.10322539e-16),
                (-0.00944155019, -0.025694214, -1.10297624e-16),
                (-0.009489398, -0.0255845456, -1.10271795e-16),
                (-0.00952891649, -0.0254716083, -1.10245197e-16),
                (-0.00955988466, -0.0253560335, -1.10217977e-16),
                (-0.00958212932, -0.0252384676, -1.10190288e-16),
                (-0.00959552608, -0.0251195682, -1.10162285e-16),
                (-0.0096, -0.025, -1.10134124e-16),
                (-0.00959552608, -0.0248804319, -1.10105964e-16),
                (-0.00958212932, -0.0247615324, -1.1007796e-16),
                (-0.00955988466, -0.0246439665, -1.10050272e-16),
                (-0.00952891649, -0.0245283917, -1.10023052e-16),
                (-0.009489398, -0.0244154544, -1.09996453e-16),
                (-0.00944155019, -0.024305786, -1.09970624e-16),
                (-0.00938564065, -0.0242, -1.09945709e-16),
                (-0.00932198204, -0.0240986879, -1.09921848e-16),
                (-0.00925093037, -0.0240024163, -1.09899175e-16),
                (-0.00917288299, -0.0239117236, -1.09877815e-16),
                (-0.00908827638, -0.023827117, -1.09857888e-16),
                (-0.00899758368, -0.0237490696, -1.09839507e-16),
                (-0.00890131209, -0.023678018, -1.09822773e-16),
                (-0.0088, -0.0236143594, -1.0980778e-16),
                (-0.00869421398, -0.0235584498, -1.09794612e-16),
                (-0.00858454564, -0.023510602, -1.09783343e-16),
                (-0.00847160828, -0.0234710835, -1.09774036e-16),
                (-0.00835603349, -0.0234401153, -1.09766742e-16),
                (-0.00823846763, -0.0234178707, -1.09761503e-16),
                (-0.00811956815, -0.0234044739, -1.09758348e-16),
                (0.008, -0.0266, -1.10134124e-16),
                (0.0075, -0.0266, -1.10134124e-16),
                (0.008, -0.0234, -1.10134124e-16),
                (0.00811956815, -0.0234044739, -1.09758348e-16),
                (0.00823846763, -0.0234178707, -1.09761503e-16),
                (0.00835603349, -0.0234401153, -1.09766742e-16),
                (0.00847160828, -0.0234710835, -1.09774036e-16),
                (0.00858454564, -0.023510602, -1.09783343e-16),
                (0.00869421398, -0.0235584498, -1.09794612e-16),
                (0.0088, -0.0236143594, -1.0980778e-16),
                (0.00890131209, -0.023678018, -1.09822773e-16),
                (0.00899758368, -0.0237490696, -1.09839507e-16),
                (0.00908827638, -0.023827117, -1.09857888e-16),
                (0.009172883, -0.0239117236, -1.09877815e-16),
                (0.00925093037, -0.0240024163, -1.09899175e-16),
                (0.00932198204, -0.0240986879, -1.09921848e-16),
                (0.00938564065, -0.0242, -1.09945709e-16),
                (0.00944155019, -0.024305786, -1.09970624e-16),
                (0.009489398, -0.0244154544, -1.09996453e-16),
                (0.00952891649, -0.0245283917, -1.10023052e-16),
                (0.00955988466, -0.0246439665, -1.10050272e-16),
                (0.00958212932, -0.0247615324, -1.1007796e-16),
                (0.00959552608, -0.0248804319, -1.10105964e-16),
                (0.0096, -0.025, -1.10134124e-16),
                (0.00959552608, -0.0251195682, -1.10162285e-16),
                (0.00958212932, -0.0252384676, -1.10190288e-16),
                (0.00955988466, -0.0253560335, -1.10217977e-16),
                (0.00952891649, -0.0254716083, -1.10245197e-16),
                (0.009489398, -0.0255845456, -1.10271795e-16),
                (0.00944155019, -0.025694214, -1.10297624e-16),
                (0.00938564065, -0.0258, -1.10322539e-16),
                (0.00932198204, -0.0259013121, -1.103464e-16),
                (0.00925093037, -0.0259975837, -1.10369074e-16),
                (0.009172883, -0.0260882764, -1.10390433e-16),
                (0.00908827638, -0.026172883, -1.1041036e-16),
                (0.00899758368, -0.0262509304, -1.10428741e-16),
                (0.00890131209, -0.026321982, -1.10445475e-16),
                (0.0088, -0.0263856406, -1.10460468e-16),
                (0.00869421398, -0.0264415502, -1.10473636e-16),
                (0.00858454564, -0.026489398, -1.10484905e-16),
                (0.00847160828, -0.0265289165, -1.10494212e-16),
                (0.00835603349, -0.0265598847, -1.10501506e-16),
                (0.00823846763, -0.0265821293, -1.10506745e-16),
                (0.00811956815, -0.0265955261, -1.105099e-16),
                (0.0075, -0.0234, -1.10134124e-16),
                (0.00738043185, -0.0265955261, -1.10296993e-16),
                (0.00726153237, -0.0265821293, -1.10295625e-16),
                (0.00714396651, -0.0265598847, -1.10293354e-16),
                (0.00702839172, -0.0265289165, -1.10290193e-16),
                (0.00691545436, -0.026489398, -1.10286159e-16),
                (0.00680578602, -0.0264415502, -1.10281275e-16),
                (0.0067, -0.0263856406, -1.10275568e-16),
                (0.00659868791, -0.026321982, -1.1026907e-16),
                (0.00650241632, -0.0262509304, -1.10261817e-16),
                (0.00641172362, -0.026172883, -1.1025385e-16),
                (0.00632711701, -0.0260882764, -1.10245213e-16),
                (0.00624906963, -0.0259975837, -1.10235956e-16),
                (0.00617801796, -0.0259013121, -1.10226128e-16),
                (0.00611435935, -0.0258, -1.10215787e-16),
                (0.00605844981, -0.025694214, -1.10204988e-16),
                (0.006010602, -0.0255845456, -1.10193793e-16),
                (0.00597108351, -0.0254716083, -1.10182265e-16),
                (0.00594011534, -0.0253560335, -1.10170467e-16),
                (0.00591787068, -0.0252384676, -1.10158466e-16),
                (0.00590447392, -0.0251195682, -1.10146329e-16),
                (0.0059, -0.025, -1.10134124e-16),
                (0.00590447392, -0.0248804319, -1.10121919e-16),
                (0.00591787068, -0.0247615324, -1.10109782e-16),
                (0.00594011534, -0.0246439665, -1.10097781e-16),
                (0.00597108351, -0.0245283917, -1.10085983e-16),
                (0.006010602, -0.0244154544, -1.10074455e-16),
                (0.00605844981, -0.024305786, -1.1006326e-16),
                (0.00611435935, -0.0242, -1.10052461e-16),
                (0.00617801796, -0.0240986879, -1.1004212e-16),
                (0.00624906963, -0.0240024163, -1.10032292e-16),
                (0.00632711701, -0.0239117236, -1.10023035e-16),
                (0.00641172362, -0.023827117, -1.10014398e-16),
                (0.00650241632, -0.0237490696, -1.10006431e-16),
                (0.00659868791, -0.023678018, -1.09999178e-16),
                (0.0067, -0.0236143594, -1.0999268e-16),
                (0.00680578602, -0.0235584498, -1.09986973e-16),
                (0.00691545436, -0.023510602, -1.09982089e-16),
                (0.00702839172, -0.0234710835, -1.09978055e-16),
                (0.00714396651, -0.0234401153, -1.09974894e-16),
                (0.00726153237, -0.0234178707, -1.09972623e-16),
                (0.00738043185, -0.0234044739, -1.09971255e-16),
                (0.008, -0.0076, 0),
                (0.0075, -0.0076, 0),
                (0.008, -0.0044, 0),
                (0.00811956815, -0.00440447393, 3.7577605e-19),
                (0.00823846763, -0.00441787068, 3.72620865e-19),
                (0.00835603349, -0.00444011534, 3.67381834e-19),
                (0.00847160828, -0.00447108351, 3.60088254e-19),
                (0.00858454564, -0.00451060201, 3.50780915e-19),
                (0.00869421398, -0.00455844981, 3.39511866e-19),
                (0.0088, -0.00461435936, 3.26344129e-19),
                (0.00890131209, -0.00467801796, 3.11351344e-19),
                (0.00899758368, -0.00474906963, 2.94617356e-19),
                (0.00908827638, -0.00482711701, 2.76235748e-19),
                (0.009172883, -0.00491172362, 2.56309317e-19),
                (0.00925093037, -0.00500241632, 2.34949501e-19),
                (0.00932198204, -0.00509868791, 2.12275752e-19),
                (0.00938564065, -0.0052, 1.88414871e-19),
                (0.00944155019, -0.00530578602, 1.63500297e-19),
                (0.009489398, -0.00541545436, 1.37671364e-19),
                (0.00952891649, -0.00552839172, 1.11072516e-19),
                (0.00955988466, -0.00564396651, 8.38525061e-20),
                (0.00958212932, -0.00576153238, 5.61635587e-20),
                (0.00959552608, -0.00588043185, 2.81605219e-20),
                (0.0096, -0.006, -8.45240215e-34),
                (0.00959552608, -0.00611956815, -2.81605219e-20),
                (0.00958212932, -0.00623846763, -5.61635587e-20),
                (0.00955988466, -0.0063560335, -8.38525061e-20),
                (0.00952891649, -0.00647160828, -1.11072516e-19),
                (0.009489398, -0.00658454564, -1.37671364e-19),
                (0.00944155019, -0.00669421399, -1.63500297e-19),
                (0.00938564065, -0.0068, -1.88414871e-19),
                (0.00932198204, -0.0069013121, -2.12275752e-19),
                (0.00925093037, -0.00699758369, -2.34949501e-19),
                (0.009172883, -0.00708827638, -2.56309317e-19),
                (0.00908827638, -0.007172883, -2.76235748e-19),
                (0.00899758368, -0.00725093037, -2.94617356e-19),
                (0.00890131209, -0.00732198204, -3.11351344e-19),
                (0.0088, -0.00738564065, -3.26344129e-19),
                (0.00869421398, -0.00744155019, -3.39511866e-19),
                (0.00858454564, -0.007489398, -3.50780915e-19),
                (0.00847160828, -0.00752891649, -3.60088254e-19),
                (0.00835603349, -0.00755988466, -3.67381834e-19),
                (0.00823846763, -0.00758212932, -3.72620865e-19),
                (0.00811956815, -0.00759552608, -3.7577605e-19),
                (0.0075, -0.0044, 0),
                (0.00738043185, -0.00759552608, -1.10296993e-16),
                (0.00726153237, -0.00758212932, -1.10295625e-16),
                (0.00714396651, -0.00755988466, -1.10293354e-16),
                (0.00702839172, -0.00752891649, -1.10290193e-16),
                (0.00691545436, -0.007489398, -1.10286159e-16),
                (0.00680578602, -0.00744155019, -1.10281275e-16),
                (0.0067, -0.00738564065, -1.10275568e-16),
                (0.00659868791, -0.00732198204, -1.1026907e-16),
                (0.00650241632, -0.00725093037, -1.10261817e-16),
                (0.00641172362, -0.007172883, -1.1025385e-16),
                (0.00632711701, -0.00708827638, -1.10245213e-16),
                (0.00624906963, -0.00699758369, -1.10235956e-16),
                (0.00617801796, -0.0069013121, -1.10226128e-16),
                (0.00611435935, -0.0068, -1.10215787e-16),
                (0.00605844981, -0.00669421399, -1.10204988e-16),
                (0.006010602, -0.00658454564, -1.10193793e-16),
                (0.00597108351, -0.00647160828, -1.10182265e-16),
                (0.00594011534, -0.0063560335, -1.10170467e-16),
                (0.00591787068, -0.00623846763, -1.10158466e-16),
                (0.00590447392, -0.00611956815, -1.10146329e-16),
                (0.0059, -0.006, -1.10134124e-16),
                (0.00590447392, -0.00588043185, -1.10121919e-16),
                (0.00591787068, -0.00576153238, -1.10109782e-16),
                (0.00594011534, -0.00564396651, -1.10097781e-16),
                (0.00597108351, -0.00552839172, -1.10085983e-16),
                (0.006010602, -0.00541545436, -1.10074455e-16),
                (0.00605844981, -0.00530578602, -1.1006326e-16),
                (0.00611435935, -0.0052, -1.10052461e-16),
                (0.00617801796, -0.00509868791, -1.1004212e-16),
                (0.00624906963, -0.00500241632, -1.10032292e-16),
                (0.00632711701, -0.00491172362, -1.10023035e-16),
                (0.00641172362, -0.00482711701, -1.10014398e-16),
                (0.00650241632, -0.00474906963, -1.10006431e-16),
                (0.00659868791, -0.00467801796, -1.09999178e-16),
                (0.0067, -0.00461435936, -1.0999268e-16),
                (0.00680578602, -0.00455844981, -1.09986973e-16),
                (0.00691545436, -0.00451060201, -1.09982089e-16),
                (0.00702839172, -0.00447108351, -1.09978055e-16),
                (0.00714396651, -0.00444011534, -1.09974894e-16),
                (0.00726153237, -0.00441787068, -1.09972623e-16),
                (0.00738043185, -0.00440447393, -1.09971255e-16),
                (-0.0075, -0.0044, -1.10134124e-16),
                (-0.00738043185, -0.00440447393, -1.09971255e-16),
                (-0.00726153237, -0.00441787068, -1.09972623e-16),
                (-0.00714396651, -0.00444011534, -1.09974894e-16),
                (-0.00702839172, -0.00447108351, -1.09978055e-16),
                (-0.00691545436, -0.00451060201, -1.09982089e-16),
                (-0.00680578602, -0.00455844981, -1.09986973e-16),
                (-0.0067, -0.00461435936, -1.0999268e-16),
                (-0.00659868791, -0.00467801796, -1.09999178e-16),
                (-0.00650241632, -0.00474906963, -1.10006431e-16),
                (-0.00641172362, -0.00482711701, -1.10014398e-16),
                (-0.006327117, -0.00491172362, -1.10023035e-16),
                (-0.00624906963, -0.00500241632, -1.10032292e-16),
                (-0.00617801796, -0.00509868791, -1.1004212e-16),
                (-0.00611435935, -0.0052, -1.10052461e-16),
                (-0.00605844981, -0.00530578602, -1.1006326e-16),
                (-0.006010602, -0.00541545436, -1.10074455e-16),
                (-0.00597108351, -0.00552839172, -1.10085983e-16),
                (-0.00594011534, -0.00564396651, -1.10097781e-16),
                (-0.00591787068, -0.00576153238, -1.10109782e-16),
                (-0.00590447392, -0.00588043185, -1.10121919e-16),
                (-0.0059, -0.006, -1.10134124e-16),
                (-0.00590447392, -0.00611956815, -1.10146329e-16),
                (-0.00591787068, -0.00623846763, -1.10158466e-16),
                (-0.00594011534, -0.0063560335, -1.10170467e-16),
                (-0.00597108351, -0.00647160828, -1.10182265e-16),
                (-0.006010602, -0.00658454564, -1.10193793e-16),
                (-0.00605844981, -0.00669421399, -1.10204988e-16),
                (-0.00611435935, -0.0068, -1.10215787e-16),
                (-0.00617801796, -0.0069013121, -1.10226128e-16),
                (-0.00624906963, -0.00699758369, -1.10235956e-16),
                (-0.006327117, -0.00708827638, -1.10245213e-16),
                (-0.00641172362, -0.007172883, -1.1025385e-16),
                (-0.00650241632, -0.00725093037, -1.10261817e-16),
                (-0.00659868791, -0.00732198204, -1.1026907e-16),
                (-0.0067, -0.00738564065, -1.10275568e-16),
                (-0.00680578602, -0.00744155019, -1.10281275e-16),
                (-0.00691545436, -0.007489398, -1.10286159e-16),
                (-0.00702839172, -0.00752891649, -1.10290193e-16),
                (-0.00714396651, -0.00755988466, -1.10293354e-16),
                (-0.00726153237, -0.00758212932, -1.10295625e-16),
                (-0.00738043185, -0.00759552608, -1.10296993e-16),
                (-0.0075, -0.0076, -1.10134124e-16),
                (-0.008, -0.0044, 0),
                (-0.008, -0.0076, 0),
                (-0.00811956815, -0.00759552608, -3.7577605e-19),
                (-0.00823846763, -0.00758212932, -3.72620865e-19),
                (-0.00835603349, -0.00755988466, -3.67381834e-19),
                (-0.00847160828, -0.00752891649, -3.60088254e-19),
                (-0.00858454564, -0.007489398, -3.50780915e-19),
                (-0.00869421398, -0.00744155019, -3.39511866e-19),
                (-0.0088, -0.00738564065, -3.26344129e-19),
                (-0.00890131209, -0.00732198204, -3.11351344e-19),
                (-0.00899758368, -0.00725093037, -2.94617356e-19),
                (-0.00908827638, -0.007172883, -2.76235748e-19),
                (-0.00917288299, -0.00708827638, -2.56309317e-19),
                (-0.00925093037, -0.00699758369, -2.34949501e-19),
                (-0.00932198204, -0.0069013121, -2.12275752e-19),
                (-0.00938564065, -0.0068, -1.88414871e-19),
                (-0.00944155019, -0.00669421399, -1.63500297e-19),
                (-0.009489398, -0.00658454564, -1.37671364e-19),
                (-0.00952891649, -0.00647160828, -1.11072516e-19),
                (-0.00955988466, -0.0063560335, -8.38525061e-20),
                (-0.00958212932, -0.00623846763, -5.61635587e-20),
                (-0.00959552608, -0.00611956815, -2.81605219e-20),
                (-0.0096, -0.006, 7.24042526e-34),
                (-0.00959552608, -0.00588043185, 2.81605219e-20),
                (-0.00958212932, -0.00576153238, 5.61635587e-20),
                (-0.00955988466, -0.00564396651, 8.38525061e-20),
                (-0.00952891649, -0.00552839172, 1.11072516e-19),
                (-0.009489398, -0.00541545436, 1.37671364e-19),
                (-0.00944155019, -0.00530578602, 1.63500297e-19),
                (-0.00938564065, -0.0052, 1.88414871e-19),
                (-0.00932198204, -0.00509868791, 2.12275752e-19),
                (-0.00925093037, -0.00500241632, 2.34949501e-19),
                (-0.00917288299, -0.00491172362, 2.56309317e-19),
                (-0.00908827638, -0.00482711701, 2.76235748e-19),
                (-0.00899758368, -0.00474906963, 2.94617356e-19),
                (-0.00890131209, -0.00467801796, 3.11351344e-19),
                (-0.0088, -0.00461435936, 3.26344129e-19),
                (-0.00869421398, -0.00455844981, 3.39511866e-19),
                (-0.00858454564, -0.00451060201, 3.50780915e-19),
                (-0.00847160828, -0.00447108351, 3.60088254e-19),
                (-0.00835603349, -0.00444011534, 3.67381834e-19),
                (-0.00823846763, -0.00441787068, 3.72620865e-19),
                (-0.00811956815, -0.00440447393, 3.7577605e-19),
                (0.0042, -0.0025, 0.0016),
                (0.0045, -0.0028, 0.0019),
                (-0.0042, -0.0025, 0.0037),
                (-0.0042, -0.0025, 0.0016),
                (0.0042, -0.0025, 0.0037),
                (0.0045, -0.006, 0.0019),
                (0.00727580972, -0.00899161139, 0.0019),
                (0.0070528732, -0.00896649248, 0.0019),
                (0.0068324372, -0.00892478374, 0.0019),
                (0.00661573448, -0.00886671842, 0.0019),
                (0.00640397693, -0.00879262125, 0.0019),
                (0.00619834878, -0.00870290661, 0.0019),
                (0.006, -0.00859807621, 0.0019),
                (0.00581003983, -0.00847871633, 0.0019),
                (0.00562953059, -0.00834549445, 0.0019),
                (0.00545948179, -0.00819915562, 0.0019),
                (0.00530084438, -0.00804051822, 0.0019),
                (0.00515450555, -0.00787046941, 0.0019),
                (0.00502128368, -0.00768996018, 0.0019),
                (0.00490192379, -0.0075, 0.0019),
                (0.0047970934, -0.00730165122, 0.0019),
                (0.00470737875, -0.00709602308, 0.0019),
                (0.00463328158, -0.00688426553, 0.0019),
                (0.00457521626, -0.0066675628, 0.0019),
                (0.00453350752, -0.0064471268, 0.0019),
                (0.00450838861, -0.00622419028, 0.0019),
                (0.0075, -0.0044, 0.0019),
                (0.008, -0.0044, 0.0019),
                (0.0075, -0.0076, 0.0019),
                (0.00738043185, -0.00759552608, 0.0019),
                (0.00726153237, -0.00758212932, 0.0019),
                (0.00714396651, -0.00755988466, 0.0019),
                (0.00702839172, -0.00752891649, 0.0019),
                (0.00691545436, -0.007489398, 0.0019),
                (0.00680578602, -0.00744155019, 0.0019),
                (0.0067, -0.00738564065, 0.0019),
                (0.00659868791, -0.00732198204, 0.0019),
                (0.00650241632, -0.00725093037, 0.0019),
                (0.00641172362, -0.007172883, 0.0019),
                (0.00632711701, -0.00708827638, 0.0019),
                (0.00624906963, -0.00699758369, 0.0019),
                (0.00617801796, -0.0069013121, 0.0019),
                (0.00611435935, -0.0068, 0.0019),
                (0.00605844981, -0.00669421399, 0.0019),
                (0.006010602, -0.00658454564, 0.0019),
                (0.00597108351, -0.00647160828, 0.0019),
                (0.00594011534, -0.0063560335, 0.0019),
                (0.00591787068, -0.00623846763, 0.0019),
                (0.00590447392, -0.00611956815, 0.0019),
                (0.0059, -0.006, 0.0019),
                (0.00590447392, -0.00588043185, 0.0019),
                (0.00591787068, -0.00576153238, 0.0019),
                (0.00594011534, -0.00564396651, 0.0019),
                (0.00597108351, -0.00552839172, 0.0019),
                (0.006010602, -0.00541545436, 0.0019),
                (0.00605844981, -0.00530578602, 0.0019),
                (0.00611435935, -0.0052, 0.0019),
                (0.00617801796, -0.00509868791, 0.0019),
                (0.00624906963, -0.00500241632, 0.0019),
                (0.00632711701, -0.00491172362, 0.0019),
                (0.00641172362, -0.00482711701, 0.0019),
                (0.00650241632, -0.00474906963, 0.0019),
                (0.00659868791, -0.00467801796, 0.0019),
                (0.0067, -0.00461435936, 0.0019),
                (0.00680578602, -0.00455844981, 0.0019),
                (0.00691545436, -0.00451060201, 0.0019),
                (0.00702839172, -0.00447108351, 0.0019),
                (0.00714396651, -0.00444011534, 0.0019),
                (0.00726153237, -0.00441787068, 0.0019),
                (0.00738043185, -0.00440447393, 0.0019),
                (0.008, -0.0076, 0.0019),
                (0.00811956815, -0.00440447393, 0.0019),
                (0.00823846763, -0.00441787068, 0.0019),
                (0.00835603349, -0.00444011534, 0.0019),
                (0.00847160828, -0.00447108351, 0.0019),
                (0.00858454564, -0.00451060201, 0.0019),
                (0.00869421398, -0.00455844981, 0.0019),
                (0.0088, -0.00461435936, 0.0019),
                (0.00890131209, -0.00467801796, 0.0019),
                (0.00899758368, -0.00474906963, 0.0019),
                (0.00908827638, -0.00482711701, 0.0019),
                (0.009172883, -0.00491172362, 0.0019),
                (0.00925093037, -0.00500241632, 0.0019),
                (0.00932198204, -0.00509868791, 0.0019),
                (0.00938564065, -0.0052, 0.0019),
                (0.00944155019, -0.00530578602, 0.0019),
                (0.009489398, -0.00541545436, 0.0019),
                (0.00952891649, -0.00552839172, 0.0019),
                (0.00955988466, -0.00564396651, 0.0019),
                (0.00958212932, -0.00576153238, 0.0019),
                (0.00959552608, -0.00588043185, 0.0019),
                (0.0096, -0.006, 0.0019),
                (0.00959552608, -0.00611956815, 0.0019),
                (0.00958212932, -0.00623846763, 0.0019),
                (0.00955988466, -0.0063560335, 0.0019),
                (0.00952891649, -0.00647160828, 0.0019),
                (0.009489398, -0.00658454564, 0.0019),
                (0.00944155019, -0.00669421399, 0.0019),
                (0.00938564065, -0.0068, 0.0019),
                (0.00932198204, -0.0069013121, 0.0019),
                (0.00925093037, -0.00699758369, 0.0019),
                (0.009172883, -0.00708827638, 0.0019),
                (0.00908827638, -0.007172883, 0.0019),
                (0.00899758368, -0.00725093037, 0.0019),
                (0.00890131209, -0.00732198204, 0.0019),
                (0.0088, -0.00738564065, 0.0019),
                (0.00869421398, -0.00744155019, 0.0019),
                (0.00858454564, -0.007489398, 0.0019),
                (0.00847160828, -0.00752891649, 0.0019),
                (0.00835603349, -0.00755988466, 0.0019),
                (0.00823846763, -0.00758212932, 0.0019),
                (0.00811956815, -0.00759552608, 0.0019),
                (-0.0042, -0.025, 0.004),
                (0.0042, -0.025, 0.004),
                (0.0075, -0.0217, 0.004),
                (0.00725339069, -0.0217092275, 0.004),
                (0.00700816052, -0.0217368583, 0.004),
                (0.00676568092, -0.0217827379, 0.004),
                (0.00652730792, -0.0218466097, 0.004),
                (0.00629437462, -0.0219281166, 0.004),
                (0.00606818366, -0.0220268027, 0.004),
                (0.00585, -0.0221421162, 0.004),
                (0.00564104381, -0.022273412, 0.004),
                (0.00544248365, -0.0224199561, 0.004),
                (0.00525542997, -0.0225809288, 0.004),
                (0.00508092882, -0.02275543, 0.004),
                (0.00491995611, -0.0229424837, 0.004),
                (0.00477341204, -0.0231410438, 0.004),
                (0.00464211617, -0.02335, 0.004),
                (0.00452680274, -0.0235681837, 0.004),
                (0.00442811663, -0.0237943746, 0.004),
                (0.00434660974, -0.0240273079, 0.004),
                (0.00428273789, -0.0242656809, 0.004),
                (0.00423685827, -0.0245081605, 0.004),
                (0.00420922747, -0.0247533907, 0.004),
                (-0.0075, -0.0217, 0.004),
                (-0.00420922747, -0.0247533907, 0.004),
                (-0.00423685827, -0.0245081605, 0.004),
                (-0.00428273789, -0.0242656809, 0.004),
                (-0.00434660974, -0.0240273079, 0.004),
                (-0.00442811663, -0.0237943746, 0.004),
                (-0.00452680274, -0.0235681837, 0.004),
                (-0.00464211617, -0.02335, 0.004),
                (-0.00477341204, -0.0231410438, 0.004),
                (-0.00491995611, -0.0229424837, 0.004),
                (-0.00508092882, -0.02275543, 0.004),
                (-0.00525542997, -0.0225809288, 0.004),
                (-0.00544248365, -0.0224199561, 0.004),
                (-0.00564104381, -0.022273412, 0.004),
                (-0.00585, -0.0221421162, 0.004),
                (-0.00606818366, -0.0220268027, 0.004),
                (-0.00629437462, -0.0219281166, 0.004),
                (-0.00652730792, -0.0218466097, 0.004),
                (-0.00676568092, -0.0217827379, 0.004),
                (-0.00700816052, -0.0217368583, 0.004),
                (-0.00725339069, -0.0217092275, 0.004),
                (-0.0045, -0.0282, 0.0019),
                (-0.0075, -0.022, 0.0019),
                (-0.0045, -0.025, 0.0019),
                (-0.00450838861, -0.0247758097, 0.0019),
                (-0.00453350752, -0.0245528732, 0.0019),
                (-0.00457521626, -0.0243324372, 0.0019),
                (-0.00463328158, -0.0241157345, 0.0019),
                (-0.00470737875, -0.0239039769, 0.0019),
                (-0.0047970934, -0.0236983488, 0.0019),
                (-0.00490192379, -0.0235, 0.0019),
                (-0.00502128368, -0.0233100398, 0.0019),
                (-0.00515450555, -0.0231295306, 0.0019),
                (-0.00530084438, -0.0229594818, 0.0019),
                (-0.00545948179, -0.0228008444, 0.0019),
                (-0.00562953059, -0.0226545056, 0.0019),
                (-0.00581003983, -0.0225212837, 0.0019),
                (-0.006, -0.0224019238, 0.0019),
                (-0.00619834878, -0.0222970934, 0.0019),
                (-0.00640397693, -0.0222073788, 0.0019),
                (-0.00661573448, -0.0221332816, 0.0019),
                (-0.0068324372, -0.0220752163, 0.0019),
                (-0.0070528732, -0.0220335075, 0.0019),
                (-0.00727580972, -0.0220083886, 0.0019),
                (-0.008, -0.0234, 0.0019),
                (-0.00811956815, -0.0234044739, 0.0019),
                (-0.00823846763, -0.0234178707, 0.0019),
                (-0.00835603349, -0.0234401153, 0.0019),
                (-0.00847160828, -0.0234710835, 0.0019),
                (-0.00858454564, -0.023510602, 0.0019),
                (-0.00869421398, -0.0235584498, 0.0019),
                (-0.0088, -0.0236143594, 0.0019),
                (-0.00890131209, -0.023678018, 0.0019),
                (-0.00899758368, -0.0237490696, 0.0019),
                (-0.00908827638, -0.023827117, 0.0019),
                (-0.00917288299, -0.0239117236, 0.0019),
                (-0.00925093037, -0.0240024163, 0.0019),
                (-0.00932198204, -0.0240986879, 0.0019),
                (-0.00938564065, -0.0242, 0.0019),
                (-0.00944155019, -0.024305786, 0.0019),
                (-0.009489398, -0.0244154544, 0.0019),
                (-0.00952891649, -0.0245283917, 0.0019),
                (-0.00955988466, -0.0246439665, 0.0019),
                (-0.00958212932, -0.0247615324, 0.0019),
                (-0.00959552608, -0.0248804319, 0.0019),
                (-0.0096, -0.025, 0.0019),
                (-0.00959552608, -0.0251195682, 0.0019),
                (-0.00958212932, -0.0252384676, 0.0019),
                (-0.00955988466, -0.0253560335, 0.0019),
                (-0.00952891649, -0.0254716083, 0.0019),
                (-0.009489398, -0.0255845456, 0.0019),
                (-0.00944155019, -0.025694214, 0.0019),
                (-0.00938564065, -0.0258, 0.0019),
                (-0.00932198204, -0.0259013121, 0.0019),
                (-0.00925093037, -0.0259975837, 0.0019),
                (-0.00917288299, -0.0260882764, 0.0019),
                (-0.00908827638, -0.026172883, 0.0019),
                (-0.00899758368, -0.0262509304, 0.0019),
                (-0.00890131209, -0.026321982, 0.0019),
                (-0.0088, -0.0263856406, 0.0019),
                (-0.00869421398, -0.0264415502, 0.0019),
                (-0.00858454564, -0.026489398, 0.0019),
                (-0.00847160828, -0.0265289165, 0.0019),
                (-0.00835603349, -0.0265598847, 0.0019),
                (-0.00823846763, -0.0265821293, 0.0019),
                (-0.00811956815, -0.0265955261, 0.0019),
                (-0.008, -0.0266, 0.0019),
                (-0.0075, -0.0266, 0.0019),
                (-0.0075, -0.0234, 0.0019),
                (-0.00738043185, -0.0234044739, 0.0019),
                (-0.00726153237, -0.0234178707, 0.0019),
                (-0.00714396651, -0.0234401153, 0.0019),
                (-0.00702839172, -0.0234710835, 0.0019),
                (-0.00691545436, -0.023510602, 0.0019),
                (-0.00680578602, -0.0235584498, 0.0019),
                (-0.0067, -0.0236143594, 0.0019),
                (-0.00659868791, -0.023678018, 0.0019),
                (-0.00650241632, -0.0237490696, 0.0019),
                (-0.00641172362, -0.023827117, 0.0019),
                (-0.006327117, -0.0239117236, 0.0019),
                (-0.00624906963, -0.0240024163, 0.0019),
                (-0.00617801796, -0.0240986879, 0.0019),
                (-0.00611435935, -0.0242, 0.0019),
                (-0.00605844981, -0.024305786, 0.0019),
                (-0.006010602, -0.0244154544, 0.0019),
                (-0.00597108351, -0.0245283917, 0.0019),
                (-0.00594011534, -0.0246439665, 0.0019),
                (-0.00591787068, -0.0247615324, 0.0019),
                (-0.00590447392, -0.0248804319, 0.0019),
                (-0.0059, -0.025, 0.0019),
                (-0.00590447392, -0.0251195682, 0.0019),
                (-0.00591787068, -0.0252384676, 0.0019),
                (-0.00594011534, -0.0253560335, 0.0019),
                (-0.00597108351, -0.0254716083, 0.0019),
                (-0.006010602, -0.0255845456, 0.0019),
                (-0.00605844981, -0.025694214, 0.0019),
                (-0.00611435935, -0.0258, 0.0019),
                (-0.00617801796, -0.0259013121, 0.0019),
                (-0.00624906963, -0.0259975837, 0.0019),
                (-0.006327117, -0.0260882764, 0.0019),
                (-0.00641172362, -0.026172883, 0.0019),
                (-0.00650241632, -0.0262509304, 0.0019),
                (-0.00659868791, -0.026321982, 0.0019),
                (-0.0067, -0.0263856406, 0.0019),
                (-0.00680578602, -0.0264415502, 0.0019),
                (-0.00691545436, -0.026489398, 0.0019),
                (-0.00702839172, -0.0265289165, 0.0019),
                (-0.00714396651, -0.0265598847, 0.0019),
                (-0.00726153237, -0.0265821293, 0.0019),
                (-0.00738043185, -0.0265955261, 0.0019),
                (-0.0045, -0.0028, 0.0019),
                (-0.0075, -0.009, 0.0019),
                (-0.0045, -0.006, 0.0019),
                (-0.00727580972, -0.00899161139, 0.0019),
                (-0.0070528732, -0.00896649248, 0.0019),
                (-0.0068324372, -0.00892478374, 0.0019),
                (-0.00661573448, -0.00886671842, 0.0019),
                (-0.00640397693, -0.00879262125, 0.0019),
                (-0.00619834878, -0.00870290661, 0.0019),
                (-0.006, -0.00859807621, 0.0019),
                (-0.00581003983, -0.00847871633, 0.0019),
                (-0.00562953059, -0.00834549445, 0.0019),
                (-0.00545948179, -0.00819915562, 0.0019),
                (-0.00530084438, -0.00804051822, 0.0019),
                (-0.00515450555, -0.00787046941, 0.0019),
                (-0.00502128368, -0.00768996018, 0.0019),
                (-0.00490192379, -0.0075, 0.0019),
                (-0.0047970934, -0.00730165122, 0.0019),
                (-0.00470737875, -0.00709602308, 0.0019),
                (-0.00463328158, -0.00688426553, 0.0019),
                (-0.00457521626, -0.0066675628, 0.0019),
                (-0.00453350752, -0.0064471268, 0.0019),
                (-0.00450838861, -0.00622419028, 0.0019),
                (-0.008, -0.0044, 0.0019),
                (-0.00811956815, -0.00440447393, 0.0019),
                (-0.00823846763, -0.00441787068, 0.0019),
                (-0.00835603349, -0.00444011534, 0.0019),
                (-0.00847160828, -0.00447108351, 0.0019),
                (-0.00858454564, -0.00451060201, 0.0019),
                (-0.00869421398, -0.00455844981, 0.0019),
                (-0.0088, -0.00461435936, 0.0019),
                (-0.00890131209, -0.00467801796, 0.0019),
                (-0.00899758368, -0.00474906963, 0.0019),
                (-0.00908827638, -0.00482711701, 0.0019),
                (-0.00917288299, -0.00491172362, 0.0019),
                (-0.00925093037, -0.00500241632, 0.0019),
                (-0.00932198204, -0.00509868791, 0.0019),
                (-0.00938564065, -0.0052, 0.0019),
                (-0.00944155019, -0.00530578602, 0.0019),
                (-0.009489398, -0.00541545436, 0.0019),
                (-0.00952891649, -0.00552839172, 0.0019),
                (-0.00955988466, -0.00564396651, 0.0019),
                (-0.00958212932, -0.00576153238, 0.0019),
                (-0.00959552608, -0.00588043185, 0.0019),
                (-0.0096, -0.006, 0.0019),
                (-0.00959552608, -0.00611956815, 0.0019),
                (-0.00958212932, -0.00623846763, 0.0019),
                (-0.00955988466, -0.0063560335, 0.0019),
                (-0.00952891649, -0.00647160828, 0.0019),
                (-0.009489398, -0.00658454564, 0.0019),
                (-0.00944155019, -0.00669421399, 0.0019),
                (-0.00938564065, -0.0068, 0.0019),
                (-0.00932198204, -0.0069013121, 0.0019),
                (-0.00925093037, -0.00699758369, 0.0019),
                (-0.00917288299, -0.00708827638, 0.0019),
                (-0.00908827638, -0.007172883, 0.0019),
                (-0.00899758368, -0.00725093037, 0.0019),
                (-0.00890131209, -0.00732198204, 0.0019),
                (-0.0088, -0.00738564065, 0.0019),
                (-0.00869421398, -0.00744155019, 0.0019),
                (-0.00858454564, -0.007489398, 0.0019),
                (-0.00847160828, -0.00752891649, 0.0019),
                (-0.00835603349, -0.00755988466, 0.0019),
                (-0.00823846763, -0.00758212932, 0.0019),
                (-0.00811956815, -0.00759552608, 0.0019),
                (-0.008, -0.0076, 0.0019),
                (-0.0075, -0.0076, 0.0019),
                (-0.0075, -0.0044, 0.0019),
                (-0.00738043185, -0.00440447393, 0.0019),
                (-0.00726153237, -0.00441787068, 0.0019),
                (-0.00714396651, -0.00444011534, 0.0019),
                (-0.00702839172, -0.00447108351, 0.0019),
                (-0.00691545436, -0.00451060201, 0.0019),
                (-0.00680578602, -0.00455844981, 0.0019),
                (-0.0067, -0.00461435936, 0.0019),
                (-0.00659868791, -0.00467801796, 0.0019),
                (-0.00650241632, -0.00474906963, 0.0019),
                (-0.00641172362, -0.00482711701, 0.0019),
                (-0.006327117, -0.00491172362, 0.0019),
                (-0.00624906963, -0.00500241632, 0.0019),
                (-0.00617801796, -0.00509868791, 0.0019),
                (-0.00611435935, -0.0052, 0.0019),
                (-0.00605844981, -0.00530578602, 0.0019),
                (-0.006010602, -0.00541545436, 0.0019),
                (-0.00597108351, -0.00552839172, 0.0019),
                (-0.00594011534, -0.00564396651, 0.0019),
                (-0.00591787068, -0.00576153238, 0.0019),
                (-0.00590447392, -0.00588043185, 0.0019),
                (-0.0059, -0.006, 0.0019),
                (-0.00590447392, -0.00611956815, 0.0019),
                (-0.00591787068, -0.00623846763, 0.0019),
                (-0.00594011534, -0.0063560335, 0.0019),
                (-0.00597108351, -0.00647160828, 0.0019),
                (-0.006010602, -0.00658454564, 0.0019),
                (-0.00605844981, -0.00669421399, 0.0019),
                (-0.00611435935, -0.0068, 0.0019),
                (-0.00617801796, -0.0069013121, 0.0019),
                (-0.00624906963, -0.00699758369, 0.0019),
                (-0.006327117, -0.00708827638, 0.0019),
                (-0.00641172362, -0.007172883, 0.0019),
                (-0.00650241632, -0.00725093037, 0.0019),
                (-0.00659868791, -0.00732198204, 0.0019),
                (-0.0067, -0.00738564065, 0.0019),
                (-0.00680578602, -0.00744155019, 0.0019),
                (-0.00691545436, -0.007489398, 0.0019),
                (-0.00702839172, -0.00752891649, 0.0019),
                (-0.00714396651, -0.00755988466, 0.0019),
                (-0.00726153237, -0.00758212932, 0.0019),
                (-0.00738043185, -0.00759552608, 0.0019),
                (-0.0075, -0.009, 0.0037),
                (-0.0075, -0.022, 0.0037),
                (-0.00727580972, -0.00899161139, 0.0037),
                (-0.0070528732, -0.00896649248, 0.0037),
                (-0.0068324372, -0.00892478374, 0.0037),
                (-0.00661573448, -0.00886671842, 0.0037),
                (-0.00640397693, -0.00879262125, 0.0037),
                (-0.00619834878, -0.00870290661, 0.0037),
                (-0.006, -0.00859807621, 0.0037),
                (-0.00581003983, -0.00847871633, 0.0037),
                (-0.00562953059, -0.00834549445, 0.0037),
                (-0.00545948179, -0.00819915562, 0.0037),
                (-0.00530084438, -0.00804051822, 0.0037),
                (-0.00515450555, -0.00787046941, 0.0037),
                (-0.00502128368, -0.00768996018, 0.0037),
                (-0.00490192379, -0.0075, 0.0037),
                (-0.0047970934, -0.00730165122, 0.0037),
                (-0.00470737875, -0.00709602308, 0.0037),
                (-0.00463328158, -0.00688426553, 0.0037),
                (-0.00457521626, -0.0066675628, 0.0037),
                (-0.00453350752, -0.0064471268, 0.0037),
                (-0.00450838861, -0.00622419028, 0.0037),
                (-0.0045, -0.006, 0.0037),
                (-0.0045, -0.0028, 0.0037),
                (0.0045, -0.006, 0.0037),
                (0.0045, -0.0028, 0.0037),
                (0.00450838861, -0.00622419028, 0.0037),
                (0.00453350752, -0.0064471268, 0.0037),
                (0.00457521626, -0.0066675628, 0.0037),
                (0.00463328158, -0.00688426553, 0.0037),
                (0.00470737875, -0.00709602308, 0.0037),
                (0.0047970934, -0.00730165122, 0.0037),
                (0.00490192379, -0.0075, 0.0037),
                (0.00502128368, -0.00768996018, 0.0037),
                (0.00515450555, -0.00787046941, 0.0037),
                (0.00530084438, -0.00804051822, 0.0037),
                (0.00545948179, -0.00819915562, 0.0037),
                (0.00562953059, -0.00834549445, 0.0037),
                (0.00581003983, -0.00847871633, 0.0037),
                (0.006, -0.00859807621, 0.0037),
                (0.00619834878, -0.00870290661, 0.0037),
                (0.00640397693, -0.00879262125, 0.0037),
                (0.00661573448, -0.00886671842, 0.0037),
                (0.0068324372, -0.00892478374, 0.0037),
                (0.0070528732, -0.00896649248, 0.0037),
                (0.00727580972, -0.00899161139, 0.0037),
                (0.00727580972, -0.0220083886, 0.0037),
                (0.0070528732, -0.0220335075, 0.0037),
                (0.0068324372, -0.0220752163, 0.0037),
                (0.00661573448, -0.0221332816, 0.0037),
                (0.00640397693, -0.0222073788, 0.0037),
                (0.00619834878, -0.0222970934, 0.0037),
                (0.006, -0.0224019238, 0.0037),
                (0.00581003983, -0.0225212837, 0.0037),
                (0.00562953059, -0.0226545056, 0.0037),
                (0.00545948179, -0.0228008444, 0.0037),
                (0.00530084438, -0.0229594818, 0.0037),
                (0.00515450555, -0.0231295306, 0.0037),
                (0.00502128368, -0.0233100398, 0.0037),
                (0.00490192379, -0.0235, 0.0037),
                (0.0047970934, -0.0236983488, 0.0037),
                (0.00470737875, -0.0239039769, 0.0037),
                (0.00463328158, -0.0241157345, 0.0037),
                (0.00457521626, -0.0243324372, 0.0037),
                (0.00453350752, -0.0245528732, 0.0037),
                (0.00450838861, -0.0247758097, 0.0037),
                (0.0045, -0.025, 0.0037),
                (0.0045, -0.0282, 0.0037),
                (-0.0045, -0.0282, 0.0037),
                (0.0042, -0.0282, 0.004),
                (-0.0042, -0.0282, 0.004),
                (-0.0065, -0.0155, 0.004),
                (-0.0065027962, -0.0154252699, 0.004),
                (-0.00651116917, -0.0153509577, 0.004),
                (-0.00652507209, -0.0152774791, 0.004),
                (-0.00654442719, -0.0152052448, 0.004),
                (-0.00656912625, -0.015134659, 0.004),
                (-0.00659903113, -0.0150661163, 0.004),
                (-0.0066339746, -0.015, 0.004),
                (-0.00667376123, -0.0149366799, 0.004),
                (-0.00671816852, -0.0148765102, 0.004),
                (-0.00676694813, -0.0148198273, 0.004),
                (-0.00681982726, -0.0147669481, 0.004),
                (-0.0068765102, -0.0147181685, 0.004),
                (-0.00693667994, -0.0146737612, 0.004),
                (-0.007, -0.0146339746, 0.004),
                (-0.00706611626, -0.0145990311, 0.004),
                (-0.00713465898, -0.0145691263, 0.004),
                (-0.00720524483, -0.0145444272, 0.004),
                (-0.00727747907, -0.0145250721, 0.004),
                (-0.00735095773, -0.0145111692, 0.004),
                (-0.00742526991, -0.0145027962, 0.004),
                (-0.0075, -0.0145, 0.004),
                (-0.00757473009, -0.0145027962, 0.004),
                (-0.00764904227, -0.0145111692, 0.004),
                (-0.00772252093, -0.0145250721, 0.004),
                (-0.00779475517, -0.0145444272, 0.004),
                (-0.00786534102, -0.0145691263, 0.004),
                (-0.00793388374, -0.0145990311, 0.004),
                (-0.008, -0.0146339746, 0.004),
                (-0.00806332006, -0.0146737612, 0.004),
                (-0.0081234898, -0.0147181685, 0.004),
                (-0.00818017274, -0.0147669481, 0.004),
                (-0.00823305187, -0.0148198273, 0.004),
                (-0.00828183148, -0.0148765102, 0.004),
                (-0.00832623877, -0.0149366799, 0.004),
                (-0.0083660254, -0.015, 0.004),
                (-0.00840096887, -0.0150661163, 0.004),
                (-0.00843087375, -0.015134659, 0.004),
                (-0.00845557281, -0.0152052448, 0.004),
                (-0.00847492791, -0.0152774791, 0.004),
                (-0.00848883083, -0.0153509577, 0.004),
                (-0.0084972038, -0.0154252699, 0.004),
                (-0.0085, -0.0155, 0.004),
                (-0.0084972038, -0.0155747301, 0.004),
                (-0.00848883083, -0.0156490423, 0.004),
                (-0.00847492791, -0.0157225209, 0.004),
                (-0.00845557281, -0.0157947552, 0.004),
                (-0.00843087375, -0.015865341, 0.004),
                (-0.00840096887, -0.0159338837, 0.004),
                (-0.0083660254, -0.016, 0.004),
                (-0.00832623877, -0.0160633201, 0.004),
                (-0.00828183148, -0.0161234898, 0.004),
                (-0.00823305187, -0.0161801727, 0.004),
                (-0.00818017274, -0.0162330519, 0.004),
                (-0.0081234898, -0.0162818315, 0.004),
                (-0.00806332006, -0.0163262388, 0.004),
                (-0.008, -0.0163660254, 0.004),
                (-0.00793388374, -0.0164009689, 0.004),
                (-0.00786534102, -0.0164308738, 0.004),
                (-0.00779475517, -0.0164555728, 0.004),
                (-0.00772252093, -0.0164749279, 0.004),
                (-0.00764904227, -0.0164888308, 0.004),
                (-0.00757473009, -0.0164972038, 0.004),
                (-0.0075, -0.0165, 0.004),
                (-0.00742526991, -0.0164972038, 0.004),
                (-0.00735095773, -0.0164888308, 0.004),
                (-0.00727747907, -0.0164749279, 0.004),
                (-0.00720524483, -0.0164555728, 0.004),
                (-0.00713465898, -0.0164308738, 0.004),
                (-0.00706611626, -0.0164009689, 0.004),
                (-0.007, -0.0163660254, 0.004),
                (-0.00693667994, -0.0163262388, 0.004),
                (-0.0068765102, -0.0162818315, 0.004),
                (-0.00681982726, -0.0162330519, 0.004),
                (-0.00676694813, -0.0161801727, 0.004),
                (-0.00671816852, -0.0161234898, 0.004),
                (-0.00667376123, -0.0160633201, 0.004),
                (-0.0066339746, -0.016, 0.004),
                (-0.00659903113, -0.0159338837, 0.004),
                (-0.00656912625, -0.015865341, 0.004),
                (-0.00654442719, -0.0157947552, 0.004),
                (-0.00652507209, -0.0157225209, 0.004),
                (-0.00651116917, -0.0156490423, 0.004),
                (-0.0065027962, -0.0155747301, 0.004),
                (0.0085, -0.0155, 0.004),
                (0.0084972038, -0.0154252699, 0.004),
                (0.00848883083, -0.0153509577, 0.004),
                (0.00847492791, -0.0152774791, 0.004),
                (0.00845557281, -0.0152052448, 0.004),
                (0.00843087375, -0.015134659, 0.004),
                (0.00840096887, -0.0150661163, 0.004),
                (0.0083660254, -0.015, 0.004),
                (0.00832623877, -0.0149366799, 0.004),
                (0.00828183148, -0.0148765102, 0.004),
                (0.00823305187, -0.0148198273, 0.004),
                (0.00818017274, -0.0147669481, 0.004),
                (0.0081234898, -0.0147181685, 0.004),
                (0.00806332006, -0.0146737612, 0.004),
                (0.008, -0.0146339746, 0.004),
                (0.00793388374, -0.0145990311, 0.004),
                (0.00786534102, -0.0145691263, 0.004),
                (0.00779475517, -0.0145444272, 0.004),
                (0.00772252093, -0.0145250721, 0.004),
                (0.00764904227, -0.0145111692, 0.004),
                (0.00757473009, -0.0145027962, 0.004),
                (0.0075, -0.0145, 0.004),
                (0.00742526991, -0.0145027962, 0.004),
                (0.00735095773, -0.0145111692, 0.004),
                (0.00727747907, -0.0145250721, 0.004),
                (0.00720524483, -0.0145444272, 0.004),
                (0.00713465898, -0.0145691263, 0.004),
                (0.00706611626, -0.0145990311, 0.004),
                (0.007, -0.0146339746, 0.004),
                (0.00693667994, -0.0146737612, 0.004),
                (0.0068765102, -0.0147181685, 0.004),
                (0.00681982726, -0.0147669481, 0.004),
                (0.00676694813, -0.0148198273, 0.004),
                (0.00671816852, -0.0148765102, 0.004),
                (0.00667376123, -0.0149366799, 0.004),
                (0.0066339746, -0.015, 0.004),
                (0.00659903113, -0.0150661163, 0.004),
                (0.00656912625, -0.015134659, 0.004),
                (0.00654442719, -0.0152052448, 0.004),
                (0.00652507209, -0.0152774791, 0.004),
                (0.00651116917, -0.0153509577, 0.004),
                (0.0065027962, -0.0154252699, 0.004),
                (0.0065, -0.0155, 0.004),
                (0.0065027962, -0.0155747301, 0.004),
                (0.00651116917, -0.0156490423, 0.004),
                (0.00652507209, -0.0157225209, 0.004),
                (0.00654442719, -0.0157947552, 0.004),
                (0.00656912625, -0.015865341, 0.004),
                (0.00659903113, -0.0159338837, 0.004),
                (0.0066339746, -0.016, 0.004),
                (0.00667376123, -0.0160633201, 0.004),
                (0.00671816852, -0.0161234898, 0.004),
                (0.00676694813, -0.0161801727, 0.004),
                (0.00681982726, -0.0162330519, 0.004),
                (0.0068765102, -0.0162818315, 0.004),
                (0.00693667994, -0.0163262388, 0.004),
                (0.007, -0.0163660254, 0.004),
                (0.00706611626, -0.0164009689, 0.004),
                (0.00713465898, -0.0164308738, 0.004),
                (0.00720524483, -0.0164555728, 0.004),
                (0.00727747907, -0.0164749279, 0.004),
                (0.00735095773, -0.0164888308, 0.004),
                (0.00742526991, -0.0164972038, 0.004),
                (0.0075, -0.0165, 0.004),
                (0.00757473009, -0.0164972038, 0.004),
                (0.00764904227, -0.0164888308, 0.004),
                (0.00772252093, -0.0164749279, 0.004),
                (0.00779475517, -0.0164555728, 0.004),
                (0.00786534102, -0.0164308738, 0.004),
                (0.00793388374, -0.0164009689, 0.004),
                (0.008, -0.0163660254, 0.004),
                (0.00806332006, -0.0163262388, 0.004),
                (0.0081234898, -0.0162818315, 0.004),
                (0.00818017274, -0.0162330519, 0.004),
                (0.00823305187, -0.0161801727, 0.004),
                (0.00828183148, -0.0161234898, 0.004),
                (0.00832623877, -0.0160633201, 0.004),
                (0.0083660254, -0.016, 0.004),
                (0.00840096887, -0.0159338837, 0.004),
                (0.00843087375, -0.015865341, 0.004),
                (0.00845557281, -0.0157947552, 0.004),
                (0.00847492791, -0.0157225209, 0.004),
                (0.00848883083, -0.0156490423, 0.004),
                (0.0084972038, -0.0155747301, 0.004),
                (-0.0045, -0.025, 0.0037),
                (-0.00450838861, -0.0247758097, 0.0037),
                (-0.00453350752, -0.0245528732, 0.0037),
                (-0.00457521626, -0.0243324372, 0.0037),
                (-0.00463328158, -0.0241157345, 0.0037),
                (-0.00470737875, -0.0239039769, 0.0037),
                (-0.0047970934, -0.0236983488, 0.0037),
                (-0.00490192379, -0.0235, 0.0037),
                (-0.00502128368, -0.0233100398, 0.0037),
                (-0.00515450555, -0.0231295306, 0.0037),
                (-0.00530084438, -0.0229594818, 0.0037),
                (-0.00545948179, -0.0228008444, 0.0037),
                (-0.00562953059, -0.0226545056, 0.0037),
                (-0.00581003983, -0.0225212837, 0.0037),
                (-0.006, -0.0224019238, 0.0037),
                (-0.00619834878, -0.0222970934, 0.0037),
                (-0.00640397693, -0.0222073788, 0.0037),
                (-0.00661573448, -0.0221332816, 0.0037),
                (-0.0068324372, -0.0220752163, 0.0037),
                (-0.0070528732, -0.0220335075, 0.0037),
                (-0.00727580972, -0.0220083886, 0.0037),
                (-0.0075, -0.0155, 0.00460086062),
                (-0.0073, -0.0155, 0.0044806885),
                (-0.0071, -0.0155, 0.00436051637),
                (-0.0069, -0.0155, 0.00424034425),
                (-0.0067, -0.0155, 0.00412017212),
                (-0.00730223383, -0.0154701915, 0.0044806885),
                (-0.00730888544, -0.015441049, 0.0044806885),
                (-0.00731980623, -0.0154132233, 0.0044806885),
                (-0.00733475224, -0.015387336, 0.0044806885),
                (-0.00710446767, -0.0154403831, 0.00436051637),
                (-0.00735338963, -0.0153639655, 0.0044806885),
                (-0.00711777088, -0.0153820979, 0.00436051637),
                (-0.00737530204, -0.0153436337, 0.0044806885),
                (-0.00713961245, -0.0153264465, 0.00436051637),
                (-0.0074, -0.0153267949, 0.0044806885),
                (-0.00716950449, -0.015274672, 0.00436051637),
                (-0.0069067015, -0.0154105746, 0.00424034425),
                (-0.00742693179, -0.0153138253, 0.0044806885),
                (-0.00720677925, -0.0152279309, 0.00436051637),
                (-0.00692665632, -0.0153231469, 0.00424034425),
                (-0.00745549581, -0.0153050144, 0.0044806885),
                (-0.00725060408, -0.0151872674, 0.00436051637),
                (-0.00695941868, -0.0152396698, 0.00424034425),
                (-0.00748505398, -0.0153005592, 0.0044806885),
                (-0.0073, -0.0151535898, 0.00436051637),
                (-0.00700425674, -0.015162008, 0.00424034425),
                (-0.00670893534, -0.0153807662, 0.00412017212),
                (-0.00751494602, -0.0153005592, 0.0044806885),
                (-0.00735386359, -0.0151276505, 0.00436051637),
                (-0.00706016888, -0.0150918964, 0.00424034425),
                (-0.00673554176, -0.0152641959, 0.00412017212),
                (-0.00754450419, -0.0153050144, 0.0044806885),
                (-0.00741099163, -0.0151100288, 0.00436051637),
                (-0.00712590612, -0.0150309011, 0.00424034425),
                (-0.00677922491, -0.015152893, 0.00412017212),
                (-0.0075730682, -0.0153138253, 0.0044806885),
                (-0.00747010796, -0.0151011185, 0.00436051637),
                (-0.0072, -0.0149803848, 0.00424034425),
                (-0.00683900898, -0.015049344, 0.00412017212),
                (-0.0076, -0.0153267949, 0.0044806885),
                (-0.00752989204, -0.0151011185, 0.00436051637),
                (-0.00728079539, -0.0149414758, 0.00424034425),
                (-0.0069135585, -0.0149558618, 0.00412017212),
                (-0.00762469796, -0.0153436337, 0.0044806885),
                (-0.00758900837, -0.0151100288, 0.00436051637),
                (-0.00736648744, -0.0149150433, 0.00424034425),
                (-0.00700120816, -0.0148745348, 0.00412017212),
                (-0.00764661037, -0.0153639655, 0.0044806885),
                (-0.00764613641, -0.0151276505, 0.00436051637),
                (-0.00745516194, -0.0149016777, 0.00424034425),
                (-0.0071, -0.0148071797, 0.00412017212),
                (-0.00766524775, -0.015387336, 0.0044806885),
                (-0.0077, -0.0151535898, 0.00436051637),
                (-0.00754483806, -0.0149016777, 0.00424034425),
                (-0.00720772718, -0.014755301, 0.00412017212),
                (-0.00768019377, -0.0154132233, 0.0044806885),
                (-0.00774939592, -0.0151872674, 0.00436051637),
                (-0.00763351256, -0.0149150433, 0.00424034425),
                (-0.00732198325, -0.0147200577, 0.00412017212),
                (-0.00769111456, -0.015441049, 0.0044806885),
                (-0.00779322075, -0.0152279309, 0.00436051637),
                (-0.00771920461, -0.0149414758, 0.00424034425),
                (-0.00744021592, -0.014702237, 0.00412017212),
                (-0.00769776617, -0.0154701915, 0.0044806885),
                (-0.00783049551, -0.015274672, 0.00436051637),
                (-0.0078, -0.0149803848, 0.00424034425),
                (-0.00755978407, -0.014702237, 0.00412017212),
                (-0.0077, -0.0155, 0.0044806885),
                (-0.00786038755, -0.0153264465, 0.00436051637),
                (-0.00787409388, -0.0150309011, 0.00424034425),
                (-0.00767801675, -0.0147200577, 0.00412017212),
                (-0.00769776617, -0.0155298085, 0.0044806885),
                (-0.00788222912, -0.0153820979, 0.00436051637),
                (-0.00793983112, -0.0150918964, 0.00424034425),
                (-0.00779227282, -0.014755301, 0.00412017212),
                (-0.00769111456, -0.015558951, 0.0044806885),
                (-0.00789553233, -0.0154403831, 0.00436051637),
                (-0.00799574326, -0.015162008, 0.00424034425),
                (-0.0079, -0.0148071797, 0.00412017212),
                (-0.00768019377, -0.0155867768, 0.0044806885),
                (-0.0079, -0.0155, 0.00436051637),
                (-0.00804058132, -0.0152396698, 0.00424034425),
                (-0.00799879184, -0.0148745348, 0.00412017212),
                (-0.00766524775, -0.015612664, 0.0044806885),
                (-0.00789553233, -0.0155596169, 0.00436051637),
                (-0.00807334368, -0.0153231469, 0.00424034425),
                (-0.0080864415, -0.0149558618, 0.00412017212),
                (-0.00764661037, -0.0156360346, 0.0044806885),
                (-0.00788222912, -0.0156179021, 0.00436051637),
                (-0.0080932985, -0.0154105746, 0.00424034425),
                (-0.00816099102, -0.015049344, 0.00412017212),
                (-0.00762469796, -0.0156563663, 0.0044806885),
                (-0.00786038755, -0.0156735535, 0.00436051637),
                (-0.0081, -0.0155, 0.00424034425),
                (-0.00822077509, -0.015152893, 0.00412017212),
                (-0.0076, -0.0156732051, 0.0044806885),
                (-0.00783049551, -0.015725328, 0.00436051637),
                (-0.0080932985, -0.0155894254, 0.00424034425),
                (-0.00826445824, -0.0152641959, 0.00412017212),
                (-0.0075730682, -0.0156861748, 0.0044806885),
                (-0.00779322075, -0.0157720691, 0.00436051637),
                (-0.00807334368, -0.0156768531, 0.00424034425),
                (-0.00829106466, -0.0153807662, 0.00412017212),
                (-0.00754450419, -0.0156949856, 0.0044806885),
                (-0.00774939592, -0.0158127326, 0.00436051637),
                (-0.00804058132, -0.0157603302, 0.00424034425),
                (-0.0083, -0.0155, 0.00412017212),
                (-0.00751494602, -0.0156994408, 0.0044806885),
                (-0.0077, -0.0158464102, 0.00436051637),
                (-0.00799574326, -0.015837992, 0.00424034425),
                (-0.00829106466, -0.0156192338, 0.00412017212),
                (-0.00748505398, -0.0156994408, 0.0044806885),
                (-0.00764613641, -0.0158723495, 0.00436051637),
                (-0.00793983112, -0.0159081036, 0.00424034425),
                (-0.00826445824, -0.0157358041, 0.00412017212),
                (-0.00745549581, -0.0156949856, 0.0044806885),
                (-0.00758900837, -0.0158899712, 0.00436051637),
                (-0.00787409388, -0.0159690989, 0.00424034425),
                (-0.00822077509, -0.015847107, 0.00412017212),
                (-0.00742693179, -0.0156861748, 0.0044806885),
                (-0.00752989204, -0.0158988815, 0.00436051637),
                (-0.0078, -0.0160196152, 0.00424034425),
                (-0.00816099102, -0.015950656, 0.00412017212),
                (-0.0074, -0.0156732051, 0.0044806885),
                (-0.00747010796, -0.0158988815, 0.00436051637),
                (-0.00771920461, -0.0160585243, 0.00424034425),
                (-0.0080864415, -0.0160441382, 0.00412017212),
                (-0.00737530204, -0.0156563663, 0.0044806885),
                (-0.00741099163, -0.0158899712, 0.00436051637),
                (-0.00763351256, -0.0160849568, 0.00424034425),
                (-0.00799879184, -0.0161254652, 0.00412017212),
                (-0.00735338963, -0.0156360346, 0.0044806885),
                (-0.00735386359, -0.0158723495, 0.00436051637),
                (-0.00754483806, -0.0160983223, 0.00424034425),
                (-0.0079, -0.0161928203, 0.00412017212),
                (-0.00733475224, -0.015612664, 0.0044806885),
                (-0.0073, -0.0158464102, 0.00436051637),
                (-0.00745516194, -0.0160983223, 0.00424034425),
                (-0.00779227282, -0.016244699, 0.00412017212),
                (-0.00731980623, -0.0155867768, 0.0044806885),
                (-0.00725060408, -0.0158127326, 0.00436051637),
                (-0.00736648744, -0.0160849568, 0.00424034425),
                (-0.00767801675, -0.0162799423, 0.00412017212),
                (-0.00730888544, -0.015558951, 0.0044806885),
                (-0.00720677925, -0.0157720691, 0.00436051637),
                (-0.00728079539, -0.0160585243, 0.00424034425),
                (-0.00755978407, -0.016297763, 0.00412017212),
                (-0.00730223383, -0.0155298085, 0.0044806885),
                (-0.00716950449, -0.015725328, 0.00436051637),
                (-0.0072, -0.0160196152, 0.00424034425),
                (-0.00744021592, -0.016297763, 0.00412017212),
                (-0.00713961245, -0.0156735535, 0.00436051637),
                (-0.00712590612, -0.0159690989, 0.00424034425),
                (-0.00732198325, -0.0162799423, 0.00412017212),
                (-0.00711777088, -0.0156179021, 0.00436051637),
                (-0.00706016888, -0.0159081036, 0.00424034425),
                (-0.00720772718, -0.016244699, 0.00412017212),
                (-0.00710446767, -0.0155596169, 0.00436051637),
                (-0.00700425674, -0.015837992, 0.00424034425),
                (-0.0071, -0.0161928203, 0.00412017212),
                (-0.00695941868, -0.0157603302, 0.00424034425),
                (-0.00700120816, -0.0161254652, 0.00412017212),
                (-0.00692665632, -0.0156768531, 0.00424034425),
                (-0.0069135585, -0.0160441382, 0.00412017212),
                (-0.0069067015, -0.0155894254, 0.00424034425),
                (-0.00683900898, -0.015950656, 0.00412017212),
                (-0.00677922491, -0.015847107, 0.00412017212),
                (-0.00673554176, -0.0157358041, 0.00412017212),
                (-0.00670893534, -0.0156192338, 0.00412017212),
                (0.0075, -0.0155, 0.00460086062),
                (0.0077, -0.0155, 0.0044806885),
                (0.0079, -0.0155, 0.00436051637),
                (0.0081, -0.0155, 0.00424034425),
                (0.0083, -0.0155, 0.00412017212),
                (0.00769776617, -0.0154701915, 0.0044806885),
                (0.00769111456, -0.015441049, 0.0044806885),
                (0.00768019377, -0.0154132233, 0.0044806885),
                (0.00766524776, -0.015387336, 0.0044806885),
                (0.00789553233, -0.0154403831, 0.00436051637),
                (0.00764661037, -0.0153639655, 0.0044806885),
                (0.00788222912, -0.0153820979, 0.00436051637),
                (0.00762469796, -0.0153436337, 0.0044806885),
                (0.00786038755, -0.0153264465, 0.00436051637),
                (0.0076, -0.0153267949, 0.0044806885),
                (0.00783049551, -0.015274672, 0.00436051637),
                (0.0080932985, -0.0154105746, 0.00424034425),
                (0.00757306821, -0.0153138253, 0.0044806885),
                (0.00779322075, -0.0152279309, 0.00436051637),
                (0.00807334368, -0.0153231469, 0.00424034425),
                (0.00754450419, -0.0153050144, 0.0044806885),
                (0.00774939592, -0.0151872674, 0.00436051637),
                (0.00804058132, -0.0152396698, 0.00424034425),
                (0.00751494602, -0.0153005592, 0.0044806885),
                (0.0077, -0.0151535898, 0.00436051637),
                (0.00799574326, -0.015162008, 0.00424034425),
                (0.00829106466, -0.0153807662, 0.00412017212),
                (0.00748505398, -0.0153005592, 0.0044806885),
                (0.00764613641, -0.0151276505, 0.00436051637),
                (0.00793983112, -0.0150918964, 0.00424034425),
                (0.00826445824, -0.0152641959, 0.00412017212),
                (0.00745549581, -0.0153050144, 0.0044806885),
                (0.00758900837, -0.0151100288, 0.00436051637),
                (0.00787409388, -0.0150309011, 0.00424034425),
                (0.00822077509, -0.015152893, 0.00412017212),
                (0.0074269318, -0.0153138253, 0.0044806885),
                (0.00752989204, -0.0151011185, 0.00436051637),
                (0.0078, -0.0149803848, 0.00424034425),
                (0.00816099102, -0.015049344, 0.00412017212),
                (0.0074, -0.0153267949, 0.0044806885),
                (0.00747010796, -0.0151011185, 0.00436051637),
                (0.00771920461, -0.0149414758, 0.00424034425),
                (0.0080864415, -0.0149558618, 0.00412017212),
                (0.00737530204, -0.0153436337, 0.0044806885),
                (0.00741099163, -0.0151100288, 0.00436051637),
                (0.00763351256, -0.0149150433, 0.00424034425),
                (0.00799879184, -0.0148745348, 0.00412017212),
                (0.00735338963, -0.0153639655, 0.0044806885),
                (0.00735386359, -0.0151276505, 0.00436051637),
                (0.00754483806, -0.0149016777, 0.00424034425),
                (0.0079, -0.0148071797, 0.00412017212),
                (0.00733475225, -0.015387336, 0.0044806885),
                (0.0073, -0.0151535898, 0.00436051637),
                (0.00745516194, -0.0149016777, 0.00424034425),
                (0.00779227282, -0.014755301, 0.00412017212),
                (0.00731980623, -0.0154132233, 0.0044806885),
                (0.00725060408, -0.0151872674, 0.00436051637),
                (0.00736648744, -0.0149150433, 0.00424034425),
                (0.00767801675, -0.0147200577, 0.00412017212),
                (0.00730888544, -0.015441049, 0.0044806885),
                (0.00720677925, -0.0152279309, 0.00436051637),
                (0.00728079539, -0.0149414758, 0.00424034425),
                (0.00755978408, -0.014702237, 0.00412017212),
                (0.00730223383, -0.0154701915, 0.0044806885),
                (0.00716950449, -0.015274672, 0.00436051637),
                (0.0072, -0.0149803848, 0.00424034425),
                (0.00744021593, -0.014702237, 0.00412017212),
                (0.0073, -0.0155, 0.0044806885),
                (0.00713961245, -0.0153264465, 0.00436051637),
                (0.00712590612, -0.0150309011, 0.00424034425),
                (0.00732198325, -0.0147200577, 0.00412017212),
                (0.00730223383, -0.0155298085, 0.0044806885),
                (0.00711777088, -0.0153820979, 0.00436051637),
                (0.00706016888, -0.0150918964, 0.00424034425),
                (0.00720772718, -0.014755301, 0.00412017212),
                (0.00730888544, -0.015558951, 0.0044806885),
                (0.00710446767, -0.0154403831, 0.00436051637),
                (0.00700425674, -0.015162008, 0.00424034425),
                (0.0071, -0.0148071797, 0.00412017212),
                (0.00731980623, -0.0155867768, 0.0044806885),
                (0.0071, -0.0155, 0.00436051637),
                (0.00695941868, -0.0152396698, 0.00424034425),
                (0.00700120816, -0.0148745348, 0.00412017212),
                (0.00733475225, -0.015612664, 0.0044806885),
                (0.00710446767, -0.0155596169, 0.00436051637),
                (0.00692665632, -0.0153231469, 0.00424034425),
                (0.0069135585, -0.0149558618, 0.00412017212),
                (0.00735338963, -0.0156360346, 0.0044806885),
                (0.00711777088, -0.0156179021, 0.00436051637),
                (0.0069067015, -0.0154105746, 0.00424034425),
                (0.00683900898, -0.015049344, 0.00412017212),
                (0.00737530204, -0.0156563663, 0.0044806885),
                (0.00713961245, -0.0156735535, 0.00436051637),
                (0.0069, -0.0155, 0.00424034425),
                (0.00677922491, -0.015152893, 0.00412017212),
                (0.0074, -0.0156732051, 0.0044806885),
                (0.00716950449, -0.015725328, 0.00436051637),
                (0.0069067015, -0.0155894254, 0.00424034425),
                (0.00673554176, -0.0152641959, 0.00412017212),
                (0.0074269318, -0.0156861748, 0.0044806885),
                (0.00720677925, -0.0157720691, 0.00436051637),
                (0.00692665632, -0.0156768531, 0.00424034425),
                (0.00670893534, -0.0153807662, 0.00412017212),
                (0.00745549581, -0.0156949856, 0.0044806885),
                (0.00725060408, -0.0158127326, 0.00436051637),
                (0.00695941868, -0.0157603302, 0.00424034425),
                (0.0067, -0.0155, 0.00412017212),
                (0.00748505398, -0.0156994408, 0.0044806885),
                (0.0073, -0.0158464102, 0.00436051637),
                (0.00700425674, -0.015837992, 0.00424034425),
                (0.00670893534, -0.0156192338, 0.00412017212),
                (0.00751494602, -0.0156994408, 0.0044806885),
                (0.00735386359, -0.0158723495, 0.00436051637),
                (0.00706016888, -0.0159081036, 0.00424034425),
                (0.00673554176, -0.0157358041, 0.00412017212),
                (0.00754450419, -0.0156949856, 0.0044806885),
                (0.00741099163, -0.0158899712, 0.00436051637),
                (0.00712590612, -0.0159690989, 0.00424034425),
                (0.00677922491, -0.015847107, 0.00412017212),
                (0.00757306821, -0.0156861748, 0.0044806885),
                (0.00747010796, -0.0158988815, 0.00436051637),
                (0.0072, -0.0160196152, 0.00424034425),
                (0.00683900898, -0.015950656, 0.00412017212),
                (0.0076, -0.0156732051, 0.0044806885),
                (0.00752989204, -0.0158988815, 0.00436051637),
                (0.00728079539, -0.0160585243, 0.00424034425),
                (0.0069135585, -0.0160441382, 0.00412017212),
                (0.00762469796, -0.0156563663, 0.0044806885),
                (0.00758900837, -0.0158899712, 0.00436051637),
                (0.00736648744, -0.0160849568, 0.00424034425),
                (0.00700120816, -0.0161254652, 0.00412017212),
                (0.00764661037, -0.0156360346, 0.0044806885),
                (0.00764613641, -0.0158723495, 0.00436051637),
                (0.00745516194, -0.0160983223, 0.00424034425),
                (0.0071, -0.0161928203, 0.00412017212),
                (0.00766524776, -0.015612664, 0.0044806885),
                (0.0077, -0.0158464102, 0.00436051637),
                (0.00754483806, -0.0160983223, 0.00424034425),
                (0.00720772718, -0.016244699, 0.00412017212),
                (0.00768019377, -0.0155867768, 0.0044806885),
                (0.00774939592, -0.0158127326, 0.00436051637),
                (0.00763351256, -0.0160849568, 0.00424034425),
                (0.00732198325, -0.0162799423, 0.00412017212),
                (0.00769111456, -0.015558951, 0.0044806885),
                (0.00779322075, -0.0157720691, 0.00436051637),
                (0.00771920461, -0.0160585243, 0.00424034425),
                (0.00744021593, -0.016297763, 0.00412017212),
                (0.00769776617, -0.0155298085, 0.0044806885),
                (0.00783049551, -0.015725328, 0.00436051637),
                (0.0078, -0.0160196152, 0.00424034425),
                (0.00755978408, -0.016297763, 0.00412017212),
                (0.00786038755, -0.0156735535, 0.00436051637),
                (0.00787409388, -0.0159690989, 0.00424034425),
                (0.00767801675, -0.0162799423, 0.00412017212),
                (0.00788222912, -0.0156179021, 0.00436051637),
                (0.00793983112, -0.0159081036, 0.00424034425),
                (0.00779227282, -0.016244699, 0.00412017212),
                (0.00789553233, -0.0155596169, 0.00436051637),
                (0.00799574326, -0.015837992, 0.00424034425),
                (0.0079, -0.0161928203, 0.00412017212),
                (0.00804058132, -0.0157603302, 0.00424034425),
                (0.00799879184, -0.0161254652, 0.00412017212),
                (0.00807334368, -0.0156768531, 0.00424034425),
                (0.0080864415, -0.0160441382, 0.00412017212),
                (0.0080932985, -0.0155894254, 0.00424034425),
                (0.00816099102, -0.015950656, 0.00412017212),
                (0.00822077509, -0.015847107, 0.00412017212),
                (0.00826445824, -0.0157358041, 0.00412017212),
                (0.00829106466, -0.0156192338, 0.00412017212),
                (0.0129, -0.0018, 0.037),
                (-0.0129, -0.0018, 0.037),
                (0.0129, -0.0328222607, 0.037),
                (-0.0129, -0.0328222607, 0.037),
                (-0.0129, -5.98853762e-18, 0.025),
                (-0.0129, -1.63249935e-17, 0.14436467),
                (-0.0129, -2.71289673e-06, 0.14443828),
                (-0.0129, -1.08368673e-05, 0.144511491),
                (-0.0129, -2.43278327e-05, 0.144583905),
                (-0.0129, -4.31125938e-05, 0.144655129),
                (-0.0129, -6.70892284e-05, 0.144724778),
                (-0.0129, -9.6127644e-05, 0.144792473),
                (-0.0129, -0.000130070284, 0.144857846),
                (-0.0129, -0.000168732984, 0.144920544),
                (-0.0129, -0.000211905966, 0.144980225),
                (-0.0129, -0.000259354984, 0.145036567),
                (-0.0129, -0.000310822589, 0.145089263),
                (-0.0129, -0.000366029528, 0.145138028),
                (-0.0129, -0.00042467626, 0.145182596),
                (-0.0129, -0.00048644458, 0.145222727),
                (-0.0129, -0.000550999345, 0.145258202),
                (-0.0129, -0.000617990296, 0.145288829),
                (-0.0129, -0.000687053952, 0.145314441),
                (-0.0129, -0.000757815588, 0.145334901),
                (-0.0129, -0.000829891267, 0.145350096),
                (-0.0129, -0.000902889921, 0.145359944),
                (-0.0129, -0.000976415475, 0.145364392),
                (-0.0129, -0.00105006899, 0.145363416),
                (-0.0129, -0.00112345085, 0.145357021),
                (-0.0129, -0.00119616288, 0.145345242),
                (-0.0129, -0.00126781058, 0.145328142),
                (-0.0129, -0.00133800519, 0.145305815),
                (-0.0129, -0.00140636585, 0.145278381),
                (-0.0129, -0.00147252166, 0.145245989),
                (-0.0129, -0.00153611366, 0.145208816),
                (-0.0129, -0.00159679682, 0.145167063),
                (-0.0129, -0.00165424189, 0.145120956),
                (-0.0129, -0.00170813717, 0.145070745),
                (-0.0129, -0.00175819025, 0.145016704),
                (-0.0129, -0.00180412954, 0.144959124),
                (-0.0129, -0.00184570579, 0.14489832),
                (-0.0129, -0.0101751326, 0.13066884),
                (-0.0129, -0.0175384716, 0.115916259),
                (-0.0129, -0.0239030321, 0.100706071),
                (-0.0129, -0.0292405573, 0.0851058064),
                (-0.0129, -0.0335273503, 0.0691847247),
                (-0.0129, -0.0359053494, 0.0669173512),
                (-0.0129, -0.0356932352, 0.0669644042),
                (-0.0129, -0.0354850828, 0.0670266857),
                (-0.0129, -0.035281984, 0.0671038692),
                (-0.0129, -0.035085004, 0.0671955497),
                (-0.0129, -0.0348951762, 0.0673012464),
                (-0.0129, -0.034713496, 0.0674204048),
                (-0.0129, -0.0345409165, 0.0675524),
                (-0.0129, -0.034378343, 0.0676965397),
                (-0.0129, -0.034226628, 0.0678520678),
                (-0.0129, -0.0340865674, 0.0680181685),
                (-0.0129, -0.0339588958, 0.0681939706),
                (-0.0129, -0.0338442829, 0.068378552),
                (-0.0129, -0.0337433298, 0.0685709445),
                (-0.0129, -0.0336565661, 0.068770139),
                (-0.0129, -0.0335844468, 0.0689750908),
                (-0.0129, -0.0377492144, 0.0578236595),
                (-0.0129, -0.0380516142, 0.0580392361),
                (-0.0129, -0.0383371789, 0.0582766632),
                (-0.0129, -0.0386043333, 0.0585346311),
                (-0.0129, -0.0388516034, 0.0588117166),
                (-0.0129, -0.0390776252, 0.0591063911),
                (-0.0129, -0.0392811517, 0.0594170289),
                (-0.0129, -0.0394610602, 0.0597419163),
                (-0.0129, -0.0396163581, 0.060079261),
                (-0.0129, -0.0397461886, 0.060427202),
                (-0.0129, -0.0398498356, 0.0607838197),
                (-0.0129, -0.0399267272, 0.0611471468),
                (-0.0129, -0.0399764393, 0.0615151788),
                (-0.0129, -0.0399986976, 0.0618858855),
                (-0.0129, -0.0399933793, 0.0622572217),
                (-0.0129, -0.0399605138, 0.062627139),
                (-0.0129, -0.0399002823, 0.0629935964),
                (-0.0129, -0.0398130171, 0.0633545724),
                (-0.0129, -0.0396991997, 0.0637080756),
                (-0.0129, -0.039559458, 0.0640521557),
                (-0.0129, -0.0393945628, 0.0643849146),
                (-0.0129, -0.039205424, 0.0647045165),
                (-0.0129, -0.0389930848, 0.0650091982),
                (-0.0129, -0.0387587167, 0.0652972789),
                (-0.0129, -0.0385036128, 0.0655671694),
                (-0.0129, -0.0382291802, 0.0658173806),
                (-0.0129, -0.0379369331, 0.0660465323),
                (-0.0129, -0.0376284836, 0.0662533603),
                (-0.0129, -0.0373055334, 0.0664367235),
                (-0.0129, -0.0369698642, 0.0665956104),
                (-0.0129, -0.0366233277, 0.0667291444),
                (-0.0129, -0.0362678357, 0.0668365889),
                (-0.0129, -0.0364421963, 0.0548091004),
                (-0.0129, -0.0364131285, 0.0550244176),
                (-0.0129, -0.0363997207, 0.0552412738),
                (-0.0129, -0.0364020432, 0.0554585318),
                (-0.0129, -0.0364200839, 0.0556750519),
                (-0.0129, -0.0364537481, 0.0558896984),
                (-0.0129, -0.0365028593, 0.0561013455),
                (-0.0129, -0.0365671598, 0.0563088831),
                (-0.0129, -0.0366463125, 0.0565112226),
                (-0.0129, -0.036739902, 0.0567073027),
                (-0.0129, -0.0368474377, 0.0568960949),
                (-0.0129, -0.0369683553, 0.057076609),
                (-0.0129, -0.0371020206, 0.0572478982),
                (-0.0129, -0.0372477327, 0.057409064),
                (-0.0129, -0.0374047271, 0.0575592611),
                (-0.0129, -0.0375721805, 0.0576977016),
                (-0.0129, -0.0379323674, 0.0449690867),
                (-0.0129, -0.0390256635, 0.0350771109),
                (-0.0129, -0.0397203161, 0.0251491737),
                (-0.0129, -0.0397231693, 0.0249282591),
                (-0.0129, -0.0397097566, 0.0247077337),
                (-0.0129, -0.0396801509, 0.0244887933),
                (-0.0129, -0.0396345128, 0.0242726255),
                (-0.0129, -0.0395730896, 0.0240604026),
                (-0.0129, -0.0394962146, 0.0238532755),
                (-0.0129, -0.0394043047, 0.0236523678),
                (-0.0129, -0.0392978583, 0.0234587688),
                (-0.0129, -0.0391774528, 0.0232735288),
                (-0.0129, -0.0390437411, 0.0230976522),
                (-0.0129, -0.0388974486, 0.022932093),
                (-0.0129, -0.0387393685, 0.022777749),
                (-0.0129, -0.0385703582, 0.0226354574),
                (-0.0129, -0.0383913344, 0.0225059898),
                (-0.0129, -0.0382032679, 0.0223900485),
                (-0.0129, -0.0380071789, 0.0222882622),
                (-0.0129, -0.0378041306, 0.022201183),
                (-0.0129, -0.0375952245, 0.0221292831),
                (-0.0129, -0.0373815934, 0.0220729526),
                (-0.0129, -0.037164396, 0.0220324968),
                (-0.0129, -0.0369448103, 0.0220081352),
                (-0.0129, -0.0367240272, 0.022),
                (-0.0129, -0.003, 0.022),
                (-0.0129, -0.00277580972, 0.0220083886),
                (-0.0129, -0.0025528732, 0.0220335075),
                (-0.0129, -0.0023324372, 0.0220752163),
                (-0.0129, -0.00211573448, 0.0221332816),
                (-0.0129, -0.00190397693, 0.0222073788),
                (-0.0129, -0.00169834878, 0.0222970934),
                (-0.0129, -0.0015, 0.0224019238),
                (-0.0129, -0.00131003983, 0.0225212837),
                (-0.0129, -0.00112953059, 0.0226545056),
                (-0.0129, -0.000959481787, 0.0228008444),
                (-0.0129, -0.000800844385, 0.0229594818),
                (-0.0129, -0.000654505553, 0.0231295306),
                (-0.0129, -0.000521283677, 0.0233100398),
                (-0.0129, -0.000401923789, 0.0235),
                (-0.0129, -0.000297093396, 0.0236983488),
                (-0.0129, -0.000207378754, 0.0239039769),
                (-0.0129, -0.000133281583, 0.0241157345),
                (-0.0129, -7.52162635e-05, 0.0243324372),
                (-0.0129, -3.35075213e-05, 0.0245528732),
                (-0.0129, -8.38860846e-06, 0.0247758097),
                (-0.0129, -0.035, 0.064),
                (-0.0129, -0.0351494602, 0.0639944076),
                (-0.0129, -0.0352980845, 0.0639776617),
                (-0.0129, -0.0354450419, 0.0639498558),
                (-0.0129, -0.0355895103, 0.0639111456),
                (-0.0129, -0.035730682, 0.0638617475),
                (-0.0129, -0.0358677675, 0.0638019377),
                (-0.0129, -0.036, 0.0637320508),
                (-0.0129, -0.0361266401, 0.0636524775),
                (-0.0129, -0.0362469796, 0.063563663),
                (-0.0129, -0.0363603455, 0.0634661037),
                (-0.0129, -0.0364661037, 0.0633603455),
                (-0.0129, -0.036563663, 0.0632469796),
                (-0.0129, -0.0366524775, 0.0631266401),
                (-0.0129, -0.0367320508, 0.063),
                (-0.0129, -0.0368019377, 0.0628677675),
                (-0.0129, -0.0368617475, 0.062730682),
                (-0.0129, -0.0369111456, 0.0625895103),
                (-0.0129, -0.0369498558, 0.0624450419),
                (-0.0129, -0.0369776617, 0.0622980845),
                (-0.0129, -0.0369944076, 0.0621494602),
                (-0.0129, -0.037, 0.062),
                (-0.0129, -0.0369944076, 0.0618505398),
                (-0.0129, -0.0369776617, 0.0617019155),
                (-0.0129, -0.0369498558, 0.0615549581),
                (-0.0129, -0.0369111456, 0.0614104897),
                (-0.0129, -0.0368617475, 0.061269318),
                (-0.0129, -0.0368019377, 0.0611322325),
                (-0.0129, -0.0367320508, 0.061),
                (-0.0129, -0.0366524775, 0.0608733599),
                (-0.0129, -0.036563663, 0.0607530204),
                (-0.0129, -0.0364661037, 0.0606396545),
                (-0.0129, -0.0363603455, 0.0605338963),
                (-0.0129, -0.0362469796, 0.060436337),
                (-0.0129, -0.0361266401, 0.0603475225),
                (-0.0129, -0.036, 0.0602679492),
                (-0.0129, -0.0358677675, 0.0601980623),
                (-0.0129, -0.035730682, 0.0601382525),
                (-0.0129, -0.0355895103, 0.0600888544),
                (-0.0129, -0.0354450419, 0.0600501442),
                (-0.0129, -0.0352980845, 0.0600223383),
                (-0.0129, -0.0351494602, 0.0600055924),
                (-0.0129, -0.035, 0.06),
                (-0.0129, -0.0348505398, 0.0600055924),
                (-0.0129, -0.0347019155, 0.0600223383),
                (-0.0129, -0.0345549581, 0.0600501442),
                (-0.0129, -0.0344104897, 0.0600888544),
                (-0.0129, -0.034269318, 0.0601382525),
                (-0.0129, -0.0341322325, 0.0601980623),
                (-0.0129, -0.034, 0.0602679492),
                (-0.0129, -0.0338733599, 0.0603475225),
                (-0.0129, -0.0337530204, 0.060436337),
                (-0.0129, -0.0336396545, 0.0605338963),
                (-0.0129, -0.0335338963, 0.0606396545),
                (-0.0129, -0.033436337, 0.0607530204),
                (-0.0129, -0.0333475225, 0.0608733599),
                (-0.0129, -0.0332679492, 0.061),
                (-0.0129, -0.0331980623, 0.0611322325),
                (-0.0129, -0.0331382525, 0.061269318),
                (-0.0129, -0.0330888544, 0.0614104897),
                (-0.0129, -0.0330501442, 0.0615549581),
                (-0.0129, -0.0330223383, 0.0617019155),
                (-0.0129, -0.0330055924, 0.0618505398),
                (-0.0129, -0.033, 0.062),
                (-0.0129, -0.0330055924, 0.0621494602),
                (-0.0129, -0.0330223383, 0.0622980845),
                (-0.0129, -0.0330501442, 0.0624450419),
                (-0.0129, -0.0330888544, 0.0625895103),
                (-0.0129, -0.0331382525, 0.062730682),
                (-0.0129, -0.0331980623, 0.0628677675),
                (-0.0129, -0.0332679492, 0.063),
                (-0.0129, -0.0333475225, 0.0631266401),
                (-0.0129, -0.033436337, 0.0632469796),
                (-0.0129, -0.0335338963, 0.0633603455),
                (-0.0129, -0.0336396545, 0.0634661037),
                (-0.0129, -0.0337530204, 0.063563663),
                (-0.0129, -0.0338733599, 0.0636524775),
                (-0.0129, -0.034, 0.0637320508),
                (-0.0129, -0.0341322325, 0.0638019377),
                (-0.0129, -0.034269318, 0.0638617475),
                (-0.0129, -0.0344104897, 0.0639111456),
                (-0.0129, -0.0345549581, 0.0639498558),
                (-0.0129, -0.0347019155, 0.0639776617),
                (-0.0129, -0.0348505398, 0.0639944076),
                (-0.0129, -0.005, 0.029),
                (-0.0129, -0.00514946019, 0.0289944076),
                (-0.0129, -0.00529808453, 0.0289776617),
                (-0.0129, -0.00544504187, 0.0289498558),
                (-0.0129, -0.00558951035, 0.0289111456),
                (-0.0129, -0.00573068205, 0.0288617475),
                (-0.0129, -0.00586776748, 0.0288019377),
                (-0.0129, -0.006, 0.0287320508),
                (-0.0129, -0.00612664012, 0.0286524775),
                (-0.0129, -0.0062469796, 0.028563663),
                (-0.0129, -0.00636034548, 0.0284661037),
                (-0.0129, -0.00646610374, 0.0283603455),
                (-0.0129, -0.00656366296, 0.0282469796),
                (-0.0129, -0.00665247755, 0.0281266401),
                (-0.0129, -0.00673205081, 0.028),
                (-0.0129, -0.00680193774, 0.0278677675),
                (-0.0129, -0.0068617475, 0.027730682),
                (-0.0129, -0.00691114561, 0.0275895103),
                (-0.0129, -0.00694985582, 0.0274450419),
                (-0.0129, -0.00697766165, 0.0272980845),
                (-0.0129, -0.00699440759, 0.0271494602),
                (-0.0129, -0.007, 0.027),
                (-0.0129, -0.00699440759, 0.0268505398),
                (-0.0129, -0.00697766165, 0.0267019155),
                (-0.0129, -0.00694985582, 0.0265549581),
                (-0.0129, -0.00691114561, 0.0264104897),
                (-0.0129, -0.0068617475, 0.026269318),
                (-0.0129, -0.00680193774, 0.0261322325),
                (-0.0129, -0.00673205081, 0.026),
                (-0.0129, -0.00665247755, 0.0258733599),
                (-0.0129, -0.00656366296, 0.0257530204),
                (-0.0129, -0.00646610374, 0.0256396545),
                (-0.0129, -0.00636034548, 0.0255338963),
                (-0.0129, -0.0062469796, 0.025436337),
                (-0.0129, -0.00612664012, 0.0253475225),
                (-0.0129, -0.006, 0.0252679492),
                (-0.0129, -0.00586776748, 0.0251980623),
                (-0.0129, -0.00573068205, 0.0251382525),
                (-0.0129, -0.00558951035, 0.0250888544),
                (-0.0129, -0.00544504187, 0.0250501442),
                (-0.0129, -0.00529808453, 0.0250223383),
                (-0.0129, -0.00514946019, 0.0250055924),
                (-0.0129, -0.005, 0.025),
                (-0.0129, -0.00485053981, 0.0250055924),
                (-0.0129, -0.00470191547, 0.0250223383),
                (-0.0129, -0.00455495813, 0.0250501442),
                (-0.0129, -0.00441048965, 0.0250888544),
                (-0.0129, -0.00426931795, 0.0251382525),
                (-0.0129, -0.00413223252, 0.0251980623),
                (-0.0129, -0.004, 0.0252679492),
                (-0.0129, -0.00387335988, 0.0253475225),
                (-0.0129, -0.0037530204, 0.025436337),
                (-0.0129, -0.00363965452, 0.0255338963),
                (-0.0129, -0.00353389626, 0.0256396545),
                (-0.0129, -0.00343633704, 0.0257530204),
                (-0.0129, -0.00334752245, 0.0258733599),
                (-0.0129, -0.00326794919, 0.026),
                (-0.0129, -0.00319806226, 0.0261322325),
                (-0.0129, -0.0031382525, 0.026269318),
                (-0.0129, -0.00308885439, 0.0264104897),
                (-0.0129, -0.00305014418, 0.0265549581),
                (-0.0129, -0.00302233835, 0.0267019155),
                (-0.0129, -0.00300559241, 0.0268505398),
                (-0.0129, -0.003, 0.027),
                (-0.0129, -0.00300559241, 0.0271494602),
                (-0.0129, -0.00302233835, 0.0272980845),
                (-0.0129, -0.00305014418, 0.0274450419),
                (-0.0129, -0.00308885439, 0.0275895103),
                (-0.0129, -0.0031382525, 0.027730682),
                (-0.0129, -0.00319806226, 0.0278677675),
                (-0.0129, -0.00326794919, 0.028),
                (-0.0129, -0.00334752245, 0.0281266401),
                (-0.0129, -0.00343633704, 0.0282469796),
                (-0.0129, -0.00353389626, 0.0283603455),
                (-0.0129, -0.00363965452, 0.0284661037),
                (-0.0129, -0.0037530204, 0.028563663),
                (-0.0129, -0.00387335988, 0.0286524775),
                (-0.0129, -0.004, 0.0287320508),
                (-0.0129, -0.00413223252, 0.0288019377),
                (-0.0129, -0.00426931795, 0.0288617475),
                (-0.0129, -0.00441048965, 0.0289111456),
                (-0.0129, -0.00455495813, 0.0289498558),
                (-0.0129, -0.00470191547, 0.0289776617),
                (-0.0129, -0.00485053981, 0.0289944076),
                (-0.0129, -0.035, 0.029),
                (-0.0129, -0.0351494602, 0.0289944076),
                (-0.0129, -0.0352980845, 0.0289776617),
                (-0.0129, -0.0354450419, 0.0289498558),
                (-0.0129, -0.0355895103, 0.0289111456),
                (-0.0129, -0.035730682, 0.0288617475),
                (-0.0129, -0.0358677675, 0.0288019377),
                (-0.0129, -0.036, 0.0287320508),
                (-0.0129, -0.0361266401, 0.0286524775),
                (-0.0129, -0.0362469796, 0.028563663),
                (-0.0129, -0.0363603455, 0.0284661037),
                (-0.0129, -0.0364661037, 0.0283603455),
                (-0.0129, -0.036563663, 0.0282469796),
                (-0.0129, -0.0366524775, 0.0281266401),
                (-0.0129, -0.0367320508, 0.028),
                (-0.0129, -0.0368019377, 0.0278677675),
                (-0.0129, -0.0368617475, 0.027730682),
                (-0.0129, -0.0369111456, 0.0275895103),
                (-0.0129, -0.0369498558, 0.0274450419),
                (-0.0129, -0.0369776617, 0.0272980845),
                (-0.0129, -0.0369944076, 0.0271494602),
                (-0.0129, -0.037, 0.027),
                (-0.0129, -0.0369944076, 0.0268505398),
                (-0.0129, -0.0369776617, 0.0267019155),
                (-0.0129, -0.0369498558, 0.0265549581),
                (-0.0129, -0.0369111456, 0.0264104897),
                (-0.0129, -0.0368617475, 0.026269318),
                (-0.0129, -0.0368019377, 0.0261322325),
                (-0.0129, -0.0367320508, 0.026),
                (-0.0129, -0.0366524775, 0.0258733599),
                (-0.0129, -0.036563663, 0.0257530204),
                (-0.0129, -0.0364661037, 0.0256396545),
                (-0.0129, -0.0363603455, 0.0255338963),
                (-0.0129, -0.0362469796, 0.025436337),
                (-0.0129, -0.0361266401, 0.0253475225),
                (-0.0129, -0.036, 0.0252679492),
                (-0.0129, -0.0358677675, 0.0251980623),
                (-0.0129, -0.035730682, 0.0251382525),
                (-0.0129, -0.0355895103, 0.0250888544),
                (-0.0129, -0.0354450419, 0.0250501442),
                (-0.0129, -0.0352980845, 0.0250223383),
                (-0.0129, -0.0351494602, 0.0250055924),
                (-0.0129, -0.035, 0.025),
                (-0.0129, -0.0348505398, 0.0250055924),
                (-0.0129, -0.0347019155, 0.0250223383),
                (-0.0129, -0.0345549581, 0.0250501442),
                (-0.0129, -0.0344104897, 0.0250888544),
                (-0.0129, -0.034269318, 0.0251382525),
                (-0.0129, -0.0341322325, 0.0251980623),
                (-0.0129, -0.034, 0.0252679492),
                (-0.0129, -0.0338733599, 0.0253475225),
                (-0.0129, -0.0337530204, 0.025436337),
                (-0.0129, -0.0336396545, 0.0255338963),
                (-0.0129, -0.0335338963, 0.0256396545),
                (-0.0129, -0.033436337, 0.0257530204),
                (-0.0129, -0.0333475225, 0.0258733599),
                (-0.0129, -0.0332679492, 0.026),
                (-0.0129, -0.0331980623, 0.0261322325),
                (-0.0129, -0.0331382525, 0.026269318),
                (-0.0129, -0.0330888544, 0.0264104897),
                (-0.0129, -0.0330501442, 0.0265549581),
                (-0.0129, -0.0330223383, 0.0267019155),
                (-0.0129, -0.0330055924, 0.0268505398),
                (-0.0129, -0.033, 0.027),
                (-0.0129, -0.0330055924, 0.0271494602),
                (-0.0129, -0.0330223383, 0.0272980845),
                (-0.0129, -0.0330501442, 0.0274450419),
                (-0.0129, -0.0330888544, 0.0275895103),
                (-0.0129, -0.0331382525, 0.027730682),
                (-0.0129, -0.0331980623, 0.0278677675),
                (-0.0129, -0.0332679492, 0.028),
                (-0.0129, -0.0333475225, 0.0281266401),
                (-0.0129, -0.033436337, 0.0282469796),
                (-0.0129, -0.0335338963, 0.0283603455),
                (-0.0129, -0.0336396545, 0.0284661037),
                (-0.0129, -0.0337530204, 0.028563663),
                (-0.0129, -0.0338733599, 0.0286524775),
                (-0.0129, -0.034, 0.0287320508),
                (-0.0129, -0.0341322325, 0.0288019377),
                (-0.0129, -0.034269318, 0.0288617475),
                (-0.0129, -0.0344104897, 0.0289111456),
                (-0.0129, -0.0345549581, 0.0289498558),
                (-0.0129, -0.0347019155, 0.0289776617),
                (-0.0129, -0.0348505398, 0.0289944076),
                (-0.0129, -0.0330229013, 0.035),
                (-0.0129, -0.0331180163, 0.0340003152),
                (-0.0129, -0.0332097163, 0.0330003113),
                (-0.0129, -0.033298, 0.032),
                (-0.0129, -0.0018, 0.035),
                (-0.0129, -0.0018, 0.032),
                (-0.0129, -0.0323512011, 0.0412394824),
                (-0.0129, -0.0325150548, 0.0398270865),
                (-0.0129, -0.0326720759, 0.0384139147),
                (-0.0129, -0.0018, 0.0389500715),
                (-0.0129, -0.0321088975, 0.0432269326),
                (-0.0129, -0.0018, 0.0409556791),
                (-0.0129, -0.0315512878, 0.0474288735),
                (-0.0129, -0.0317438884, 0.0460291252),
                (-0.0129, -0.0319297597, 0.0446284674),
                (-0.0129, -0.0018, 0.0429447569),
                (-0.0129, -0.0312671605, 0.0494086388),
                (-0.0129, -0.0018, 0.0449673459),
                (-0.0129, -0.0306188381, 0.0536081689),
                (-0.0129, -0.030841689, 0.0522093721),
                (-0.0129, -0.0310577981, 0.0508095179),
                (-0.0129, -0.0018, 0.0470307091),
                (-0.0129, -0.030292092, 0.0555850239),
                (-0.0129, -0.0018, 0.0490821389),
                (-0.0129, -0.0295459316, 0.0598170087),
                (-0.0129, -0.0298015238, 0.0584075645),
                (-0.0129, -0.0300502459, 0.0569968917),
                (-0.0129, -0.0018, 0.051258859),
                (-0.0129, -0.0291751376, 0.0617956167),
                (-0.0129, -0.0018, 0.0533518373),
                (-0.0129, -0.0283208443, 0.0660953333),
                (-0.0129, -0.0286127312, 0.0646635157),
                (-0.0129, -0.028897498, 0.063230265),
                (-0.0129, -0.0018, 0.0556870929),
                (-0.0129, -0.0279039264, 0.0680802192),
                (-0.0129, -0.0018, 0.0578356003),
                (-0.0129, -0.0269276697, 0.0724840154),
                (-0.0129, -0.0272605946, 0.071017754),
                (-0.0129, -0.0275860163, 0.0695498091),
                (-0.0129, -0.0018, 0.0603836819),
                (-0.0129, -0.0264618788, 0.0744795266),
                (-0.0129, -0.0018, 0.0626034967),
                (-0.0129, -0.025345753, 0.0790254625),
                (-0.0129, -0.0257258354, 0.0775121322),
                (-0.0129, -0.0260978808, 0.075996806),
                (-0.0129, -0.0018, 0.0654319244),
                (-0.0129, -0.0248276296, 0.0810357124),
                (-0.0129, -0.0018, 0.0677412997),
                (-0.0129, -0.0235489152, 0.0857641751),
                (-0.0129, -0.0239839047, 0.0841903962),
                (-0.0129, -0.0244101472, 0.0826142257),
                (-0.0129, -0.0018, 0.0709367218),
                (-0.0129, -0.022974243, 0.08779296),
                (-0.0129, -0.0018, 0.073357293),
                (-0.0129, -0.0215044372, 0.0927472278),
                (-0.0129, -0.0220040457, 0.0910986853),
                (-0.0129, -0.0224939865, 0.0894472438),
                (-0.0129, -0.0018, 0.0770342672),
                (-0.0129, -0.0208681911, 0.0947979096),
                (-0.0129, -0.0018, 0.0795923124),
                (-0.0129, -0.0191715115, 0.100025394),
                (-0.0129, -0.0197479258, 0.0982864348),
                (-0.0129, -0.020313493, 0.0965439174),
                (-0.0129, -0.0018, 0.0839076318),
                (-0.0129, -0.0187508573, 0.101272061),
                (-0.0129, -0.0018, 0.0855445935),
                (-0.0129, -0.0166852678, 0.107144052),
                (-0.0129, -0.0173876061, 0.105191597),
                (-0.0129, -0.0180761474, 0.103234235),
                (-0.0129, -0.0018, 0.0913793644),
                (-0.0129, -0.0162239707, 0.108403407),
                (-0.0129, -0.0018, 0.0931272707),
                (-0.0129, -0.0138664139, 0.114579675),
                (-0.0129, -0.0146676905, 0.112526829),
                (-0.0129, -0.0154535574, 0.110468035),
                (-0.0129, -0.0018, 0.0999778082),
                (-0.0129, -0.0133609433, 0.115851803),
                (-0.0129, -0.0018, 0.101861618),
                (-0.0129, -0.01066222, 0.122370031),
                (-0.0129, -0.0115791645, 0.120204507),
                (-0.0129, -0.0124787581, 0.118031718),
                (-0.0129, -0.0018, 0.110073894),
                (-0.0129, -0.0101087014, 0.123654386),
                (-0.0129, -0.0018, 0.112126243),
                (-0.0129, -0.0070103401, 0.130552493),
                (-0.0129, -0.00806282939, 0.128262007),
                (-0.0129, -0.00909564179, 0.125962582),
                (-0.0129, -0.0018, 0.122212262),
                (-0.0129, -0.00640459298, 0.131847744),
                (-0.0129, -0.0018, 0.124477138),
                (-0.0129, -0.0018, 0.141197718),
                (-0.0129, -0.00337165988, 0.138099271),
                (-0.0129, -0.00490659566, 0.134982468),
                (0.0129, -0.0359053494, 0.0669173512),
                (0.0129, -0.0356932352, 0.0669644042),
                (0.0129, -0.0354850828, 0.0670266857),
                (0.0129, -0.035281984, 0.0671038692),
                (0.0129, -0.035085004, 0.0671955497),
                (0.0129, -0.0348951762, 0.0673012464),
                (0.0129, -0.034713496, 0.0674204048),
                (0.0129, -0.0345409165, 0.0675524),
                (0.0129, -0.034378343, 0.0676965397),
                (0.0129, -0.034226628, 0.0678520678),
                (0.0129, -0.0340865674, 0.0680181685),
                (0.0129, -0.0339588958, 0.0681939706),
                (0.0129, -0.0338442829, 0.068378552),
                (0.0129, -0.0337433298, 0.0685709445),
                (0.0129, -0.0336565661, 0.068770139),
                (0.0129, -0.0335844468, 0.0689750908),
                (0.0129, -0.0335273503, 0.0691847247),
                (0.0129, -0.0377492144, 0.0578236595),
                (0.0129, -0.0380516142, 0.0580392361),
                (0.0129, -0.0383371789, 0.0582766632),
                (0.0129, -0.0386043333, 0.0585346311),
                (0.0129, -0.0388516034, 0.0588117166),
                (0.0129, -0.0390776252, 0.0591063911),
                (0.0129, -0.0392811517, 0.0594170289),
                (0.0129, -0.0394610602, 0.0597419163),
                (0.0129, -0.0396163581, 0.060079261),
                (0.0129, -0.0397461886, 0.060427202),
                (0.0129, -0.0398498356, 0.0607838197),
                (0.0129, -0.0399267272, 0.0611471468),
                (0.0129, -0.0399764393, 0.0615151788),
                (0.0129, -0.0399986976, 0.0618858855),
                (0.0129, -0.0399933793, 0.0622572217),
                (0.0129, -0.0399605138, 0.062627139),
                (0.0129, -0.0399002823, 0.0629935964),
                (0.0129, -0.0398130171, 0.0633545724),
                (0.0129, -0.0396991997, 0.0637080756),
                (0.0129, -0.039559458, 0.0640521557),
                (0.0129, -0.0393945628, 0.0643849146),
                (0.0129, -0.039205424, 0.0647045165),
                (0.0129, -0.0389930848, 0.0650091982),
                (0.0129, -0.0387587167, 0.0652972789),
                (0.0129, -0.0385036128, 0.0655671694),
                (0.0129, -0.0382291802, 0.0658173806),
                (0.0129, -0.0379369331, 0.0660465323),
                (0.0129, -0.0376284836, 0.0662533603),
                (0.0129, -0.0373055334, 0.0664367235),
                (0.0129, -0.0369698642, 0.0665956104),
                (0.0129, -0.0366233277, 0.0667291444),
                (0.0129, -0.0362678357, 0.0668365889),
                (0.0129, -0.0364421963, 0.0548091004),
                (0.0129, -0.0364131285, 0.0550244176),
                (0.0129, -0.0363997207, 0.0552412738),
                (0.0129, -0.0364020432, 0.0554585318),
                (0.0129, -0.0364200839, 0.0556750519),
                (0.0129, -0.0364537481, 0.0558896984),
                (0.0129, -0.0365028593, 0.0561013455),
                (0.0129, -0.0365671598, 0.0563088831),
                (0.0129, -0.0366463125, 0.0565112226),
                (0.0129, -0.036739902, 0.0567073027),
                (0.0129, -0.0368474377, 0.0568960949),
                (0.0129, -0.0369683553, 0.057076609),
                (0.0129, -0.0371020206, 0.0572478982),
                (0.0129, -0.0372477327, 0.057409064),
                (0.0129, -0.0374047271, 0.0575592611),
                (0.0129, -0.0375721805, 0.0576977016),
                (0.0129, -0.0379323674, 0.0449690867),
                (0.0129, -0.0390256635, 0.0350771109),
                (0.0129, -0.0397203161, 0.0251491737),
                (0.0129, -0.0397231693, 0.0249282591),
                (0.0129, -0.0397097566, 0.0247077337),
                (0.0129, -0.0396801509, 0.0244887933),
                (0.0129, -0.0396345128, 0.0242726255),
                (0.0129, -0.0395730896, 0.0240604026),
                (0.0129, -0.0394962146, 0.0238532755),
                (0.0129, -0.0394043047, 0.0236523678),
                (0.0129, -0.0392978583, 0.0234587688),
                (0.0129, -0.0391774528, 0.0232735288),
                (0.0129, -0.0390437411, 0.0230976522),
                (0.0129, -0.0388974486, 0.022932093),
                (0.0129, -0.0387393685, 0.022777749),
                (0.0129, -0.0385703582, 0.0226354574),
                (0.0129, -0.0383913344, 0.0225059898),
                (0.0129, -0.0382032679, 0.0223900485),
                (0.0129, -0.0380071789, 0.0222882622),
                (0.0129, -0.0378041306, 0.022201183),
                (0.0129, -0.0375952245, 0.0221292831),
                (0.0129, -0.0373815934, 0.0220729526),
                (0.0129, -0.037164396, 0.0220324968),
                (0.0129, -0.0369448103, 0.0220081352),
                (0.0129, -0.0367240272, 0.022),
                (0.0129, -0.003, 0.022),
                (0.0129, -0.00277580972, 0.0220083886),
                (0.0129, -0.0025528732, 0.0220335075),
                (0.0129, -0.0023324372, 0.0220752163),
                (0.0129, -0.00211573448, 0.0221332816),
                (0.0129, -0.00190397693, 0.0222073788),
                (0.0129, -0.00169834878, 0.0222970934),
                (0.0129, -0.0015, 0.0224019238),
                (0.0129, -0.00131003983, 0.0225212837),
                (0.0129, -0.00112953059, 0.0226545056),
                (0.0129, -0.000959481787, 0.0228008444),
                (0.0129, -0.000800844385, 0.0229594818),
                (0.0129, -0.000654505553, 0.0231295306),
                (0.0129, -0.000521283677, 0.0233100398),
                (0.0129, -0.000401923789, 0.0235),
                (0.0129, -0.000297093396, 0.0236983488),
                (0.0129, -0.000207378754, 0.0239039769),
                (0.0129, -0.000133281583, 0.0241157345),
                (0.0129, -7.52162635e-05, 0.0243324372),
                (0.0129, -3.35075213e-05, 0.0245528732),
                (0.0129, -8.38860846e-06, 0.0247758097),
                (0.0129, -2.59786817e-19, 0.025),
                (0.0129, -1.05962427e-17, 0.14436467),
                (0.0129, -2.71289673e-06, 0.14443828),
                (0.0129, -1.08368673e-05, 0.144511491),
                (0.0129, -2.43278327e-05, 0.144583905),
                (0.0129, -4.31125938e-05, 0.144655129),
                (0.0129, -6.70892284e-05, 0.144724778),
                (0.0129, -9.6127644e-05, 0.144792473),
                (0.0129, -0.000130070284, 0.144857846),
                (0.0129, -0.000168732984, 0.144920544),
                (0.0129, -0.000211905966, 0.144980225),
                (0.0129, -0.000259354984, 0.145036567),
                (0.0129, -0.000310822589, 0.145089263),
                (0.0129, -0.000366029528, 0.145138028),
                (0.0129, -0.00042467626, 0.145182596),
                (0.0129, -0.00048644458, 0.145222727),
                (0.0129, -0.000550999345, 0.145258202),
                (0.0129, -0.000617990296, 0.145288829),
                (0.0129, -0.000687053952, 0.145314441),
                (0.0129, -0.000757815588, 0.145334901),
                (0.0129, -0.000829891267, 0.145350096),
                (0.0129, -0.000902889921, 0.145359944),
                (0.0129, -0.000976415475, 0.145364392),
                (0.0129, -0.00105006899, 0.145363416),
                (0.0129, -0.00112345085, 0.145357021),
                (0.0129, -0.00119616288, 0.145345242),
                (0.0129, -0.00126781058, 0.145328142),
                (0.0129, -0.00133800519, 0.145305815),
                (0.0129, -0.00140636585, 0.145278381),
                (0.0129, -0.00147252166, 0.145245989),
                (0.0129, -0.00153611366, 0.145208816),
                (0.0129, -0.00159679682, 0.145167063),
                (0.0129, -0.00165424189, 0.145120956),
                (0.0129, -0.00170813717, 0.145070745),
                (0.0129, -0.00175819025, 0.145016704),
                (0.0129, -0.00180412954, 0.144959124),
                (0.0129, -0.00184570579, 0.14489832),
                (0.0129, -0.0101751326, 0.13066884),
                (0.0129, -0.0175384716, 0.115916259),
                (0.0129, -0.0239030321, 0.100706071),
                (0.0129, -0.0292405573, 0.0851058064),
                (0.0129, -0.035, 0.064),
                (0.0129, -0.0351494602, 0.0639944076),
                (0.0129, -0.0352980845, 0.0639776617),
                (0.0129, -0.0354450419, 0.0639498558),
                (0.0129, -0.0355895103, 0.0639111456),
                (0.0129, -0.035730682, 0.0638617475),
                (0.0129, -0.0358677675, 0.0638019377),
                (0.0129, -0.036, 0.0637320508),
                (0.0129, -0.0361266401, 0.0636524775),
                (0.0129, -0.0362469796, 0.063563663),
                (0.0129, -0.0363603455, 0.0634661037),
                (0.0129, -0.0364661037, 0.0633603455),
                (0.0129, -0.036563663, 0.0632469796),
                (0.0129, -0.0366524775, 0.0631266401),
                (0.0129, -0.0367320508, 0.063),
                (0.0129, -0.0368019377, 0.0628677675),
                (0.0129, -0.0368617475, 0.062730682),
                (0.0129, -0.0369111456, 0.0625895103),
                (0.0129, -0.0369498558, 0.0624450419),
                (0.0129, -0.0369776617, 0.0622980845),
                (0.0129, -0.0369944076, 0.0621494602),
                (0.0129, -0.037, 0.062),
                (0.0129, -0.0369944076, 0.0618505398),
                (0.0129, -0.0369776617, 0.0617019155),
                (0.0129, -0.0369498558, 0.0615549581),
                (0.0129, -0.0369111456, 0.0614104897),
                (0.0129, -0.0368617475, 0.061269318),
                (0.0129, -0.0368019377, 0.0611322325),
                (0.0129, -0.0367320508, 0.061),
                (0.0129, -0.0366524775, 0.0608733599),
                (0.0129, -0.036563663, 0.0607530204),
                (0.0129, -0.0364661037, 0.0606396545),
                (0.0129, -0.0363603455, 0.0605338963),
                (0.0129, -0.0362469796, 0.060436337),
                (0.0129, -0.0361266401, 0.0603475225),
                (0.0129, -0.036, 0.0602679492),
                (0.0129, -0.0358677675, 0.0601980623),
                (0.0129, -0.035730682, 0.0601382525),
                (0.0129, -0.0355895103, 0.0600888544),
                (0.0129, -0.0354450419, 0.0600501442),
                (0.0129, -0.0352980845, 0.0600223383),
                (0.0129, -0.0351494602, 0.0600055924),
                (0.0129, -0.035, 0.06),
                (0.0129, -0.0348505398, 0.0600055924),
                (0.0129, -0.0347019155, 0.0600223383),
                (0.0129, -0.0345549581, 0.0600501442),
                (0.0129, -0.0344104897, 0.0600888544),
                (0.0129, -0.034269318, 0.0601382525),
                (0.0129, -0.0341322325, 0.0601980623),
                (0.0129, -0.034, 0.0602679492),
                (0.0129, -0.0338733599, 0.0603475225),
                (0.0129, -0.0337530204, 0.060436337),
                (0.0129, -0.0336396545, 0.0605338963),
                (0.0129, -0.0335338963, 0.0606396545),
                (0.0129, -0.033436337, 0.0607530204),
                (0.0129, -0.0333475225, 0.0608733599),
                (0.0129, -0.0332679492, 0.061),
                (0.0129, -0.0331980623, 0.0611322325),
                (0.0129, -0.0331382525, 0.061269318),
                (0.0129, -0.0330888544, 0.0614104897),
                (0.0129, -0.0330501442, 0.0615549581),
                (0.0129, -0.0330223383, 0.0617019155),
                (0.0129, -0.0330055924, 0.0618505398),
                (0.0129, -0.033, 0.062),
                (0.0129, -0.0330055924, 0.0621494602),
                (0.0129, -0.0330223383, 0.0622980845),
                (0.0129, -0.0330501442, 0.0624450419),
                (0.0129, -0.0330888544, 0.0625895103),
                (0.0129, -0.0331382525, 0.062730682),
                (0.0129, -0.0331980623, 0.0628677675),
                (0.0129, -0.0332679492, 0.063),
                (0.0129, -0.0333475225, 0.0631266401),
                (0.0129, -0.033436337, 0.0632469796),
                (0.0129, -0.0335338963, 0.0633603455),
                (0.0129, -0.0336396545, 0.0634661037),
                (0.0129, -0.0337530204, 0.063563663),
                (0.0129, -0.0338733599, 0.0636524775),
                (0.0129, -0.034, 0.0637320508),
                (0.0129, -0.0341322325, 0.0638019377),
                (0.0129, -0.034269318, 0.0638617475),
                (0.0129, -0.0344104897, 0.0639111456),
                (0.0129, -0.0345549581, 0.0639498558),
                (0.0129, -0.0347019155, 0.0639776617),
                (0.0129, -0.0348505398, 0.0639944076),
                (0.0129, -0.005, 0.029),
                (0.0129, -0.00514946019, 0.0289944076),
                (0.0129, -0.00529808453, 0.0289776617),
                (0.0129, -0.00544504187, 0.0289498558),
                (0.0129, -0.00558951035, 0.0289111456),
                (0.0129, -0.00573068205, 0.0288617475),
                (0.0129, -0.00586776748, 0.0288019377),
                (0.0129, -0.006, 0.0287320508),
                (0.0129, -0.00612664012, 0.0286524775),
                (0.0129, -0.0062469796, 0.028563663),
                (0.0129, -0.00636034548, 0.0284661037),
                (0.0129, -0.00646610374, 0.0283603455),
                (0.0129, -0.00656366296, 0.0282469796),
                (0.0129, -0.00665247755, 0.0281266401),
                (0.0129, -0.00673205081, 0.028),
                (0.0129, -0.00680193774, 0.0278677675),
                (0.0129, -0.0068617475, 0.027730682),
                (0.0129, -0.00691114561, 0.0275895103),
                (0.0129, -0.00694985582, 0.0274450419),
                (0.0129, -0.00697766165, 0.0272980845),
                (0.0129, -0.00699440759, 0.0271494602),
                (0.0129, -0.007, 0.027),
                (0.0129, -0.00699440759, 0.0268505398),
                (0.0129, -0.00697766165, 0.0267019155),
                (0.0129, -0.00694985582, 0.0265549581),
                (0.0129, -0.00691114561, 0.0264104897),
                (0.0129, -0.0068617475, 0.026269318),
                (0.0129, -0.00680193774, 0.0261322325),
                (0.0129, -0.00673205081, 0.026),
                (0.0129, -0.00665247755, 0.0258733599),
                (0.0129, -0.00656366296, 0.0257530204),
                (0.0129, -0.00646610374, 0.0256396545),
                (0.0129, -0.00636034548, 0.0255338963),
                (0.0129, -0.0062469796, 0.025436337),
                (0.0129, -0.00612664012, 0.0253475225),
                (0.0129, -0.006, 0.0252679492),
                (0.0129, -0.00586776748, 0.0251980623),
                (0.0129, -0.00573068205, 0.0251382525),
                (0.0129, -0.00558951035, 0.0250888544),
                (0.0129, -0.00544504187, 0.0250501442),
                (0.0129, -0.00529808453, 0.0250223383),
                (0.0129, -0.00514946019, 0.0250055924),
                (0.0129, -0.005, 0.025),
                (0.0129, -0.00485053981, 0.0250055924),
                (0.0129, -0.00470191547, 0.0250223383),
                (0.0129, -0.00455495813, 0.0250501442),
                (0.0129, -0.00441048965, 0.0250888544),
                (0.0129, -0.00426931795, 0.0251382525),
                (0.0129, -0.00413223252, 0.0251980623),
                (0.0129, -0.004, 0.0252679492),
                (0.0129, -0.00387335988, 0.0253475225),
                (0.0129, -0.0037530204, 0.025436337),
                (0.0129, -0.00363965452, 0.0255338963),
                (0.0129, -0.00353389626, 0.0256396545),
                (0.0129, -0.00343633704, 0.0257530204),
                (0.0129, -0.00334752245, 0.0258733599),
                (0.0129, -0.00326794919, 0.026),
                (0.0129, -0.00319806226, 0.0261322325),
                (0.0129, -0.0031382525, 0.026269318),
                (0.0129, -0.00308885439, 0.0264104897),
                (0.0129, -0.00305014418, 0.0265549581),
                (0.0129, -0.00302233835, 0.0267019155),
                (0.0129, -0.00300559241, 0.0268505398),
                (0.0129, -0.003, 0.027),
                (0.0129, -0.00300559241, 0.0271494602),
                (0.0129, -0.00302233835, 0.0272980845),
                (0.0129, -0.00305014418, 0.0274450419),
                (0.0129, -0.00308885439, 0.0275895103),
                (0.0129, -0.0031382525, 0.027730682),
                (0.0129, -0.00319806226, 0.0278677675),
                (0.0129, -0.00326794919, 0.028),
                (0.0129, -0.00334752245, 0.0281266401),
                (0.0129, -0.00343633704, 0.0282469796),
                (0.0129, -0.00353389626, 0.0283603455),
                (0.0129, -0.00363965452, 0.0284661037),
                (0.0129, -0.0037530204, 0.028563663),
                (0.0129, -0.00387335988, 0.0286524775),
                (0.0129, -0.004, 0.0287320508),
                (0.0129, -0.00413223252, 0.0288019377),
                (0.0129, -0.00426931795, 0.0288617475),
                (0.0129, -0.00441048965, 0.0289111456),
                (0.0129, -0.00455495813, 0.0289498558),
                (0.0129, -0.00470191547, 0.0289776617),
                (0.0129, -0.00485053981, 0.0289944076),
                (0.0129, -0.035, 0.029),
                (0.0129, -0.0351494602, 0.0289944076),
                (0.0129, -0.0352980845, 0.0289776617),
                (0.0129, -0.0354450419, 0.0289498558),
                (0.0129, -0.0355895103, 0.0289111456),
                (0.0129, -0.035730682, 0.0288617475),
                (0.0129, -0.0358677675, 0.0288019377),
                (0.0129, -0.036, 0.0287320508),
                (0.0129, -0.0361266401, 0.0286524775),
                (0.0129, -0.0362469796, 0.028563663),
                (0.0129, -0.0363603455, 0.0284661037),
                (0.0129, -0.0364661037, 0.0283603455),
                (0.0129, -0.036563663, 0.0282469796),
                (0.0129, -0.0366524775, 0.0281266401),
                (0.0129, -0.0367320508, 0.028),
                (0.0129, -0.0368019377, 0.0278677675),
                (0.0129, -0.0368617475, 0.027730682),
                (0.0129, -0.0369111456, 0.0275895103),
                (0.0129, -0.0369498558, 0.0274450419),
                (0.0129, -0.0369776617, 0.0272980845),
                (0.0129, -0.0369944076, 0.0271494602),
                (0.0129, -0.037, 0.027),
                (0.0129, -0.0369944076, 0.0268505398),
                (0.0129, -0.0369776617, 0.0267019155),
                (0.0129, -0.0369498558, 0.0265549581),
                (0.0129, -0.0369111456, 0.0264104897),
                (0.0129, -0.0368617475, 0.026269318),
                (0.0129, -0.0368019377, 0.0261322325),
                (0.0129, -0.0367320508, 0.026),
                (0.0129, -0.0366524775, 0.0258733599),
                (0.0129, -0.036563663, 0.0257530204),
                (0.0129, -0.0364661037, 0.0256396545),
                (0.0129, -0.0363603455, 0.0255338963),
                (0.0129, -0.0362469796, 0.025436337),
                (0.0129, -0.0361266401, 0.0253475225),
                (0.0129, -0.036, 0.0252679492),
                (0.0129, -0.0358677675, 0.0251980623),
                (0.0129, -0.035730682, 0.0251382525),
                (0.0129, -0.0355895103, 0.0250888544),
                (0.0129, -0.0354450419, 0.0250501442),
                (0.0129, -0.0352980845, 0.0250223383),
                (0.0129, -0.0351494602, 0.0250055924),
                (0.0129, -0.035, 0.025),
                (0.0129, -0.0348505398, 0.0250055924),
                (0.0129, -0.0347019155, 0.0250223383),
                (0.0129, -0.0345549581, 0.0250501442),
                (0.0129, -0.0344104897, 0.0250888544),
                (0.0129, -0.034269318, 0.0251382525),
                (0.0129, -0.0341322325, 0.0251980623),
                (0.0129, -0.034, 0.0252679492),
                (0.0129, -0.0338733599, 0.0253475225),
                (0.0129, -0.0337530204, 0.025436337),
                (0.0129, -0.0336396545, 0.0255338963),
                (0.0129, -0.0335338963, 0.0256396545),
                (0.0129, -0.033436337, 0.0257530204),
                (0.0129, -0.0333475225, 0.0258733599),
                (0.0129, -0.0332679492, 0.026),
                (0.0129, -0.0331980623, 0.0261322325),
                (0.0129, -0.0331382525, 0.026269318),
                (0.0129, -0.0330888544, 0.0264104897),
                (0.0129, -0.0330501442, 0.0265549581),
                (0.0129, -0.0330223383, 0.0267019155),
                (0.0129, -0.0330055924, 0.0268505398),
                (0.0129, -0.033, 0.027),
                (0.0129, -0.0330055924, 0.0271494602),
                (0.0129, -0.0330223383, 0.0272980845),
                (0.0129, -0.0330501442, 0.0274450419),
                (0.0129, -0.0330888544, 0.0275895103),
                (0.0129, -0.0331382525, 0.027730682),
                (0.0129, -0.0331980623, 0.0278677675),
                (0.0129, -0.0332679492, 0.028),
                (0.0129, -0.0333475225, 0.0281266401),
                (0.0129, -0.033436337, 0.0282469796),
                (0.0129, -0.0335338963, 0.0283603455),
                (0.0129, -0.0336396545, 0.0284661037),
                (0.0129, -0.0337530204, 0.028563663),
                (0.0129, -0.0338733599, 0.0286524775),
                (0.0129, -0.034, 0.0287320508),
                (0.0129, -0.0341322325, 0.0288019377),
                (0.0129, -0.034269318, 0.0288617475),
                (0.0129, -0.0344104897, 0.0289111456),
                (0.0129, -0.0345549581, 0.0289498558),
                (0.0129, -0.0347019155, 0.0289776617),
                (0.0129, -0.0348505398, 0.0289944076),
                (0.0129, -0.0018, 0.032),
                (0.0129, -0.0018, 0.035),
                (0.0129, -0.033298, 0.032),
                (0.0129, -0.0330229013, 0.035),
                (0.0129, -0.0331180163, 0.0340003152),
                (0.0129, -0.0332097163, 0.0330003113),
                (0.0129, -0.0018, 0.0389500715),
                (0.0129, -0.0323512011, 0.0412394824),
                (0.0129, -0.0325150548, 0.0398270865),
                (0.0129, -0.0326720759, 0.0384139147),
                (0.0129, -0.0018, 0.0429447569),
                (0.0129, -0.0315512878, 0.0474288735),
                (0.0129, -0.0018, 0.0409556791),
                (0.0129, -0.0321088975, 0.0432269326),
                (0.0129, -0.0317438884, 0.0460291252),
                (0.0129, -0.0319297597, 0.0446284674),
                (0.0129, -0.0018, 0.0470307091),
                (0.0129, -0.0306188381, 0.0536081689),
                (0.0129, -0.0018, 0.0449673459),
                (0.0129, -0.0312671605, 0.0494086388),
                (0.0129, -0.030841689, 0.0522093721),
                (0.0129, -0.0310577981, 0.0508095179),
                (0.0129, -0.0018, 0.051258859),
                (0.0129, -0.0295459316, 0.0598170087),
                (0.0129, -0.0018, 0.0490821389),
                (0.0129, -0.030292092, 0.0555850239),
                (0.0129, -0.0298015238, 0.0584075645),
                (0.0129, -0.0300502459, 0.0569968917),
                (0.0129, -0.0018, 0.0556870929),
                (0.0129, -0.0283208443, 0.0660953333),
                (0.0129, -0.0018, 0.0533518373),
                (0.0129, -0.0291751376, 0.0617956167),
                (0.0129, -0.0286127312, 0.0646635157),
                (0.0129, -0.028897498, 0.063230265),
                (0.0129, -0.0018, 0.0603836819),
                (0.0129, -0.0269276697, 0.0724840154),
                (0.0129, -0.0018, 0.0578356003),
                (0.0129, -0.0279039264, 0.0680802192),
                (0.0129, -0.0272605946, 0.071017754),
                (0.0129, -0.0275860163, 0.0695498091),
                (0.0129, -0.0018, 0.0654319244),
                (0.0129, -0.025345753, 0.0790254625),
                (0.0129, -0.0018, 0.0626034967),
                (0.0129, -0.0264618788, 0.0744795266),
                (0.0129, -0.0257258354, 0.0775121322),
                (0.0129, -0.0260978808, 0.075996806),
                (0.0129, -0.0018, 0.0709367218),
                (0.0129, -0.0235489152, 0.0857641751),
                (0.0129, -0.0018, 0.0677412997),
                (0.0129, -0.0248276296, 0.0810357124),
                (0.0129, -0.0239839047, 0.0841903962),
                (0.0129, -0.0244101472, 0.0826142257),
                (0.0129, -0.0018, 0.0770342672),
                (0.0129, -0.0215044372, 0.0927472278),
                (0.0129, -0.0018, 0.073357293),
                (0.0129, -0.022974243, 0.08779296),
                (0.0129, -0.0220040457, 0.0910986853),
                (0.0129, -0.0224939865, 0.0894472438),
                (0.0129, -0.0018, 0.0839076318),
                (0.0129, -0.0191715115, 0.100025394),
                (0.0129, -0.0018, 0.0795923124),
                (0.0129, -0.0208681911, 0.0947979096),
                (0.0129, -0.0197479258, 0.0982864348),
                (0.0129, -0.020313493, 0.0965439174),
                (0.0129, -0.0018, 0.0913793644),
                (0.0129, -0.0166852678, 0.107144052),
                (0.0129, -0.0018, 0.0855445935),
                (0.0129, -0.0187508573, 0.101272061),
                (0.0129, -0.0173876061, 0.105191597),
                (0.0129, -0.0180761474, 0.103234235),
                (0.0129, -0.0018, 0.0999778082),
                (0.0129, -0.0138664139, 0.114579675),
                (0.0129, -0.0018, 0.0931272707),
                (0.0129, -0.0162239707, 0.108403407),
                (0.0129, -0.0146676905, 0.112526829),
                (0.0129, -0.0154535574, 0.110468035),
                (0.0129, -0.0018, 0.110073894),
                (0.0129, -0.01066222, 0.122370031),
                (0.0129, -0.0018, 0.101861618),
                (0.0129, -0.0133609433, 0.115851803),
                (0.0129, -0.0115791645, 0.120204507),
                (0.0129, -0.0124787581, 0.118031718),
                (0.0129, -0.0018, 0.122212262),
                (0.0129, -0.0070103401, 0.130552493),
                (0.0129, -0.0018, 0.112126243),
                (0.0129, -0.0101087014, 0.123654386),
                (0.0129, -0.00806282939, 0.128262007),
                (0.0129, -0.00909564179, 0.125962582),
                (0.0129, -0.0018, 0.124477138),
                (0.0129, -0.0018, 0.141197718),
                (0.0129, -0.00640459298, 0.131847744),
                (0.0129, -0.00337165988, 0.138099271),
                (0.0129, -0.00490659566, 0.134982468)
        ]
        int[] faceVertexCounts = [3, 3, 3, 3, 3, 3, 3, 3, 3, 3, 3, 3, 3, 3, 3, 3, 3, 3, 3, 3, 3, 3, 3, 3, 3, 3, 3, 3, 3, 3, 3, 3, 3, 3, 3, 3, 3, 3, 3, 3, 3, 3, 3, 3, 3, 3, 3, 3, 3, 3, 3, 3, 3, 3, 3, 3, 3, 3, 3, 3, 3, 3, 3, 3, 3, 3, 3, 3, 3, 3, 3, 3, 3, 3, 3, 3, 3, 3, 3, 3, 3, 3, 3, 3, 3, 3, 3, 3, 3, 3, 3, 3, 3, 3, 3, 3, 3, 3, 3, 3, 3, 3, 3, 3, 3, 3, 3, 3, 3, 3, 3, 3, 3, 3, 3, 3, 3, 3, 3, 3, 3, 3, 3, 3, 3, 3, 3, 3, 3, 3, 3, 3, 3, 3, 3, 3, 3, 3, 3, 3, 3, 3, 3, 3, 3, 3, 3, 3, 3, 3, 3, 3, 3, 3, 3, 3, 3, 3, 3, 3, 3, 3, 3, 3, 3, 3, 3, 3, 3, 3, 3, 3, 3, 3, 3, 3, 3, 3, 3, 3, 3, 3, 3, 3, 3, 3, 3, 3, 3, 3, 3, 3, 3, 3, 3, 3, 3, 3, 3, 3, 3, 3, 3, 3, 3, 3, 3, 3, 3, 3, 3, 3, 3, 3, 3, 3, 3, 3, 3, 3, 3, 3, 3, 3, 3, 3, 3, 3, 3, 3, 3, 3, 3, 3, 3, 3, 3, 3, 3, 3, 3, 3, 3, 3, 3, 3, 3, 3, 3, 3, 3, 3, 3, 3, 3, 3, 3, 3, 3, 3, 3, 3, 3, 3, 3, 3, 3, 3, 3, 3, 3, 3, 3, 3, 3, 3, 3, 3, 3, 3, 3, 3, 3, 3, 3, 3, 3, 3, 3, 3, 3, 3, 3, 3, 3, 3, 3, 3, 3, 3, 3, 3, 3, 3, 3, 3, 3, 3, 3, 3, 3, 3, 3, 3, 3, 3, 3, 3, 3, 3, 3, 3, 3, 3, 3, 3, 3, 3, 3, 3, 3, 3, 3, 3, 3, 3, 3, 3, 3, 3, 3, 3, 3, 3, 3, 3, 3, 3, 3, 3, 3, 3, 3, 3, 3, 3, 3, 3, 3, 3, 3, 3, 3, 3, 3, 3, 3, 3, 3, 3, 3, 3, 3, 3, 3, 3, 3, 3, 3, 3, 3, 3, 3, 3, 3, 3, 3, 3, 3, 3, 3, 3, 3, 3, 3, 3, 3, 3, 3, 3, 3, 3, 3, 3, 3, 3, 3, 3, 3, 3, 3, 3, 3, 3, 3, 3, 3, 3, 3, 3, 3, 3, 3, 3, 3, 3, 3, 3, 3, 3, 3, 3, 3, 3, 3, 3, 3, 3, 3, 3, 3, 3, 3, 3, 3, 3, 3, 3, 3, 3, 3, 3, 3, 3, 3, 3, 3, 3, 3, 3, 3, 3, 3, 3, 3, 3, 3, 3, 3, 3, 3, 3, 3, 3, 3, 3, 3, 3, 3, 3, 3, 3, 3, 3, 3, 3, 3, 3, 3, 3, 3, 3, 3, 3, 3, 3, 3, 3, 3, 3, 3, 3, 3, 3, 3, 3, 3, 3, 3, 3, 3, 3, 3, 3, 3, 3, 3, 3, 3, 3, 3, 3, 3, 3, 3, 3, 3, 3, 3, 3, 3, 3, 3, 3, 3, 3, 3, 3, 3, 3, 3, 3, 3, 3, 3, 3, 3, 3, 3, 3, 3, 3, 3, 3, 3, 3, 3, 3, 3, 3, 3, 3, 3, 3, 3, 3, 3, 3, 3, 3, 3, 3, 3, 3, 3, 3, 3, 3, 3, 3, 3, 3, 3, 3, 3, 3, 3, 3, 3, 3, 3, 3, 3, 3, 3, 3, 3, 3, 3, 3, 3, 3, 3, 3, 3, 3, 3, 3, 3, 3, 3, 3, 3, 3, 3, 3, 3, 3, 3, 3, 3, 3, 3, 3, 3, 3, 3, 3, 3, 3, 3, 3, 3, 3, 3, 3, 3, 3, 3, 3, 3, 3, 3, 3, 3, 3, 3, 3, 3, 3, 3, 3, 3, 3, 3, 3, 3, 3, 3, 3, 3, 3, 3, 3, 3, 3, 3, 3, 3, 3, 3, 3, 3, 3, 3, 3, 3, 3, 3, 3, 3, 3, 3, 3, 3, 3, 3, 3, 3, 3, 3, 3, 3, 3, 3, 3, 3, 3, 3, 3, 3, 3, 3, 3, 3, 3, 3, 3, 3, 3, 3, 3, 3, 3, 3, 3, 3, 3, 3, 3, 3, 3, 3, 3, 3, 3, 3, 3, 3, 3, 3, 3, 3, 3, 3, 3, 3, 3, 3, 3, 3, 3, 3, 3, 3, 3, 3, 3, 3, 3, 3, 3, 3, 3, 3, 3, 3, 3, 3, 3, 3, 3, 3, 3, 3, 3, 3, 3, 3, 3, 3, 3, 3, 3, 3, 3, 3, 3, 3, 3, 3, 3, 3, 3, 3, 3, 3, 3, 3, 3, 3, 3, 3, 3, 3, 3, 3, 3, 3, 3, 3, 3, 3, 3, 3, 3, 3, 3, 3, 3, 3, 3, 3, 3, 3, 3, 3, 3, 3, 3, 3, 3, 3, 3, 3, 3, 3, 3, 3, 3, 3, 3, 3, 3, 3, 3, 3, 3, 3, 3, 3, 3, 3, 3, 3, 3, 3, 3, 3, 3, 3, 3, 3, 3, 3, 3, 3, 3, 3, 3, 3, 3, 3, 3, 3, 3, 3, 3, 3, 3, 3, 3, 3, 3, 3, 3, 3, 3, 3, 3, 3, 3, 3, 3, 3, 3, 3, 3, 3, 3, 3, 3, 3, 3, 3, 3, 3, 3, 3, 3, 3, 3, 3, 3, 3, 3, 3, 3, 3, 3, 3, 3, 3, 3, 3, 3, 3, 3, 3, 3, 3, 3, 3, 3, 3, 3, 3, 3, 3, 3, 3, 3, 3, 3, 3, 3, 3, 3, 3, 3, 3, 3, 3, 3, 3, 3, 3, 3, 3, 3, 3, 3, 3, 3, 3, 3, 3, 3, 3, 3, 3, 3, 3, 3, 3, 3, 3, 3, 3, 3, 3, 3, 3, 3, 3, 3, 3, 3, 3, 3, 3, 3, 3, 3, 3, 3, 3, 3, 3, 3, 3, 3, 3, 3, 3, 3, 3, 3, 3, 3, 3, 3, 3, 3, 3, 3, 3, 3, 3, 3, 3, 3, 3, 3, 3, 3, 3, 3, 3, 3, 3, 3, 3, 3, 3, 3, 3, 3, 3, 3, 3, 3, 3, 3, 3, 3, 3, 3, 3, 3, 3, 3, 3, 3, 3, 3, 3, 3, 3, 3, 3, 3, 3, 3, 3, 3, 3, 3, 3, 3, 3, 3, 3, 3, 3, 3, 3, 3, 3, 3, 3, 3, 3, 3, 3, 3, 3, 3, 3, 3, 3, 3, 3, 3, 3, 3, 3, 3, 3, 3, 3, 3, 3, 3, 3, 3, 3, 3, 3, 3, 3, 3, 3, 3, 3, 3, 3, 3, 3, 3, 3, 3, 3, 3, 3, 3, 3, 3, 3, 3, 3, 3, 3, 3, 3, 3, 3, 3, 3, 3, 3, 3, 3, 3, 3, 3, 3, 3, 3, 3, 3, 3, 3, 3, 3, 3, 3, 3, 3, 3, 3, 3, 3, 3, 3, 3, 3, 3, 3, 3, 3, 3, 3, 3, 3, 3, 3, 3, 3, 3, 3, 3, 3, 3, 3, 3, 3, 3, 3, 3, 3, 3, 3, 3, 3, 3, 3, 3, 3, 3, 3, 3, 3, 3, 3, 3, 3, 3, 3, 3, 3, 3, 3, 3, 3, 3, 3, 3, 3, 3, 3, 3, 3, 3, 3, 3, 3, 3, 3, 3, 3, 3, 3, 3, 3, 3, 3, 3, 3, 3, 3, 3, 3, 3, 3, 3, 3, 3, 3, 3, 3, 3, 3, 3, 3, 3, 3, 3, 3, 3, 3, 3, 3, 3, 3, 3, 3, 3, 3, 3, 3, 3, 3, 3, 3, 3, 3, 3, 3, 3, 3, 3, 3, 3, 3, 3, 3, 3, 3, 3, 3, 3, 3, 3, 3, 3, 3, 3, 3, 3, 3, 3, 3, 3, 3, 3, 3, 3, 3, 3, 3, 3, 3, 3, 3, 3, 3, 3, 3, 3, 3, 3, 3, 3, 3, 3, 3, 3, 3, 3, 3, 3, 3, 3, 3, 3, 3, 3, 3, 3, 3, 3, 3, 3, 3, 3, 3, 3, 3, 3, 3, 3, 3, 3, 3, 3, 3, 3, 3, 3, 3, 3, 3, 3, 3, 3, 3, 3, 3, 3, 3, 3, 3, 3, 3, 3, 3, 3, 3, 3, 3, 3, 3, 3, 3, 3, 3, 3, 3, 3, 3, 3, 3, 3, 3, 3, 3, 3, 3, 3, 3, 3, 3, 3, 3, 3, 3, 3, 3, 3, 3, 3, 3, 3, 3, 3, 3, 3, 3, 3, 3, 3, 3, 3, 3, 3, 3, 3, 3, 3, 3, 3, 3, 3, 3, 3, 3, 3, 3, 3, 3, 3, 3, 3, 3, 3, 3, 3, 3, 3, 3, 3, 3, 3, 3, 3, 3, 3, 3, 3, 3, 3, 3, 3, 3, 3, 3, 3, 3, 3, 3, 3, 3, 3, 3, 3, 3, 3, 3, 3, 3, 3, 3, 3, 3, 3, 3, 3, 3, 3, 3, 3, 3, 3, 3, 3, 3, 3, 3, 3, 3, 3, 3, 3, 3, 3, 3, 3, 3, 3, 3, 3, 3, 3, 3, 3, 3, 3, 3, 3, 3, 3, 3, 3, 3, 3, 3, 3, 3, 3, 3, 3, 3, 3, 3, 3, 3, 3, 3, 3, 3, 3, 3, 3, 3, 3, 3, 3, 3, 3, 3, 3, 3, 3, 3, 3, 3, 3, 3, 3, 3, 3, 3, 3, 3, 3, 3, 3, 3, 3, 3, 3, 3, 3, 3, 3, 3, 3, 3, 3, 3, 3, 3, 3, 3, 3, 3, 3, 3, 3, 3, 3, 3, 3, 3, 3, 3, 3, 3, 3, 3, 3, 3, 3, 3, 3, 3, 3, 3, 3, 3, 3, 3, 3, 3, 3, 3, 3, 3, 3, 3, 3, 3, 3, 3, 3, 3, 3, 3, 3, 3, 3, 3, 3, 3, 3, 3, 3, 3, 3, 3, 3, 3, 3, 3, 3, 3, 3, 3, 3, 3, 3, 3, 3, 3, 3, 3, 3, 3, 3, 3, 3, 3, 3, 3, 3, 3, 3, 3, 3, 3, 3, 3, 3, 3, 3, 3, 3, 3, 3, 3, 3, 3, 3, 3, 3, 3, 3, 3, 3, 3, 3, 3, 3, 3, 3, 3, 3, 3, 3, 3, 3, 3, 3, 3, 3, 3, 3, 3, 3, 3, 3, 3, 3, 3, 3, 3, 3, 3, 3, 3, 3, 3, 3, 3, 3, 3, 3, 3, 3, 3, 3, 3, 3, 3, 3, 3, 3, 3, 3, 3, 3, 3, 3, 3, 3, 3, 3, 3, 3, 3, 3, 3, 3, 3, 3, 3, 3, 3, 3, 3, 3, 3, 3, 3, 3, 3, 3, 3, 3, 3, 3, 3, 3, 3, 3, 3, 3, 3, 3, 3, 3, 3, 3, 3, 3, 3, 3, 3, 3, 3, 3, 3, 3, 3, 3, 3, 3, 3, 3, 3, 3, 3, 3, 3, 3, 3, 3, 3, 3, 3, 3, 3, 3, 3, 3, 3, 3, 3, 3, 3, 3, 3, 3, 3, 3, 3, 3, 3, 3, 3, 3, 3, 3, 3, 3, 3, 3, 3, 3, 3, 3, 3, 3, 3, 3, 3, 3, 3, 3, 3, 3, 3, 3, 3, 3, 3, 3, 3, 3, 3, 3, 3, 3, 3, 3, 3, 3, 3, 3, 3, 3, 3, 3, 3, 3, 3, 3, 3, 3, 3, 3, 3, 3, 3, 3, 3, 3, 3, 3, 3, 3, 3, 3, 3, 3, 3, 3, 3, 3, 3, 3, 3, 3, 3, 3, 3, 3, 3, 3, 3, 3, 3, 3, 3, 3, 3, 3, 3, 3, 3, 3, 3, 3, 3, 3, 3, 3, 3, 3, 3, 3, 3, 3, 3, 3, 3, 3, 3, 3, 3, 3, 3, 3, 3, 3, 3, 3, 3, 3, 3, 3, 3, 3, 3, 3, 3, 3, 3, 3, 3, 3, 3, 3, 3, 3, 3, 3, 3, 3, 3, 3, 3, 3, 3, 3, 3, 3, 3, 3, 3, 3, 3, 3, 3, 3, 3, 3, 3, 3, 3, 3, 3, 3, 3, 3, 3, 3, 3, 3, 3, 3, 3, 3, 3, 3, 3, 3, 3, 3, 3, 3, 3, 3, 3, 3, 3, 3, 3, 3, 3, 3, 3, 3, 3, 3, 3, 3, 3, 3, 3, 3, 3, 3, 3, 3, 3, 3, 3, 3, 3, 3, 3, 3, 3, 3, 3, 3, 3, 3, 3, 3, 3, 3, 3, 3, 3, 3, 3, 3, 3, 3, 3, 3, 3, 3, 3, 3, 3, 3, 3, 3, 3, 3, 3, 3, 3, 3, 3, 3, 3, 3, 3, 3, 3, 3, 3, 3, 3, 3, 3, 3, 3, 3, 3, 3, 3, 3, 3, 3, 3, 3, 3, 3, 3, 3, 3, 3, 3, 3, 3, 3, 3, 3, 3, 3, 3, 3, 3, 3, 3, 3, 3, 3, 3, 3, 3, 3, 3, 3, 3, 3, 3, 3, 3, 3, 3, 3, 3, 3, 3, 3, 3, 3, 3, 3, 3, 3, 3, 3, 3, 3, 3, 3, 3, 3, 3, 3, 3, 3, 3, 3, 3, 3, 3, 3, 3, 3, 3, 3, 3, 3, 3, 3, 3, 3, 3, 3, 3, 3, 3, 3, 3, 3, 3, 3, 3, 3, 3, 3, 3, 3, 3, 3, 3, 3, 3, 3, 3, 3, 3, 3, 3, 3, 3, 3, 3, 3, 3, 3, 3, 3, 3, 3, 3, 3, 3, 3, 3, 3, 3, 3, 3, 3, 3, 3, 3, 3, 3, 3, 3, 3, 3, 3, 3, 3, 3, 3, 3, 3, 3, 3, 3, 3, 3, 3, 3, 3, 3, 3, 3, 3, 3, 3, 3, 3, 3, 3, 3, 3, 3, 3, 3, 3, 3, 3, 3, 3, 3, 3, 3, 3, 3, 3, 3, 3, 3, 3, 3, 3, 3, 3, 3, 3, 3, 3, 3, 3, 3, 3, 3, 3, 3, 3, 3, 3, 3, 3, 3, 3, 3, 3, 3, 3, 3, 3, 3, 3, 3, 3, 3, 3, 3, 3, 3, 3, 3, 3, 3, 3, 3, 3, 3, 3, 3, 3, 3, 3, 3, 3, 3, 3, 3, 3, 3, 3, 3, 3, 3, 3, 3, 3, 3, 3, 3, 3, 3, 3, 3, 3, 3, 3, 3, 3, 3, 3, 3, 3, 3, 3, 3, 3, 3, 3, 3, 3, 3, 3, 3, 3, 3, 3, 3, 3, 3, 3, 3, 3, 3, 3, 3, 3, 3, 3, 3, 3, 3, 3, 3, 3, 3, 3, 3, 3, 3, 3, 3, 3, 3, 3, 3, 3, 3, 3, 3, 3, 3, 3, 3, 3, 3, 3, 3, 3, 3, 3, 3, 3, 3, 3, 3, 3, 3, 3, 3, 3, 3, 3, 3, 3, 3, 3, 3, 3, 3, 3, 3, 3, 3, 3, 3, 3, 3, 3, 3, 3, 3, 3, 3, 3, 3, 3, 3, 3, 3, 3, 3, 3, 3, 3, 3, 3, 3, 3, 3, 3, 3, 3, 3, 3, 3, 3, 3, 3, 3, 3, 3, 3, 3, 3, 3, 3, 3, 3, 3, 3, 3, 3, 3, 3, 3, 3, 3, 3, 3, 3, 3, 3, 3, 3, 3, 3, 3, 3, 3, 3, 3, 3, 3, 3, 3, 3, 3, 3, 3, 3, 3, 3, 3, 3, 3, 3, 3, 3, 3, 3, 3, 3, 3, 3, 3, 3, 3, 3, 3, 3, 3, 3, 3, 3, 3, 3, 3, 3, 3, 3, 3, 3, 3, 3, 3, 3, 3, 3, 3, 3, 3, 3, 3, 3, 3, 3, 3, 3, 3, 3, 3, 3, 3, 3, 3, 3, 3, 3, 3, 3, 3, 3, 3, 3, 3, 3, 3, 3, 3, 3, 3, 3, 3, 3, 3, 3, 3, 3, 3, 3, 3, 3, 3, 3, 3, 3, 3, 3, 3, 3, 3, 3, 3, 3, 3, 3, 3, 3, 3, 3, 3, 3, 3, 3, 3, 3, 3, 3, 3, 3, 3, 3, 3, 3, 3, 3, 3, 3, 3, 3, 3, 3, 3, 3, 3, 3, 3, 3, 3, 3, 3, 3, 3, 3, 3, 3, 3, 3, 3, 3, 3, 3, 3, 3, 3, 3, 3, 3, 3, 3, 3, 3, 3, 3, 3, 3, 3, 3, 3, 3, 3, 3, 3, 3, 3, 3, 3, 3, 3, 3, 3, 3, 3, 3, 3, 3, 3, 3, 3, 3, 3, 3, 3, 3, 3, 3, 3, 3, 3, 3, 3, 3, 3, 3, 3, 3, 3, 3, 3, 3, 3, 3, 3, 3, 3, 3, 3, 3, 3, 3, 3, 3, 3, 3, 3, 3, 3, 3, 3, 3, 3, 3, 3, 3, 3, 3, 3, 3, 3, 3, 3, 3, 3, 3, 3, 3, 3, 3, 3, 3, 3, 3, 3, 3, 3, 3, 3, 3, 3, 3, 3, 3, 3, 3, 3, 3, 3, 3, 3, 3, 3, 3, 3, 3, 3, 3, 3, 3, 3, 3, 3, 3, 3, 3, 3, 3, 3, 3, 3, 3, 3, 3, 3, 3, 3, 3, 3, 3, 3, 3, 3, 3, 3, 3, 3, 3, 3, 3, 3, 3, 3, 3, 3, 3, 3, 3, 3, 3, 3, 3, 3, 3, 3, 3, 3, 3, 3, 3, 3, 3, 3, 3, 3, 3, 3, 3, 3, 3, 3, 3, 3, 3, 3, 3, 3, 3, 3, 3, 3, 3, 3, 3, 3, 3, 3, 3, 3, 3, 3, 3, 3, 3, 3, 3, 3, 3, 3, 3, 3, 3, 3, 3, 3, 3, 3, 3, 3, 3, 3, 3, 3, 3, 3, 3, 3, 3, 3, 3, 3, 3, 3, 3, 3, 3, 3, 3, 3, 3, 3, 3, 3, 3, 3, 3, 3, 3, 3, 3, 3, 3, 3, 3, 3, 3, 3, 3, 3, 3, 3, 3, 3, 3, 3, 3, 3, 3, 3, 3, 3, 3, 3, 3, 3, 3, 3, 3, 3, 3, 3, 3, 3, 3, 3, 3, 3, 3, 3, 3, 3, 3, 3, 3, 3, 3, 3, 3, 3, 3, 3, 3, 3, 3, 3, 3, 3, 3, 3, 3, 3, 3, 3, 3, 3, 3, 3, 3, 3, 3, 3, 3, 3, 3, 3, 3, 3, 3, 3, 3, 3, 3, 3, 3, 3, 3, 3, 3, 3, 3, 3, 3, 3, 3, 3, 3, 3, 3, 3, 3, 3, 3, 3, 3, 3, 3, 3, 3, 3, 3, 3, 3, 3, 3, 3, 3, 3, 3, 3, 3, 3, 3, 3, 3, 3, 3, 3, 3, 3, 3, 3, 3, 3, 3, 3, 3, 3, 3, 3, 3, 3, 3, 3, 3, 3, 3, 3, 3, 3, 3, 3, 3, 3, 3, 3, 3, 3, 3, 3, 3, 3, 3, 3, 3, 3, 3, 3, 3, 3, 3, 3, 3, 3, 3, 3, 3, 3, 3, 3, 3, 3, 3, 3, 3, 3, 3, 3, 3, 3, 3, 3, 3, 3, 3, 3, 3, 3, 3, 3, 3, 3, 3, 3, 3, 3, 3, 3, 3, 3, 3, 3, 3, 3, 3, 3, 3, 3, 3, 3, 3, 3, 3, 3, 3, 3, 3, 3, 3, 3, 3, 3, 3, 3, 3, 3, 3, 3, 3, 3, 3, 3, 3, 3, 3, 3, 3, 3, 3, 3, 3, 3, 3, 3, 3, 3, 3, 3, 3, 3, 3, 3, 3, 3, 3, 3, 3, 3, 3, 3, 3, 3, 3, 3, 3, 3, 3, 3, 3, 3, 3, 3, 3, 3, 3, 3, 3, 3, 3, 3, 3, 3, 3, 3, 3, 3, 3, 3, 3, 3, 3, 3, 3, 3, 3, 3, 3, 3, 3, 3, 3, 3, 3, 3, 3, 3, 3, 3, 3, 3, 3, 3, 3, 3, 3, 3, 3, 3, 3, 3, 3, 3, 3, 3, 3, 3, 3, 3, 3, 3, 3, 3, 3, 3, 3, 3, 3, 3, 3, 3, 3, 3, 3, 3, 3, 3, 3, 3, 3, 3, 3, 3, 3, 3, 3, 3, 3, 3, 3, 3, 3, 3, 3, 3, 3, 3, 3, 3, 3, 3, 3, 3, 3, 3, 3, 3, 3, 3, 3, 3, 3, 3, 3, 3, 3, 3, 3, 3, 3, 3, 3, 3, 3, 3, 3, 3, 3, 3, 3, 3, 3, 3, 3, 3, 3, 3, 3, 3, 3, 3, 3, 3, 3, 3, 3, 3, 3, 3, 3, 3, 3, 3, 3, 3, 3, 3, 3, 3, 3, 3, 3, 3, 3, 3, 3, 3, 3, 3, 3, 3, 3, 3, 3, 3, 3, 3, 3, 3, 3, 3, 3, 3, 3, 3, 3, 3, 3, 3, 3, 3, 3, 3, 3, 3, 3, 3, 3, 3, 3, 3, 3, 3, 3, 3, 3, 3, 3, 3, 3, 3, 3, 3, 3, 3, 3, 3, 3, 3, 3, 3, 3, 3, 3, 3, 3, 3, 3, 3, 3, 3, 3, 3, 3, 3, 3, 3, 3, 3, 3, 3, 3, 3, 3, 3, 3, 3, 3, 3, 3, 3, 3, 3, 3, 3, 3, 3, 3, 3, 3, 3, 3, 3, 3, 3, 3, 3, 3, 3, 3, 3, 3, 3, 3, 3, 3, 3, 3, 3, 3, 3, 3, 3, 3, 3, 3, 3, 3, 3, 3, 3, 3, 3, 3, 3, 3, 3, 3, 3, 3, 3, 3, 3, 3, 3, 3, 3, 3, 3, 3, 3, 3, 3, 3, 3, 3, 3, 3, 3, 3, 3, 3, 3, 3, 3, 3, 3, 3, 3, 3, 3, 3, 3, 3, 3, 3, 3, 3, 3, 3, 3, 3, 3, 3, 3, 3, 3, 3, 3, 3, 3, 3, 3, 3, 3, 3, 3, 3, 3, 3, 3, 3, 3, 3, 3, 3, 3, 3, 3, 3, 3, 3, 3, 3, 3, 3, 3, 3, 3, 3, 3, 3, 3, 3, 3, 3, 3, 3, 3, 3, 3, 3, 3, 3, 3, 3, 3, 3, 3, 3, 3, 3, 3, 3, 3, 3, 3, 3, 3, 3, 3, 3, 3, 3, 3, 3, 3, 3, 3, 3, 3, 3, 3, 3, 3, 3, 3, 3, 3, 3, 3, 3, 3, 3, 3, 3, 3, 3, 3, 3, 3, 3, 3, 3, 3, 3, 3, 3, 3, 3, 3, 3, 3, 3, 3, 3, 3, 3, 3, 3, 3, 3, 3, 3, 3, 3, 3, 3, 3, 3, 3, 3, 3, 3, 3, 3, 3, 3, 3, 3, 3, 3, 3, 3, 3, 3, 3, 3, 3, 3, 3, 3, 3, 3, 3, 3, 3, 3, 3, 3, 3, 3, 3, 3, 3, 3, 3, 3, 3, 3, 3, 3, 3, 3, 3, 3, 3, 3, 3, 3, 3, 3, 3, 3, 3, 3, 3, 3, 3, 3, 3, 3, 3, 3, 3, 3, 3, 3, 3, 3, 3, 3, 3, 3, 3, 3, 3, 3, 3, 3, 3, 3, 3, 3, 3, 3, 3, 3, 3, 3, 3, 3, 3, 3, 3, 3, 3, 3, 3, 3, 3, 3, 3, 3, 3, 3, 3, 3, 3, 3, 3, 3, 3, 3, 3, 3, 3, 3, 3, 3, 3, 3, 3, 3, 3, 3, 3, 3, 3, 3, 3, 3, 3, 3, 3, 3, 3, 3, 3, 3, 3, 3, 3, 3, 3, 3, 3, 3, 3, 3, 3, 3, 3, 3, 3, 3, 3, 3, 3, 3, 3, 3, 3, 3, 3, 3, 3, 3, 3, 3, 3, 3, 3, 3, 3, 3, 3, 3, 3, 3, 3, 3, 3, 3, 3, 3, 3, 3, 3, 3, 3, 3, 3, 3, 3, 3, 3, 3, 3, 3, 3, 3, 3, 3, 3, 3, 3, 3, 3, 3, 3, 3, 3, 3, 3, 3, 3, 3, 3, 3, 3, 3, 3, 3, 3, 3, 3, 3, 3, 3, 3, 3, 3, 3, 3, 3, 3, 3, 3, 3, 3, 3, 3, 3, 3, 3, 3, 3, 3, 3, 3, 3, 3, 3, 3, 3, 3, 3, 3, 3, 3, 3, 3, 3, 3, 3, 3, 3, 3, 3, 3, 3, 3, 3, 3, 3, 3, 3, 3, 3, 3, 3, 3, 3, 3, 3, 3, 3, 3, 3, 3, 3, 3, 3, 3, 3, 3, 3, 3, 3, 3, 3, 3, 3, 3, 3, 3, 3, 3, 3, 3, 3, 3, 3, 3, 3, 3, 3, 3, 3, 3, 3, 3, 3, 3, 3, 3, 3, 3, 3, 3, 3, 3, 3, 3, 3, 3, 3, 3, 3, 3, 3, 3, 3, 3, 3, 3, 3, 3, 3, 3, 3, 3, 3, 3, 3, 3, 3, 3, 3, 3, 3, 3, 3, 3, 3, 3, 3, 3, 3, 3, 3, 3, 3, 3, 3, 3, 3, 3, 3, 3, 3, 3, 3, 3, 3, 3, 3, 3, 3, 3, 3, 3, 3, 3, 3, 3, 3, 3, 3, 3, 3, 3, 3, 3, 3, 3, 3, 3, 3, 3, 3, 3, 3, 3, 3, 3, 3, 3, 3, 3, 3, 3, 3, 3, 3, 3, 3, 3, 3, 3, 3, 3, 3, 3, 3, 3, 3, 3, 3, 3, 3, 3, 3, 3, 3, 3, 3, 3, 3, 3, 3, 3, 3, 3, 3, 3, 3, 3, 3, 3, 3, 3, 3, 3, 3, 3, 3, 3, 3, 3, 3, 3, 3, 3, 3, 3, 3, 3, 3, 3, 3, 3, 3, 3, 3, 3, 3, 3, 3, 3, 3, 3, 3, 3, 3, 3, 3, 3, 3, 3, 3, 3, 3, 3, 3, 3, 3, 3, 3, 3, 3, 3, 3, 3, 3, 3, 3, 3, 3, 3, 3, 3, 3, 3, 3, 3, 3, 3, 3, 3, 3, 3, 3, 3, 3, 3, 3, 3, 3, 3, 3, 3, 3, 3, 3, 3, 3, 3, 3, 3, 3, 3, 3, 3, 3, 3, 3, 3, 3, 3, 3, 3, 3, 3, 3, 3, 3, 3, 3, 3, 3, 3, 3, 3, 3, 3, 3, 3, 3, 3, 3, 3, 3, 3, 3, 3, 3, 3, 3, 3, 3, 3, 3, 3, 3, 3, 3, 3, 3, 3, 3, 3, 3, 3, 3, 3, 3, 3, 3, 3, 3, 3, 3, 3, 3, 3, 3, 3, 3, 3, 3, 3, 3, 3, 3, 3, 3, 3, 3, 3, 3, 3, 3, 3, 3, 3, 3, 3, 3, 3, 3, 3, 3, 3, 3, 3, 3, 3, 3, 3, 3, 3, 3, 3, 3, 3, 3, 3, 3, 3, 3, 3, 3, 3, 3, 3, 3, 3, 3, 3, 3, 3, 3, 3, 3, 3, 3, 3, 3, 3, 3, 3, 3, 3, 3, 3, 3, 3, 3, 3, 3, 3, 3, 3, 3, 3, 3, 3, 3, 3, 3, 3, 3, 3, 3, 3, 3, 3, 3, 3, 3, 3, 3, 3, 3, 3, 3, 3, 3, 3, 3, 3, 3, 3, 3, 3, 3, 3, 3, 3, 3, 3, 3, 3, 3, 3, 3, 3, 3, 3, 3, 3, 3, 3, 3, 3, 3, 3, 3, 3, 3, 3, 3, 3, 3, 3, 3, 3, 3, 3, 3, 3, 3, 3, 3, 3, 3, 3, 3, 3, 3, 3, 3, 3, 3, 3, 3, 3, 3, 3, 3, 3, 3, 3, 3, 3, 3, 3, 3, 3, 3, 3, 3, 3, 3, 3, 3, 3, 3, 3, 3, 3, 3, 3, 3, 3, 3, 3, 3, 3, 3, 3, 3, 3, 3, 3, 3, 3, 3, 3, 3, 3, 3, 3, 3, 3, 3, 3, 3, 3, 3, 3, 3, 3, 3, 3, 3, 3, 3, 3, 3, 3, 3, 3, 3, 3, 3, 3, 3, 3, 3, 3, 3, 3, 3, 3, 3, 3, 3, 3, 3, 3, 3, 3, 3, 3, 3, 3, 3, 3, 3, 3, 3, 3, 3, 3, 3, 3, 3, 3, 3, 3, 3, 3, 3, 3, 3, 3, 3, 3, 3, 3, 3, 3, 3, 3, 3, 3, 3, 3, 3, 3, 3, 3, 3, 3, 3, 3, 3, 3, 3, 3, 3, 3, 3, 3, 3, 3, 3, 3, 3, 3, 3, 3, 3, 3, 3, 3, 3, 3, 3, 3, 3, 3, 3, 3, 3, 3, 3, 3, 3, 3, 3, 3, 3, 3, 3, 3, 3, 3, 3, 3, 3, 3, 3, 3, 3, 3, 3, 3, 3, 3, 3, 3, 3, 3, 3, 3, 3, 3, 3, 3, 3, 3, 3, 3, 3, 3, 3, 3, 3, 3, 3, 3, 3, 3, 3, 3, 3, 3, 3, 3, 3, 3, 3, 3, 3, 3, 3, 3, 3, 3, 3, 3, 3, 3, 3, 3, 3, 3, 3, 3, 3, 3, 3, 3, 3, 3, 3, 3, 3, 3, 3, 3, 3, 3, 3, 3, 3, 3, 3, 3, 3, 3, 3, 3, 3, 3, 3, 3, 3, 3, 3, 3, 3, 3, 3, 3, 3, 3, 3, 3, 3, 3, 3, 3, 3, 3, 3, 3, 3, 3, 3, 3, 3, 3, 3, 3, 3, 3, 3, 3, 3, 3, 3, 3, 3, 3, 3, 3, 3, 3, 3, 3, 3, 3, 3, 3, 3, 3, 3, 3, 3, 3, 3, 3, 3, 3, 3, 3, 3, 3, 3, 3, 3, 3, 3, 3, 3, 3, 3, 3, 3, 3, 3, 3, 3, 3, 3, 3, 3, 3, 3, 3, 3, 3, 3, 3, 3, 3, 3, 3, 3, 3, 3, 3, 3, 3, 3, 3, 3, 3, 3, 3, 3, 3, 3, 3, 3, 3, 3, 3, 3, 3, 3, 3, 3, 3, 3, 3, 3, 3, 3, 3, 3, 3, 3, 3, 3, 3, 3, 3, 3, 3, 3, 3, 3, 3, 3, 3, 3, 3, 3, 3, 3, 3, 3, 3, 3, 3, 3, 3, 3, 3, 3, 3, 3, 3, 3, 3, 3, 3, 3, 3, 3, 3, 3, 3, 3, 3, 3, 3, 3, 3, 3, 3, 3, 3, 3, 3, 3, 3, 3, 3, 3, 3, 3, 3, 3, 3, 3, 3, 3, 3, 3, 3, 3, 3, 3, 3, 3, 3, 3, 3, 3, 3, 3, 3, 3, 3, 3, 3, 3, 3, 3, 3, 3, 3, 3, 3, 3, 3, 3, 3, 3, 3, 3, 3, 3, 3, 3, 3, 3, 3, 3, 3, 3, 3, 3, 3, 3, 3, 3, 3, 3, 3, 3, 3, 3, 3, 3, 3, 3, 3, 3, 3, 3, 3, 3, 3, 3, 3, 3, 3, 3, 3, 3, 3, 3, 3, 3, 3, 3, 3, 3, 3, 3, 3, 3, 3, 3, 3, 3, 3, 3, 3, 3, 3, 3, 3, 3, 3, 3, 3, 3, 3, 3, 3, 3, 3, 3, 3, 3, 3, 3, 3, 3, 3, 3, 3, 3, 3, 3, 3, 3, 3, 3, 3, 3, 3, 3, 3, 3, 3, 3, 3, 3, 3, 3, 3, 3, 3, 3, 3, 3, 3, 3, 3, 3, 3, 3, 3, 3, 3, 3, 3, 3, 3, 3, 3, 3, 3, 3, 3, 3, 3, 3, 3, 3, 3, 3, 3, 3, 3, 3, 3, 3, 3, 3, 3, 3, 3, 3, 3, 3, 3, 3, 3, 3, 3, 3, 3, 3, 3, 3, 3, 3, 3, 3, 3, 3, 3, 3, 3, 3, 3, 3, 3, 3, 3, 3, 3, 3, 3, 3, 3, 3, 3, 3, 3, 3, 3, 3, 3, 3, 3, 3, 3, 3, 3, 3, 3, 3, 3, 3, 3, 3, 3, 3, 3, 3, 3, 3, 3, 3, 3, 3, 3, 3, 3, 3, 3, 3, 3, 3, 3, 3, 3, 3, 3, 3, 3, 3, 3, 3, 3, 3, 3, 3, 3, 3, 3, 3, 3, 3, 3, 3, 3, 3, 3, 3, 3, 3, 3, 3, 3, 3, 3, 3, 3, 3, 3, 3, 3, 3, 3, 3, 3, 3, 3, 3, 3, 3, 3, 3, 3, 3, 3, 3, 3, 3, 3, 3, 3, 3, 3, 3, 3, 3, 3, 3, 3, 3, 3, 3, 3, 3, 3, 3, 3, 3, 3, 3, 3, 3, 3, 3, 3, 3, 3, 3, 3, 3, 3, 3, 3, 3, 3, 3, 3, 3, 3, 3, 3, 3, 3, 3, 3, 3, 3, 3, 3, 3, 3, 3, 3, 3, 3, 3, 3, 3, 3, 3, 3, 3, 3, 3, 3, 3, 3, 3, 3, 3, 3, 3, 3, 3, 3, 3, 3, 3, 3, 3, 3, 3, 3, 3, 3, 3, 3, 3, 3, 3, 3, 3, 3, 3, 3, 3, 3, 3, 3, 3, 3, 3, 3, 3, 3, 3, 3, 3, 3, 3, 3, 3, 3, 3, 3, 3, 3, 3, 3, 3, 3, 3, 3, 3, 3, 3, 3, 3, 3, 3, 3, 3, 3, 3, 3, 3, 3, 3, 3, 3, 3, 3, 3, 3, 3, 3, 3, 3, 3, 3, 3, 3, 3, 3, 3, 3, 3, 3, 3, 3, 3, 3, 3, 3, 3, 3, 3, 3, 3, 3, 3, 3, 3, 3, 3, 3, 3, 3, 3, 3, 3, 3, 3, 3, 3, 3, 3, 3, 3, 3, 3, 3, 3, 3, 3, 3, 3, 3, 3, 3, 3, 3, 3, 3, 3, 3, 3, 3, 3, 3, 3, 3, 3, 3, 3, 3, 3, 3, 3, 3, 3, 3, 3, 3, 3, 3, 3, 3, 3, 3, 3, 3, 3, 3, 3, 3, 3, 3, 3, 3, 3, 3, 3, 3, 3, 3, 3, 3, 3, 3, 3, 3, 3, 3, 3, 3, 3, 3, 3, 3, 3, 3, 3, 3, 3, 3, 3, 3, 3, 3, 3, 3, 3, 3, 3, 3, 3, 3, 3, 3, 3, 3, 3, 3, 3, 3, 3, 3, 3, 3, 3, 3, 3, 3, 3, 3, 3, 3, 3, 3, 3, 3, 3, 3, 3, 3, 3, 3, 3, 3, 3, 3, 3, 3, 3, 3, 3, 3, 3, 3, 3, 3, 3, 3, 3, 3, 3, 3, 3, 3, 3, 3, 3, 3, 3, 3, 3, 3, 3, 3, 3, 3, 3, 3, 3, 3, 3, 3, 3, 3, 3, 3, 3, 3, 3, 3, 3, 3, 3, 3, 3, 3, 3, 3, 3, 3, 3, 3, 3, 3, 3, 3, 3, 3, 3, 3, 3, 3, 3, 3, 3, 3, 3, 3, 3, 3, 3, 3, 3, 3, 3, 3, 3, 3, 3, 3, 3, 3, 3, 3, 3, 3, 3, 3, 3, 3, 3, 3, 3, 3, 3, 3, 3, 3, 3, 3, 3, 3, 3, 3, 3, 3, 3, 3, 3, 3, 3, 3, 3, 3, 3, 3, 3, 3, 3, 3, 3, 3, 3, 3, 3, 3, 3, 3, 3, 3, 3, 3, 3, 3, 3, 3, 3, 3, 3, 3, 3, 3, 3, 3, 3, 3, 3, 3, 3, 3, 3, 3, 3, 3, 3, 3, 3, 3, 3, 3, 3, 3, 3, 3, 3, 3, 3, 3, 3, 3, 3, 3, 3, 3, 3, 3, 3, 3, 3, 3, 3, 3, 3, 3, 3, 3, 3, 3, 3, 3, 3, 3, 3, 3, 3, 3, 3, 3, 3, 3, 3, 3, 3, 3, 3, 3, 3, 3, 3, 3, 3, 3, 3, 3, 3, 3, 3, 3, 3, 3, 3, 3, 3, 3, 3, 3, 3, 3, 3, 3, 3, 3, 3, 3, 3, 3, 3, 3, 3, 3, 3, 3, 3, 3, 3, 3, 3, 3, 3, 3, 3, 3, 3, 3, 3, 3, 3, 3, 3, 3, 3, 3, 3, 3, 3, 3, 3, 3, 3, 3, 3, 3, 3, 3, 3, 3, 3, 3, 3, 3, 3, 3, 3, 3, 3, 3, 3, 3, 3, 3, 3, 3, 3, 3, 3, 3, 3, 3, 3, 3, 3, 3, 3, 3, 3, 3, 3, 3, 3, 3, 3, 3, 3, 3, 3, 3, 3, 3, 3, 3, 3, 3, 3, 3, 3, 3, 3, 3, 3, 3, 3, 3, 3, 3, 3, 3, 3, 3, 3, 3, 3, 3, 3, 3, 3, 3, 3, 3, 3, 3, 3, 3, 3, 3, 3, 3, 3, 3, 3, 3, 3, 3, 3, 3, 3, 3, 3, 3, 3, 3, 3, 3, 3, 3, 3, 3, 3, 3, 3, 3, 3, 3, 3, 3, 3, 3, 3, 3, 3, 3, 3, 3, 3, 3, 3, 3, 3, 3, 3, 3, 3, 3, 3, 3, 3, 3, 3, 3, 3, 3, 3, 3, 3, 3, 3, 3, 3, 3, 3, 3, 3, 3, 3, 3, 3, 3, 3, 3, 3, 3, 3, 3, 3, 3, 3, 3, 3, 3, 3, 3, 3, 3, 3, 3, 3, 3, 3, 3, 3, 3, 3, 3, 3, 3, 3, 3, 3, 3, 3, 3, 3, 3, 3, 3, 3, 3, 3, 3, 3, 3, 3, 3, 3, 3, 3, 3, 3, 3, 3, 3, 3, 3, 3, 3, 3, 3, 3, 3, 3, 3, 3, 3, 3, 3, 3, 3, 3, 3, 3, 3, 3, 3, 3, 3, 3, 3, 3, 3, 3, 3, 3, 3, 3, 3, 3, 3, 3, 3, 3, 3, 3, 3, 3, 3, 3, 3, 3, 3, 3, 3, 3, 3, 3, 3, 3, 3, 3, 3, 3, 3, 3, 3, 3, 3, 3, 3, 3, 3, 3, 3, 3, 3, 3, 3, 3, 3, 3, 3, 3, 3, 3, 3, 3, 3, 3, 3, 3, 3, 3, 3, 3, 3, 3, 3, 3, 3, 3, 3, 3, 3, 3, 3, 3, 3, 3, 3, 3, 3, 3, 3, 3, 3, 3, 3, 3, 3, 3, 3, 3, 3, 3, 3, 3, 3, 3, 3, 3, 3, 3, 3, 3, 3, 3, 3, 3, 3, 3, 3, 3, 3, 3, 3, 3, 3, 3, 3, 3, 3, 3, 3, 3, 3, 3, 3, 3, 3, 3, 3, 3, 3, 3, 3, 3, 3, 3, 3, 3, 3, 3, 3, 3, 3, 3, 3, 3, 3, 3, 3, 3, 3, 3, 3, 3, 3, 3, 3, 3, 3, 3, 3, 3, 3, 3, 3, 3, 3, 3, 3, 3, 3, 3, 3, 3, 3, 3, 3, 3, 3, 3, 3, 3, 3, 3, 3, 3, 3, 3, 3, 3, 3, 3, 3, 3, 3, 3, 3, 3, 3, 3, 3, 3, 3, 3, 3, 3, 3, 3, 3, 3, 3, 3, 3, 3, 3, 3, 3, 3, 3, 3, 3, 3, 3, 3, 3, 3, 3, 3, 3, 3, 3, 3, 3, 3, 3, 3, 3, 3, 3, 3, 3, 3, 3, 3, 3, 3, 3, 3, 3, 3, 3, 3, 3, 3, 3, 3, 3, 3, 3, 3, 3, 3, 3, 3, 3, 3, 3, 3, 3, 3, 3, 3, 3, 3, 3, 3, 3, 3, 3, 3, 3, 3, 3, 3, 3, 3, 3, 3, 3, 3, 3, 3, 3, 3, 3, 3, 3, 3, 3, 3, 3, 3, 3, 3, 3, 3, 3, 3, 3, 3, 3, 3, 3, 3, 3, 3, 3, 3, 3, 3, 3, 3, 3, 3, 3, 3, 3, 3, 3, 3, 3, 3, 3, 3, 3, 3, 3, 3, 3, 3, 3, 3, 3, 3, 3, 3, 3, 3, 3, 3, 3, 3, 3, 3, 3, 3, 3, 3, 3, 3, 3, 3, 3, 3, 3, 3, 3, 3, 3, 3, 3, 3, 3, 3, 3, 3, 3, 3, 3, 3, 3, 3, 3, 3, 3, 3, 3, 3, 3, 3, 3, 3, 3, 3, 3, 3, 3, 3, 3, 3, 3, 3, 3, 3, 3, 3, 3, 3, 3, 3, 3, 3, 3, 3, 3, 3, 3, 3, 3, 3, 3, 3, 3, 3, 3, 3, 3, 3, 3, 3, 3, 3, 3, 3, 3, 3, 3, 3, 3, 3, 3, 3, 3, 3, 3, 3, 3, 3, 3, 3, 3, 3, 3, 3, 3, 3, 3, 3, 3, 3, 3, 3, 3, 3, 3, 3, 3, 3, 3, 3, 3, 3, 3, 3, 3, 3, 3, 3, 3, 3, 3, 3, 3, 3, 3, 3, 3, 3, 3, 3, 3, 3, 3, 3, 3, 3, 3, 3, 3, 3, 3, 3, 3, 3, 3, 3, 3, 3, 3, 3, 3, 3, 3, 3, 3, 3, 3, 3, 3, 3, 3, 3, 3, 3, 3, 3, 3, 3, 3, 3, 3, 3, 3, 3, 3, 3, 3, 3, 3, 3, 3, 3, 3, 3, 3, 3, 3, 3, 3, 3, 3, 3, 3, 3, 3, 3, 3, 3, 3, 3, 3, 3, 3, 3, 3, 3, 3, 3, 3, 3, 3, 3, 3, 3, 3, 3, 3, 3, 3, 3, 3, 3, 3, 3, 3, 3, 3, 3, 3, 3, 3, 3, 3, 3, 3, 3, 3, 3, 3, 3, 3, 3, 3, 3, 3, 3, 3, 3, 3, 3, 3, 3, 3, 3, 3, 3, 3, 3, 3, 3, 3, 3, 3, 3, 3, 3, 3, 3, 3, 3, 3, 3, 3, 3, 3, 3, 3, 3, 3, 3, 3, 3, 3, 3, 3, 3, 3, 3, 3, 3, 3, 3, 3, 3, 3, 3, 3, 3, 3, 3, 3, 3, 3, 3, 3, 3, 3, 3, 3, 3, 3, 3, 3, 3, 3, 3, 3, 3, 3, 3, 3, 3, 3, 3, 3, 3, 3, 3, 3, 3, 3, 3, 3, 3, 3, 3, 3, 3, 3, 3, 3, 3, 3, 3, 3, 3, 3, 3, 3, 3, 3, 3, 3, 3, 3, 3, 3, 3, 3, 3, 3, 3, 3, 3, 3, 3, 3, 3, 3, 3, 3, 3, 3, 3, 3, 3, 3, 3, 3, 3, 3, 3, 3, 3, 3, 3, 3, 3, 3, 3, 3, 3, 3, 3, 3, 3, 3, 3, 3, 3, 3, 3, 3, 3, 3, 3, 3, 3, 3, 3, 3, 3, 3, 3, 3, 3, 3, 3, 3, 3, 3, 3, 3, 3, 3, 3, 3, 3, 3, 3, 3, 3, 3, 3, 3, 3, 3, 3, 3, 3, 3, 3, 3, 3, 3, 3, 3, 3, 3, 3, 3, 3, 3, 3, 3, 3, 3, 3, 3, 3, 3, 3, 3, 3, 3, 3, 3, 3, 3, 3, 3, 3, 3, 3, 3, 3, 3, 3, 3, 3, 3, 3, 3, 3, 3, 3, 3, 3, 3, 3, 3, 3, 3, 3, 3, 3, 3, 3, 3, 3, 3, 3, 3, 3, 3, 3, 3, 3, 3, 3, 3, 3, 3, 3, 3, 3, 3, 3, 3, 3, 3, 3, 3, 3, 3, 3, 3, 3, 3, 3, 3, 3, 3, 3, 3, 3, 3, 3, 3, 3, 3, 3, 3, 3, 3, 3, 3, 3, 3, 3, 3, 3, 3, 3, 3, 3, 3, 3, 3, 3, 3, 3, 3, 3, 3, 3, 3, 3, 3, 3, 3, 3, 3, 3, 3, 3, 3, 3, 3, 3, 3, 3, 3, 3, 3, 3, 3, 3, 3, 3, 3, 3, 3, 3, 3, 3, 3, 3, 3, 3, 3, 3, 3, 3, 3, 3, 3, 3, 3, 3, 3, 3, 3, 3, 3, 3, 3, 3, 3, 3, 3, 3, 3, 3, 3, 3, 3, 3, 3, 3, 3, 3, 3, 3, 3, 3, 3, 3, 3, 3, 3, 3, 3, 3, 3, 3, 3, 3, 3, 3, 3, 3, 3, 3, 3, 3, 3, 3, 3, 3, 3, 3, 3, 3, 3, 3, 3, 3, 3, 3, 3, 3, 3, 3, 3, 3, 3, 3, 3, 3, 3, 3, 3, 3, 3, 3, 3, 3, 3, 3, 3, 3, 3, 3, 3, 3, 3, 3, 3, 3, 3, 3, 3, 3, 3, 3, 3, 3, 3, 3, 3, 3, 3, 3, 3, 3, 3, 3, 3, 3, 3, 3, 3, 3, 3, 3, 3, 3, 3, 3, 3, 3, 3, 3, 3, 3, 3, 3, 3, 3, 3, 3, 3, 3, 3, 3, 3, 3, 3, 3, 3, 3, 3, 3, 3, 3, 3, 3, 3, 3, 3, 3, 3, 3, 3, 3, 3, 3, 3, 3, 3, 3, 3, 3, 3, 3, 3, 3, 3, 3, 3, 3, 3, 3, 3, 3, 3, 3, 3, 3, 3, 3, 3, 3, 3, 3, 3, 3, 3, 3, 3, 3, 3, 3, 3, 3, 3, 3, 3, 3, 3, 3, 3, 3, 3, 3, 3, 3, 3, 3, 3, 3, 3, 3, 3, 3, 3, 3, 3, 3, 3, 3, 3, 3, 3, 3, 3, 3, 3, 3, 3, 3, 3, 3, 3, 3, 3, 3, 3, 3, 3, 3, 3, 3, 3, 3, 3, 3, 3, 3, 3, 3, 3, 3, 3, 3, 3, 3, 3, 3, 3, 3, 3, 3, 3, 3, 3, 3, 3, 3, 3, 3, 3, 3, 3, 3, 3, 3, 3, 3, 3, 3, 3, 3, 3, 3, 3, 3, 3, 3, 3, 3, 3, 3, 3, 3, 3, 3, 3, 3, 3, 3, 3, 3, 3, 3, 3, 3, 3, 3, 3, 3, 3, 3, 3, 3, 3, 3, 3, 3, 3, 3, 3, 3, 3, 3, 3, 3, 3, 3, 3, 3, 3, 3, 3, 3, 3, 3, 3, 3, 3, 3, 3, 3, 3, 3, 3, 3, 3, 3, 3, 3, 3, 3, 3, 3, 3, 3, 3, 3, 3, 3, 3, 3, 3, 3, 3, 3, 3, 3, 3, 3, 3, 3, 3, 3, 3, 3, 3, 3, 3, 3, 3, 3, 3, 3, 3, 3, 3, 3, 3, 3, 3, 3, 3, 3, 3, 3, 3, 3, 3, 3, 3, 3, 3, 3, 3, 3, 3, 3, 3, 3, 3, 3, 3, 3, 3, 3, 3, 3, 3, 3, 3, 3, 3, 3, 3, 3, 3, 3, 3, 3, 3, 3, 3, 3, 3, 3, 3, 3, 3, 3, 3, 3, 3, 3, 3, 3, 3, 3, 3, 3, 3, 3, 3, 3, 3, 3, 3, 3, 3, 3, 3, 3, 3, 3, 3, 3, 3, 3, 3, 3, 3, 3, 3, 3, 3, 3, 3, 3, 3, 3, 3, 3, 3, 3, 3, 3, 3, 3, 3, 3, 3, 3, 3, 3, 3, 3, 3, 3, 3, 3, 3, 3, 3, 3, 3, 3, 3, 3, 3, 3, 3, 3, 3, 3, 3, 3, 3, 3, 3, 3, 3, 3, 3, 3, 3, 3, 3, 3, 3, 3, 3, 3, 3, 3, 3, 3, 3, 3, 3, 3, 3, 3, 3, 3, 3, 3, 3, 3, 3, 3, 3, 3, 3, 3, 3, 3, 3, 3, 3, 3, 3, 3, 3, 3, 3, 3, 3, 3, 3, 3, 3, 3, 3, 3, 3, 3, 3, 3, 3, 3, 3, 3, 3, 3, 3, 3, 3, 3, 3, 3, 3, 3, 3, 3, 3, 3, 3, 3, 3, 3, 3, 3, 3, 3, 3, 3, 3, 3, 3, 3, 3, 3, 3, 3, 3, 3, 3, 3, 3, 3, 3, 3, 3, 3, 3, 3, 3, 3, 3, 3, 3, 3, 3, 3, 3, 3, 3, 3, 3, 3, 3, 3, 3, 3, 3, 3, 3, 3, 3, 3, 3, 3, 3, 3, 3, 3, 3, 3, 3, 3, 3, 3, 3, 3, 3, 3, 3, 3, 3, 3, 3, 3, 3, 3, 3, 3, 3, 3, 3, 3, 3, 3, 3, 3, 3, 3, 3, 3, 3, 3, 3, 3, 3, 3, 3, 3, 3, 3, 3, 3, 3, 3, 3, 3, 3, 3, 3, 3, 3, 3, 3, 3, 3, 3, 3, 3, 3, 3, 3, 3, 3, 3, 3, 3, 3, 3, 3, 3, 3, 3, 3, 3, 3, 3, 3, 3, 3, 3, 3, 3, 3, 3, 3, 3, 3, 3, 3, 3, 3, 3, 3, 3, 3, 3, 3, 3, 3, 3, 3, 3, 3, 3, 3, 3, 3, 3, 3, 3, 3, 3, 3, 3, 3, 3, 3, 3, 3, 3, 3, 3, 3, 3, 3, 3, 3, 3, 3, 3, 3, 3, 3, 3, 3, 3, 3, 3, 3, 3, 3, 3, 3, 3, 3, 3, 3, 3, 3, 3, 3, 3, 3, 3, 3, 3, 3, 3, 3, 3, 3, 3, 3, 3, 3, 3, 3, 3, 3, 3, 3, 3, 3, 3, 3, 3, 3, 3, 3, 3, 3, 3, 3, 3, 3, 3, 3, 3, 3, 3, 3, 3, 3, 3, 3, 3, 3, 3, 3, 3, 3, 3, 3, 3, 3, 3, 3, 3, 3, 3, 3, 3, 3, 3, 3, 3, 3, 3, 3, 3, 3, 3, 3, 3, 3, 3, 3, 3, 3, 3, 3, 3, 3, 3, 3, 3, 3, 3, 3, 3, 3, 3, 3, 3, 3, 3, 3, 3, 3, 3, 3, 3, 3, 3, 3, 3, 3, 3, 3, 3, 3, 3, 3, 3, 3, 3, 3, 3, 3, 3, 3, 3, 3, 3, 3, 3, 3, 3, 3, 3, 3, 3, 3, 3, 3, 3, 3, 3, 3, 3, 3, 3, 3, 3, 3, 3, 3, 3, 3, 3, 3, 3, 3, 3, 3, 3, 3, 3, 3, 3, 3, 3, 3, 3, 3, 3, 3, 3, 3, 3, 3, 3, 3, 3, 3, 3, 3, 3, 3, 3, 3, 3, 3, 3, 3, 3, 3, 3, 3, 3, 3, 3, 3, 3, 3, 3, 3, 3, 3, 3, 3, 3, 3, 3, 3, 3, 3, 3, 3, 3, 3, 3, 3, 3, 3, 3, 3, 3, 3, 3, 3, 3, 3, 3, 3, 3, 3, 3, 3, 3, 3, 3, 3, 3, 3, 3, 3, 3, 3, 3, 3, 3, 3, 3, 3, 3, 3, 3, 3, 3, 3, 3, 3, 3, 3, 3, 3, 3, 3, 3, 3, 3, 3, 3, 3, 3, 3, 3, 3, 3, 3, 3, 3, 3, 3, 3, 3, 3, 3, 3, 3, 3, 3, 3, 3, 3, 3, 3, 3, 3, 3, 3, 3, 3, 3, 3, 3, 3, 3, 3, 3, 3, 3, 3, 3, 3, 3, 3, 3, 3, 3, 3, 3, 3, 3, 3, 3, 3, 3, 3, 3, 3, 3, 3, 3, 3, 3, 3, 3, 3, 3, 3, 3, 3, 3, 3, 3, 3, 3, 3, 3, 3, 3, 3, 3, 3, 3, 3, 3, 3, 3, 3, 3, 3, 3, 3, 3, 3, 3, 3, 3, 3, 3, 3, 3, 3, 3, 3, 3, 3, 3, 3, 3, 3, 3, 3, 3, 3, 3, 3, 3, 3, 3, 3, 3, 3, 3, 3, 3, 3, 3, 3, 3, 3, 3, 3, 3, 3, 3, 3, 3, 3, 3, 3, 3, 3, 3, 3, 3, 3, 3, 3, 3, 3, 3, 3, 3, 3, 3, 3, 3, 3, 3, 3, 3, 3, 3, 3, 3, 3, 3, 3, 3, 3, 3, 3, 3, 3, 3, 3, 3, 3, 3, 3, 3, 3, 3, 3, 3, 3, 3, 3, 3, 3, 3, 3, 3, 3, 3, 3, 3, 3, 3, 3, 3, 3, 3, 3, 3, 3, 3, 3, 3, 3, 3, 3, 3, 3, 3, 3, 3, 3, 3, 3, 3, 3, 3, 3, 3, 3, 3, 3, 3, 3, 3, 3, 3, 3, 3, 3, 3, 3, 3, 3, 3, 3, 3, 3, 3, 3, 3, 3, 3, 3, 3, 3, 3, 3, 3, 3, 3, 3, 3, 3, 3, 3, 3, 3, 3, 3, 3, 3, 3, 3, 3, 3, 3, 3, 3, 3, 3, 3, 3, 3, 3, 3, 3, 3, 3, 3, 3, 3, 3, 3, 3, 3, 3, 3, 3, 3, 3, 3, 3, 3, 3, 3, 3, 3, 3, 3, 3, 3, 3, 3, 3, 3, 3, 3, 3, 3, 3, 3, 3, 3, 3, 3, 3, 3, 3, 3, 3, 3, 3, 3, 3, 3, 3, 3, 3, 3, 3, 3, 3, 3, 3, 3, 3, 3, 3, 3, 3, 3, 3, 3, 3, 3, 3, 3, 3, 3, 3, 3, 3, 3, 3, 3, 3, 3, 3, 3, 3, 3, 3, 3, 3, 3, 3, 3, 3, 3, 3, 3, 3, 3, 3, 3, 3, 3, 3, 3, 3, 3, 3, 3, 3, 3, 3, 3, 3, 3, 3, 3, 3, 3, 3, 3, 3, 3, 3, 3, 3, 3, 3, 3, 3, 3, 3, 3, 3, 3, 3, 3, 3, 3, 3, 3, 3, 3, 3, 3, 3, 3, 3, 3, 3, 3, 3, 3, 3, 3, 3, 3, 3, 3, 3, 3, 3, 3, 3, 3, 3, 3, 3, 3, 3, 3, 3, 3, 3, 3, 3, 3, 3, 3, 3, 3, 3, 3, 3, 3, 3, 3, 3, 3, 3, 3, 3, 3, 3, 3, 3, 3, 3, 3, 3, 3, 3, 3, 3, 3, 3, 3, 3, 3, 3, 3, 3, 3, 3, 3, 3, 3, 3, 3, 3, 3, 3, 3, 3, 3, 3, 3, 3, 3, 3, 3, 3, 3, 3, 3, 3, 3, 3, 3, 3, 3, 3, 3, 3, 3, 3, 3, 3, 3, 3, 3, 3, 3, 3, 3, 3, 3, 3, 3, 3, 3, 3, 3, 3, 3, 3, 3, 3, 3, 3, 3, 3, 3, 3, 3, 3, 3, 3, 3, 3, 3, 3, 3, 3, 3, 3, 3, 3, 3, 3, 3, 3, 3, 3, 3, 3, 3, 3, 3, 3, 3, 3, 3, 3, 3, 3, 3, 3, 3, 3, 3, 3, 3, 3, 3, 3, 3, 3, 3, 3, 3, 3, 3, 3, 3, 3, 3, 3, 3, 3, 3, 3, 3, 3, 3, 3, 3, 3, 3, 3, 3, 3, 3, 3, 3, 3, 3, 3, 3, 3, 3, 3, 3, 3, 3, 3, 3, 3, 3, 3, 3, 3, 3, 3, 3, 3, 3, 3, 3, 3, 3, 3, 3, 3, 3, 3, 3, 3, 3, 3, 3, 3, 3, 3, 3, 3, 3, 3, 3, 3, 3, 3, 3, 3, 3, 3, 3, 3, 3, 3, 3, 3, 3, 3, 3, 3, 3, 3, 3, 3, 3, 3, 3, 3, 3, 3, 3, 3, 3, 3, 3, 3, 3, 3, 3, 3, 3, 3, 3, 3, 3, 3, 3, 3, 3, 3, 3, 3, 3, 3, 3, 3, 3, 3, 3, 3, 3, 3, 3, 3, 3, 3, 3, 3, 3, 3, 3, 3, 3, 3, 3, 3, 3, 3, 3, 3, 3, 3, 3, 3, 3, 3, 3, 3]
        int[] faceVertexIndices = [1, 0, 2, 0, 3, 2, 4, 0, 5, 5, 0, 1, 5, 1, 6, 6, 1, 7, 1, 2, 7, 8, 7, 12, 9, 8, 12, 10, 9, 12, 11, 10, 12, 7, 2, 12, 3, 13, 12, 2, 3, 12, 15, 14, 13, 15, 13, 16, 16, 13, 17, 17, 13, 4, 0, 4, 3, 4, 13, 3, 6, 7, 19, 18, 6, 19, 6, 74, 73, 74, 6, 75, 6, 73, 72, 75, 6, 76, 6, 72, 71, 76, 6, 77, 6, 71, 70, 77, 6, 78, 6, 70, 69, 78, 6, 79, 6, 69, 68, 79, 6, 80, 6, 68, 67, 80, 6, 81, 6, 67, 66, 81, 6, 82, 6, 66, 65, 82, 6, 83, 6, 65, 64, 6, 64, 63, 83, 6, 84, 84, 6, 85, 85, 6, 86, 86, 6, 87, 87, 6, 88, 88, 6, 89, 22, 21, 18, 23, 22, 18, 24, 23, 18, 25, 24, 18, 26, 25, 18, 27, 26, 18, 28, 27, 18, 89, 6, 18, 90, 89, 18, 91, 90, 18, 92, 91, 18, 93, 92, 18, 94, 93, 18, 95, 94, 18, 96, 95, 18, 97, 96, 18, 98, 97, 18, 99, 98, 18, 100, 99, 18, 101, 100, 18, 102, 101, 18, 103, 102, 18, 104, 103, 18, 21, 104, 18, 53, 52, 158, 157, 53, 158, 158, 52, 159, 52, 51, 159, 54, 53, 156, 53, 157, 156, 159, 51, 160, 51, 50, 160, 55, 54, 155, 54, 156, 155, 160, 50, 161, 50, 49, 161, 56, 55, 154, 55, 155, 154, 49, 48, 162, 161, 49, 162, 57, 56, 153, 56, 154, 153, 47, 46, 163, 48, 47, 163, 162, 48, 163, 58, 57, 152, 59, 58, 152, 57, 153, 152, 46, 45, 164, 163, 46, 164, 59, 152, 151, 164, 45, 165, 44, 43, 166, 45, 44, 166, 165, 45, 166, 166, 43, 167, 42, 41, 168, 43, 42, 168, 167, 43, 168, 168, 41, 169, 41, 40, 170, 169, 41, 170, 40, 39, 171, 170, 40, 171, 39, 38, 172, 171, 39, 172, 37, 36, 173, 38, 37, 173, 172, 38, 173, 36, 35, 174, 173, 36, 174, 174, 35, 175, 175, 35, 176, 35, 34, 176, 176, 34, 177, 34, 33, 177, 32, 31, 178, 33, 32, 178, 177, 33, 178, 31, 30, 179, 178, 31, 179, 179, 30, 180, 29, 28, 181, 30, 29, 181, 180, 30, 181, 181, 28, 182, 122, 121, 5, 123, 122, 5, 124, 123, 5, 125, 124, 5, 126, 125, 5, 127, 126, 5, 128, 127, 5, 129, 128, 5, 130, 129, 5, 131, 130, 5, 132, 131, 5, 133, 132, 5, 134, 133, 5, 135, 134, 5, 136, 135, 5, 137, 136, 5, 138, 137, 5, 139, 138, 5, 140, 139, 5, 141, 140, 5, 142, 141, 5, 143, 142, 5, 144, 143, 5, 145, 144, 5, 146, 145, 5, 147, 146, 5, 118, 117, 20, 119, 118, 20, 120, 119, 20, 121, 120, 20, 5, 121, 20, 182, 28, 20, 183, 182, 20, 184, 183, 20, 185, 184, 20, 186, 185, 20, 187, 186, 20, 188, 187, 20, 105, 188, 20, 28, 18, 20, 106, 105, 20, 107, 106, 20, 108, 107, 20, 109, 108, 20, 110, 109, 20, 111, 110, 20, 112, 111, 20, 113, 112, 20, 114, 113, 20, 115, 114, 20, 116, 115, 20, 117, 116, 20, 6, 63, 5, 63, 62, 5, 62, 61, 5, 61, 60, 5, 60, 59, 5, 59, 147, 5, 59, 148, 147, 59, 149, 148, 59, 150, 149, 59, 151, 150, 20, 189, 5, 189, 4, 5, 193, 192, 191, 191, 190, 220, 191, 220, 221, 191, 221, 222, 191, 222, 223, 191, 223, 224, 191, 224, 225, 191, 225, 226, 230, 231, 209, 210, 230, 209, 231, 232, 208, 209, 231, 208, 229, 230, 211, 230, 210, 211, 232, 233, 207, 233, 234, 207, 208, 232, 207, 229, 211, 212, 228, 229, 212, 207, 234, 206, 228, 212, 213, 227, 228, 213, 234, 235, 205, 206, 234, 205, 227, 213, 214, 226, 227, 214, 205, 235, 204, 235, 236, 204, 204, 236, 203, 236, 237, 203, 203, 237, 202, 237, 238, 202, 238, 239, 202, 202, 239, 201, 201, 239, 200, 239, 240, 200, 200, 240, 199, 240, 19, 199, 226, 214, 196, 214, 215, 196, 215, 216, 196, 216, 217, 196, 217, 218, 196, 218, 219, 196, 219, 198, 196, 191, 226, 196, 196, 198, 197, 191, 196, 194, 193, 191, 194, 194, 196, 195, 19, 7, 8, 199, 19, 8, 242, 241, 8, 242, 8, 9, 244, 243, 246, 10, 244, 245, 9, 10, 245, 244, 246, 245, 14, 15, 247, 14, 247, 304, 14, 304, 303, 14, 303, 302, 14, 302, 301, 14, 301, 300, 296, 295, 297, 300, 299, 298, 297, 295, 284, 298, 297, 283, 297, 284, 283, 284, 295, 286, 295, 294, 287, 286, 295, 287, 287, 294, 288, 294, 293, 288, 288, 293, 289, 293, 292, 289, 289, 292, 290, 292, 291, 290, 284, 286, 285, 283, 282, 281, 298, 283, 281, 14, 300, 281, 300, 298, 281, 14, 281, 280, 14, 280, 279, 14, 279, 278, 14, 278, 277, 268, 267, 269, 272, 271, 270, 270, 269, 256, 269, 267, 256, 270, 256, 255, 256, 267, 258, 266, 265, 259, 267, 266, 259, 258, 267, 259, 259, 265, 260, 265, 264, 261, 260, 265, 261, 264, 263, 262, 261, 264, 262, 256, 258, 257, 255, 254, 253, 272, 270, 253, 270, 255, 253, 248, 10, 11, 249, 248, 11, 250, 249, 11, 251, 250, 11, 252, 251, 11, 253, 252, 11, 14, 277, 11, 273, 272, 11, 274, 273, 11, 275, 274, 11, 276, 275, 11, 277, 276, 11, 272, 253, 11, 14, 11, 13, 11, 12, 13, 307, 308, 306, 15, 16, 305, 308, 15, 305, 306, 308, 305, 16, 17, 310, 310, 17, 309, 359, 360, 358, 357, 358, 336, 336, 358, 337, 337, 358, 338, 338, 358, 339, 339, 358, 340, 340, 358, 341, 341, 358, 342, 346, 345, 326, 347, 346, 325, 346, 326, 325, 326, 345, 327, 348, 347, 324, 347, 325, 324, 345, 344, 328, 327, 345, 328, 348, 324, 323, 349, 348, 323, 350, 349, 323, 343, 342, 329, 344, 343, 329, 328, 344, 329, 350, 323, 322, 351, 350, 321, 352, 351, 321, 350, 322, 321, 329, 342, 330, 352, 321, 320, 352, 320, 319, 353, 352, 319, 353, 319, 318, 354, 353, 318, 355, 354, 318, 355, 318, 317, 355, 317, 316, 356, 355, 316, 189, 356, 316, 189, 316, 315, 331, 330, 311, 332, 331, 311, 333, 332, 311, 334, 333, 311, 335, 334, 311, 330, 342, 311, 314, 335, 311, 342, 358, 311, 314, 311, 313, 311, 358, 361, 358, 360, 361, 311, 361, 312, 189, 315, 17, 4, 189, 17, 362, 363, 383, 363, 364, 383, 364, 365, 383, 221, 220, 384, 222, 221, 384, 223, 222, 384, 220, 362, 384, 362, 383, 384, 365, 366, 385, 366, 367, 385, 383, 365, 385, 224, 223, 386, 225, 224, 386, 384, 383, 386, 223, 384, 386, 383, 385, 386, 367, 368, 387, 368, 369, 387, 385, 367, 387, 226, 225, 388, 227, 226, 388, 385, 387, 388, 225, 386, 388, 386, 385, 388, 387, 369, 389, 369, 370, 389, 370, 371, 389, 228, 227, 390, 229, 228, 390, 227, 388, 390, 388, 387, 390, 387, 389, 390, 371, 372, 391, 389, 371, 391, 230, 229, 392, 389, 391, 392, 390, 389, 392, 229, 390, 392, 372, 373, 393, 373, 374, 393, 391, 372, 393, 230, 392, 394, 231, 230, 394, 232, 231, 394, 392, 391, 394, 391, 393, 394, 374, 375, 395, 375, 376, 395, 393, 374, 395, 233, 232, 396, 234, 233, 396, 394, 393, 396, 393, 395, 396, 232, 394, 396, 395, 376, 397, 376, 377, 397, 377, 378, 397, 396, 395, 397, 396, 397, 398, 235, 234, 398, 236, 235, 398, 234, 396, 398, 378, 379, 399, 379, 380, 399, 397, 378, 399, 237, 236, 400, 398, 397, 400, 238, 237, 400, 236, 398, 400, 397, 399, 400, 399, 380, 401, 380, 381, 401, 381, 382, 401, 382, 18, 401, 239, 238, 402, 240, 239, 402, 19, 240, 402, 399, 401, 402, 400, 399, 402, 401, 18, 402, 18, 19, 402, 238, 400, 402, 18, 382, 423, 20, 18, 423, 381, 380, 422, 382, 381, 422, 423, 382, 422, 422, 380, 421, 379, 378, 420, 380, 379, 420, 421, 380, 420, 420, 378, 419, 378, 377, 418, 419, 378, 418, 377, 376, 417, 418, 377, 417, 375, 374, 416, 376, 375, 416, 417, 376, 416, 374, 373, 415, 416, 374, 415, 415, 373, 414, 373, 372, 413, 414, 373, 413, 371, 370, 412, 372, 371, 412, 413, 372, 412, 412, 370, 411, 411, 370, 410, 370, 369, 410, 369, 368, 409, 410, 369, 409, 368, 367, 408, 409, 368, 408, 367, 366, 407, 408, 367, 407, 366, 365, 406, 407, 366, 406, 365, 364, 405, 406, 365, 405, 364, 363, 404, 405, 364, 404, 363, 362, 403, 404, 363, 403, 424, 42, 425, 42, 43, 425, 425, 43, 426, 43, 44, 426, 44, 45, 427, 426, 44, 427, 45, 46, 428, 427, 45, 428, 46, 47, 429, 428, 46, 429, 47, 48, 430, 429, 47, 430, 48, 49, 431, 430, 48, 431, 431, 49, 432, 49, 50, 432, 432, 50, 433, 50, 51, 433, 51, 52, 433, 433, 52, 434, 434, 52, 435, 52, 53, 435, 435, 53, 436, 53, 54, 436, 54, 55, 436, 436, 55, 437, 437, 55, 438, 55, 56, 438, 57, 58, 439, 438, 56, 439, 56, 57, 439, 58, 59, 440, 439, 58, 440, 59, 60, 441, 440, 59, 441, 60, 61, 442, 441, 60, 442, 61, 62, 443, 442, 61, 443, 443, 62, 444, 62, 63, 445, 63, 64, 445, 444, 62, 445, 64, 65, 446, 445, 64, 446, 65, 66, 447, 446, 65, 447, 66, 67, 448, 447, 66, 448, 67, 68, 449, 448, 67, 449, 449, 68, 450, 68, 69, 451, 450, 68, 451, 69, 70, 452, 70, 71, 452, 451, 69, 452, 71, 72, 453, 452, 71, 453, 453, 72, 454, 72, 73, 455, 454, 72, 455, 455, 73, 456, 73, 74, 456, 74, 75, 456, 456, 75, 457, 457, 75, 458, 75, 76, 458, 458, 76, 459, 76, 77, 459, 77, 78, 459, 459, 78, 460, 78, 79, 461, 460, 78, 461, 79, 80, 462, 461, 79, 462, 80, 81, 463, 462, 80, 463, 81, 82, 464, 463, 81, 464, 82, 83, 465, 83, 84, 465, 464, 82, 465, 465, 84, 466, 84, 85, 467, 466, 84, 467, 85, 86, 468, 467, 85, 468, 86, 87, 469, 468, 86, 469, 87, 88, 470, 469, 87, 470, 88, 89, 471, 470, 88, 471, 89, 90, 472, 90, 91, 472, 471, 89, 472, 472, 91, 473, 91, 92, 474, 473, 91, 474, 92, 93, 475, 474, 92, 475, 93, 94, 476, 475, 93, 476, 94, 95, 477, 476, 94, 477, 95, 96, 478, 477, 95, 478, 96, 97, 479, 478, 96, 479, 97, 98, 480, 479, 97, 480, 98, 99, 481, 99, 100, 481, 480, 98, 481, 481, 100, 482, 482, 100, 483, 100, 101, 483, 483, 101, 484, 101, 102, 484, 484, 102, 485, 102, 103, 485, 485, 103, 486, 103, 104, 486, 104, 21, 486, 486, 21, 487, 21, 22, 487, 487, 22, 488, 488, 22, 489, 22, 23, 489, 489, 23, 490, 23, 24, 490, 490, 24, 491, 24, 25, 491, 491, 25, 492, 25, 26, 492, 492, 26, 493, 26, 27, 493, 493, 27, 494, 27, 28, 494, 28, 29, 494, 494, 29, 495, 29, 30, 496, 495, 29, 496, 30, 31, 497, 496, 30, 497, 31, 32, 498, 497, 31, 498, 32, 33, 499, 498, 32, 499, 33, 34, 500, 499, 33, 500, 34, 35, 501, 35, 36, 501, 500, 34, 501, 501, 36, 502, 36, 37, 502, 502, 37, 503, 37, 38, 504, 38, 39, 504, 503, 37, 504, 504, 39, 505, 39, 40, 506, 505, 39, 506, 506, 40, 507, 40, 41, 507, 41, 42, 507, 507, 42, 424, 508, 126, 509, 126, 127, 509, 509, 127, 510, 127, 128, 510, 128, 129, 511, 510, 128, 511, 129, 130, 512, 511, 129, 512, 130, 131, 513, 512, 130, 513, 131, 132, 514, 513, 131, 514, 132, 133, 515, 514, 132, 515, 515, 133, 516, 133, 134, 516, 516, 134, 517, 134, 135, 517, 135, 136, 517, 517, 136, 518, 518, 136, 519, 136, 137, 519, 519, 137, 520, 137, 138, 520, 138, 139, 520, 520, 139, 521, 521, 139, 522, 139, 140, 522, 141, 142, 523, 522, 140, 523, 140, 141, 523, 142, 143, 524, 523, 142, 524, 143, 144, 525, 524, 143, 525, 144, 145, 526, 525, 144, 526, 145, 146, 527, 526, 145, 527, 527, 146, 528, 146, 147, 529, 147, 148, 529, 528, 146, 529, 148, 149, 530, 529, 148, 530, 149, 150, 531, 530, 149, 531, 150, 151, 532, 531, 150, 532, 151, 152, 533, 532, 151, 533, 533, 152, 534, 152, 153, 535, 534, 152, 535, 153, 154, 536, 154, 155, 536, 535, 153, 536, 155, 156, 537, 536, 155, 537, 537, 156, 538, 156, 157, 539, 538, 156, 539, 539, 157, 540, 157, 158, 540, 158, 159, 540, 540, 159, 541, 541, 159, 542, 159, 160, 542, 542, 160, 543, 160, 161, 543, 161, 162, 543, 543, 162, 544, 162, 163, 545, 544, 162, 545, 163, 164, 546, 545, 163, 546, 164, 165, 547, 546, 164, 547, 165, 166, 548, 547, 165, 548, 166, 167, 549, 167, 168, 549, 548, 166, 549, 549, 168, 550, 168, 169, 551, 550, 168, 551, 169, 170, 552, 551, 169, 552, 170, 171, 553, 552, 170, 553, 171, 172, 554, 553, 171, 554, 172, 173, 555, 554, 172, 555, 173, 174, 556, 174, 175, 556, 555, 173, 556, 556, 175, 557, 175, 176, 558, 557, 175, 558, 176, 177, 559, 558, 176, 559, 177, 178, 560, 559, 177, 560, 178, 179, 561, 560, 178, 561, 179, 180, 562, 561, 179, 562, 180, 181, 563, 562, 180, 563, 181, 182, 564, 563, 181, 564, 182, 183, 565, 183, 184, 565, 564, 182, 565, 565, 184, 566, 566, 184, 567, 184, 185, 567, 567, 185, 568, 185, 186, 568, 568, 186, 569, 186, 187, 569, 569, 187, 570, 187, 188, 570, 188, 105, 570, 570, 105, 571, 105, 106, 571, 571, 106, 572, 572, 106, 573, 106, 107, 573, 573, 107, 574, 107, 108, 574, 574, 108, 575, 108, 109, 575, 575, 109, 576, 109, 110, 576, 576, 110, 577, 110, 111, 577, 577, 111, 578, 111, 112, 578, 112, 113, 578, 578, 113, 579, 113, 114, 580, 579, 113, 580, 114, 115, 581, 580, 114, 581, 115, 116, 582, 581, 115, 582, 116, 117, 583, 582, 116, 583, 117, 118, 584, 583, 117, 584, 118, 119, 585, 119, 120, 585, 584, 118, 585, 585, 120, 586, 120, 121, 586, 586, 121, 587, 121, 122, 588, 122, 123, 588, 587, 121, 588, 588, 123, 589, 123, 124, 590, 589, 123, 590, 590, 124, 591, 124, 125, 591, 125, 126, 591, 591, 126, 508, 189, 20, 592, 422, 421, 592, 423, 422, 592, 20, 423, 592, 354, 355, 593, 355, 356, 593, 356, 189, 593, 189, 592, 593, 592, 421, 594, 420, 419, 594, 421, 420, 594, 352, 353, 595, 353, 354, 595, 592, 594, 595, 593, 592, 595, 354, 593, 595, 594, 419, 596, 418, 417, 596, 419, 418, 596, 350, 351, 597, 351, 352, 597, 594, 596, 597, 595, 594, 597, 352, 595, 597, 416, 415, 598, 417, 416, 598, 596, 417, 598, 348, 349, 599, 349, 350, 599, 596, 598, 599, 350, 597, 599, 597, 596, 599, 414, 413, 600, 415, 414, 600, 598, 415, 600, 346, 347, 601, 347, 348, 601, 598, 600, 601, 348, 599, 601, 599, 598, 601, 413, 412, 602, 600, 413, 602, 601, 600, 603, 345, 346, 603, 600, 602, 603, 346, 601, 603, 602, 412, 604, 411, 410, 604, 412, 411, 604, 345, 603, 605, 343, 344, 605, 344, 345, 605, 603, 602, 605, 602, 604, 605, 604, 410, 606, 409, 408, 606, 410, 409, 606, 341, 342, 607, 342, 343, 607, 604, 606, 607, 343, 605, 607, 605, 604, 607, 407, 406, 608, 408, 407, 608, 606, 408, 608, 339, 340, 609, 340, 341, 609, 607, 606, 609, 341, 607, 609, 606, 608, 609, 608, 406, 610, 404, 403, 610, 405, 404, 610, 406, 405, 610, 336, 337, 611, 337, 338, 611, 338, 339, 611, 339, 609, 611, 608, 610, 611, 609, 608, 611, 610, 403, 611, 403, 336, 611, 612, 190, 613, 613, 190, 191, 362, 220, 190, 614, 362, 190, 615, 199, 616, 241, 616, 8, 616, 199, 8, 615, 617, 638, 617, 618, 638, 618, 619, 638, 199, 615, 638, 200, 199, 639, 201, 200, 639, 202, 201, 639, 199, 638, 639, 619, 620, 640, 620, 621, 640, 638, 619, 640, 639, 638, 641, 203, 202, 641, 204, 203, 641, 638, 640, 641, 202, 639, 641, 621, 622, 642, 622, 623, 642, 640, 621, 642, 641, 640, 643, 640, 642, 643, 205, 204, 643, 206, 205, 643, 204, 641, 643, 623, 624, 644, 624, 625, 644, 642, 623, 644, 207, 206, 645, 208, 207, 645, 643, 642, 645, 206, 643, 645, 642, 644, 645, 625, 626, 646, 644, 625, 646, 645, 644, 647, 209, 208, 647, 210, 209, 647, 208, 645, 647, 644, 646, 647, 646, 626, 648, 626, 627, 648, 627, 628, 648, 211, 210, 649, 210, 647, 649, 647, 646, 649, 646, 648, 649, 628, 629, 650, 629, 630, 650, 648, 628, 650, 648, 650, 651, 649, 648, 651, 212, 211, 651, 213, 212, 651, 211, 649, 651, 630, 631, 652, 631, 632, 652, 650, 630, 652, 213, 651, 653, 214, 213, 653, 215, 214, 653, 651, 650, 653, 650, 652, 653, 632, 633, 654, 633, 634, 654, 652, 632, 654, 653, 652, 654, 653, 654, 655, 216, 215, 655, 217, 216, 655, 215, 653, 655, 654, 634, 656, 634, 635, 656, 635, 636, 656, 636, 637, 656, 656, 637, 657, 654, 656, 657, 637, 198, 657, 655, 654, 657, 217, 655, 657, 218, 217, 657, 219, 218, 657, 198, 219, 657, 658, 197, 659, 637, 659, 198, 659, 197, 198, 197, 660, 661, 196, 197, 661, 196, 661, 195, 661, 662, 195, 662, 663, 195, 665, 664, 194, 666, 665, 195, 663, 666, 195, 665, 194, 195, 668, 667, 193, 668, 193, 669, 664, 669, 194, 669, 193, 194, 671, 670, 192, 671, 192, 672, 667, 672, 193, 672, 192, 193, 670, 673, 192, 192, 673, 613, 192, 613, 191, 9, 245, 242, 245, 674, 242, 674, 616, 241, 674, 241, 242, 244, 676, 675, 243, 244, 675, 243, 675, 658, 243, 658, 246, 246, 658, 659, 246, 659, 616, 245, 246, 616, 674, 245, 616, 10, 248, 244, 676, 244, 677, 244, 248, 677, 678, 679, 308, 308, 679, 247, 308, 247, 15, 304, 247, 766, 766, 247, 767, 767, 247, 768, 768, 247, 769, 769, 247, 770, 770, 247, 771, 771, 247, 772, 772, 247, 773, 778, 777, 679, 779, 778, 679, 780, 779, 679, 781, 780, 679, 782, 781, 679, 783, 782, 679, 784, 783, 679, 785, 784, 679, 786, 785, 679, 787, 786, 679, 788, 787, 679, 789, 788, 679, 773, 247, 679, 774, 773, 679, 775, 774, 679, 776, 775, 679, 777, 776, 679, 789, 679, 790, 790, 679, 791, 791, 679, 792, 792, 679, 793, 793, 679, 737, 737, 679, 738, 738, 679, 739, 739, 679, 740, 740, 679, 741, 276, 277, 709, 277, 765, 709, 709, 765, 710, 764, 763, 710, 765, 764, 710, 710, 763, 711, 711, 763, 712, 763, 762, 712, 712, 762, 713, 762, 761, 713, 713, 761, 714, 761, 760, 714, 714, 760, 715, 759, 758, 715, 760, 759, 715, 715, 758, 716, 758, 757, 716, 716, 757, 717, 756, 755, 718, 757, 756, 718, 717, 757, 718, 718, 755, 719, 755, 754, 719, 719, 754, 720, 720, 754, 721, 753, 752, 721, 754, 753, 721, 721, 752, 722, 751, 750, 723, 752, 751, 723, 722, 752, 723, 723, 750, 724, 750, 749, 724, 749, 748, 725, 724, 749, 725, 725, 748, 726, 748, 747, 727, 726, 748, 727, 746, 745, 728, 747, 746, 728, 727, 747, 728, 728, 745, 729, 745, 744, 729, 729, 744, 730, 744, 743, 731, 730, 744, 731, 708, 707, 248, 249, 708, 248, 742, 741, 732, 743, 742, 732, 731, 743, 732, 248, 707, 706, 732, 741, 733, 741, 679, 733, 248, 706, 705, 248, 705, 704, 248, 704, 703, 248, 703, 702, 248, 702, 701, 681, 680, 677, 682, 681, 677, 683, 682, 677, 684, 683, 677, 685, 684, 677, 686, 685, 677, 687, 686, 677, 733, 679, 677, 688, 687, 677, 689, 688, 677, 690, 689, 677, 691, 690, 677, 692, 691, 677, 693, 692, 677, 694, 693, 677, 695, 694, 677, 696, 695, 677, 697, 696, 677, 698, 697, 677, 699, 698, 677, 734, 733, 677, 735, 734, 677, 736, 735, 677, 680, 736, 677, 248, 701, 677, 701, 700, 677, 700, 699, 677, 737, 794, 793, 794, 815, 793, 815, 814, 792, 793, 815, 792, 814, 813, 791, 792, 814, 791, 813, 812, 790, 791, 813, 790, 812, 811, 789, 790, 812, 789, 811, 810, 788, 789, 811, 788, 810, 809, 787, 788, 810, 787, 809, 808, 786, 787, 809, 786, 808, 807, 785, 786, 808, 785, 785, 807, 784, 807, 806, 784, 784, 806, 783, 806, 805, 783, 783, 805, 782, 805, 804, 782, 782, 804, 781, 804, 803, 781, 781, 803, 780, 803, 802, 780, 780, 802, 779, 802, 801, 779, 779, 801, 778, 801, 800, 778, 778, 800, 777, 800, 799, 777, 799, 798, 776, 777, 799, 776, 798, 797, 775, 776, 798, 775, 797, 796, 774, 775, 797, 774, 796, 795, 773, 774, 796, 773, 773, 795, 772, 795, 822, 772, 772, 822, 771, 822, 821, 771, 821, 820, 770, 771, 821, 770, 820, 819, 769, 770, 820, 769, 819, 818, 768, 769, 819, 768, 818, 817, 767, 768, 818, 767, 817, 816, 766, 767, 817, 766, 816, 300, 301, 816, 301, 302, 766, 816, 303, 816, 302, 303, 766, 303, 304, 281, 282, 850, 282, 851, 850, 850, 851, 849, 851, 852, 849, 849, 852, 848, 852, 853, 848, 848, 853, 847, 853, 854, 847, 847, 854, 846, 854, 855, 846, 846, 855, 845, 855, 856, 845, 845, 856, 844, 856, 857, 844, 844, 857, 843, 857, 858, 843, 858, 859, 842, 843, 858, 842, 859, 860, 841, 842, 859, 841, 860, 861, 840, 841, 860, 840, 861, 862, 839, 840, 861, 839, 862, 863, 838, 863, 864, 838, 839, 862, 838, 838, 864, 837, 864, 865, 836, 865, 866, 836, 837, 864, 836, 836, 866, 835, 866, 867, 834, 867, 868, 834, 835, 866, 834, 834, 868, 833, 868, 869, 832, 833, 868, 832, 869, 870, 831, 870, 871, 831, 832, 869, 831, 831, 871, 830, 830, 871, 829, 871, 872, 829, 829, 872, 828, 872, 873, 828, 828, 873, 827, 873, 874, 827, 874, 875, 827, 827, 875, 826, 826, 875, 825, 875, 876, 825, 825, 876, 824, 876, 877, 824, 824, 877, 823, 877, 878, 823, 823, 878, 794, 878, 879, 794, 879, 880, 794, 794, 880, 815, 880, 881, 815, 815, 881, 814, 881, 882, 814, 814, 882, 813, 882, 883, 813, 813, 883, 812, 883, 884, 812, 812, 884, 811, 884, 885, 811, 811, 885, 810, 885, 886, 810, 810, 886, 809, 886, 887, 809, 809, 887, 808, 887, 888, 808, 808, 888, 807, 888, 889, 807, 807, 889, 806, 889, 890, 806, 806, 890, 805, 890, 891, 805, 805, 891, 804, 891, 892, 804, 804, 892, 803, 892, 893, 803, 893, 894, 802, 803, 893, 802, 894, 895, 801, 802, 894, 801, 801, 895, 800, 895, 896, 800, 800, 896, 799, 896, 897, 799, 799, 897, 798, 897, 898, 798, 798, 898, 797, 898, 899, 797, 899, 900, 796, 797, 899, 796, 900, 901, 795, 796, 900, 795, 901, 902, 822, 795, 901, 822, 902, 903, 821, 822, 902, 821, 903, 904, 820, 821, 903, 820, 904, 905, 819, 820, 904, 819, 905, 906, 818, 819, 905, 818, 906, 907, 817, 818, 906, 817, 907, 299, 816, 817, 907, 816, 816, 299, 300, 891, 890, 955, 890, 889, 954, 955, 890, 954, 892, 891, 956, 891, 955, 956, 889, 888, 953, 954, 889, 953, 893, 892, 957, 892, 956, 957, 888, 887, 952, 953, 888, 952, 894, 893, 958, 893, 957, 958, 887, 886, 951, 952, 887, 951, 894, 958, 959, 895, 894, 959, 886, 885, 950, 951, 886, 950, 895, 959, 960, 896, 895, 960, 885, 884, 949, 950, 885, 949, 897, 896, 961, 896, 960, 961, 949, 884, 948, 884, 883, 948, 898, 897, 962, 897, 961, 962, 948, 883, 947, 883, 882, 947, 898, 962, 963, 899, 898, 963, 947, 882, 946, 882, 881, 946, 899, 963, 964, 900, 899, 964, 946, 881, 945, 881, 880, 945, 900, 964, 965, 901, 900, 965, 879, 878, 944, 880, 879, 944, 945, 880, 944, 901, 965, 966, 902, 901, 966, 878, 877, 943, 944, 878, 943, 902, 966, 967, 903, 902, 967, 877, 876, 942, 943, 877, 942, 903, 967, 968, 904, 903, 968, 876, 875, 941, 942, 876, 941, 905, 904, 969, 904, 968, 969, 875, 874, 940, 941, 875, 940, 905, 969, 970, 906, 905, 970, 874, 873, 939, 940, 874, 939, 906, 970, 971, 907, 906, 971, 873, 872, 938, 939, 873, 938, 299, 907, 972, 907, 971, 972, 872, 871, 937, 938, 872, 937, 299, 972, 973, 871, 870, 936, 937, 871, 936, 299, 973, 974, 936, 870, 935, 935, 870, 869, 299, 974, 975, 935, 869, 934, 299, 975, 976, 934, 869, 868, 933, 934, 868, 299, 976, 977, 933, 868, 867, 932, 933, 867, 299, 977, 978, 299, 978, 979, 932, 867, 866, 931, 932, 866, 299, 979, 980, 299, 980, 298, 931, 866, 865, 930, 931, 865, 930, 865, 864, 929, 930, 864, 929, 864, 863, 928, 929, 863, 928, 863, 862, 927, 928, 862, 927, 862, 861, 926, 927, 861, 926, 861, 860, 925, 926, 860, 925, 860, 859, 924, 925, 859, 923, 924, 858, 924, 859, 858, 922, 923, 857, 923, 858, 857, 921, 922, 856, 922, 857, 856, 920, 921, 855, 921, 856, 855, 919, 920, 854, 920, 855, 854, 918, 919, 853, 919, 854, 853, 917, 918, 852, 918, 853, 852, 916, 917, 851, 917, 852, 851, 283, 908, 282, 908, 909, 282, 909, 910, 282, 910, 911, 282, 911, 912, 282, 912, 913, 282, 913, 914, 282, 914, 915, 282, 915, 916, 282, 916, 851, 282, 284, 1017, 908, 283, 284, 908, 1017, 1016, 909, 908, 1017, 909, 1016, 1015, 910, 909, 1016, 910, 1015, 1014, 911, 910, 1015, 911, 1014, 1013, 912, 911, 1014, 912, 1013, 1012, 913, 912, 1013, 913, 1012, 1011, 914, 913, 1012, 914, 1011, 1010, 915, 914, 1011, 915, 1010, 1009, 916, 915, 1010, 916, 1009, 1008, 917, 916, 1009, 917, 1008, 1007, 918, 917, 1008, 918, 1007, 1006, 919, 918, 1007, 919, 919, 1006, 920, 1006, 1005, 920, 920, 1005, 921, 1005, 1004, 921, 921, 1004, 922, 1004, 1003, 922, 922, 1003, 923, 1003, 1002, 923, 923, 1002, 924, 1002, 1001, 924, 924, 1001, 925, 1001, 1000, 925, 925, 1000, 926, 1000, 999, 926, 926, 999, 927, 999, 998, 927, 927, 998, 928, 998, 997, 928, 928, 997, 929, 997, 996, 929, 929, 996, 930, 996, 995, 930, 930, 995, 931, 995, 994, 931, 931, 994, 932, 994, 993, 932, 932, 993, 933, 993, 992, 933, 933, 992, 934, 992, 991, 934, 934, 991, 935, 991, 990, 935, 935, 990, 936, 990, 989, 936, 936, 989, 937, 989, 988, 937, 937, 988, 938, 988, 987, 938, 987, 986, 939, 938, 987, 939, 939, 986, 940, 986, 985, 940, 985, 984, 941, 940, 985, 941, 984, 983, 942, 941, 984, 942, 983, 982, 943, 942, 983, 943, 943, 982, 944, 982, 981, 944, 944, 981, 945, 981, 1053, 945, 945, 1053, 946, 1053, 1052, 946, 946, 1052, 947, 1052, 1051, 947, 947, 1051, 948, 1051, 1050, 948, 948, 1050, 949, 1050, 1049, 949, 949, 1049, 950, 1049, 1048, 950, 950, 1048, 951, 1048, 1047, 951, 951, 1047, 952, 1047, 1046, 952, 952, 1046, 953, 1046, 1045, 953, 1045, 1044, 954, 953, 1045, 954, 1044, 1043, 955, 954, 1044, 955, 955, 1043, 956, 1042, 1041, 956, 1043, 1042, 956, 956, 1041, 957, 1040, 1039, 958, 1041, 1040, 958, 957, 1041, 958, 958, 1039, 959, 1038, 1037, 960, 1039, 1038, 960, 959, 1039, 960, 960, 1037, 961, 1037, 1036, 962, 961, 1037, 962, 1036, 1035, 963, 962, 1036, 963, 1035, 1034, 964, 963, 1035, 964, 1034, 1033, 965, 964, 1034, 965, 1033, 1032, 966, 965, 1033, 966, 1032, 1031, 967, 966, 1032, 967, 1031, 1030, 968, 967, 1031, 968, 1029, 1028, 969, 1030, 1029, 969, 968, 1030, 969, 969, 1028, 970, 970, 1028, 971, 1028, 1027, 971, 971, 1027, 972, 1027, 1026, 972, 972, 1026, 973, 1025, 1024, 973, 1026, 1025, 973, 973, 1024, 974, 1023, 1022, 975, 1024, 1023, 975, 974, 1024, 975, 975, 1022, 976, 1022, 1021, 977, 976, 1022, 977, 1021, 1020, 978, 977, 1021, 978, 1019, 1018, 979, 1020, 1019, 979, 978, 1020, 979, 979, 1018, 980, 1018, 297, 298, 980, 1018, 298, 296, 1022, 1023, 1022, 296, 1021, 296, 1023, 1024, 1021, 296, 1020, 296, 1024, 1025, 1020, 296, 1019, 1054, 296, 1026, 296, 1025, 1026, 1019, 296, 1018, 1055, 1054, 1027, 1054, 1026, 1027, 1018, 296, 297, 1056, 1055, 1028, 1055, 1027, 1028, 1057, 1056, 1029, 1056, 1028, 1029, 1058, 1057, 1030, 1057, 1029, 1030, 1059, 1058, 1031, 1058, 1030, 1031, 1060, 1059, 1032, 1059, 1031, 1032, 1061, 1060, 1033, 1060, 1032, 1033, 1062, 1061, 1034, 1061, 1033, 1034, 1063, 1062, 1035, 1062, 1034, 1035, 1064, 1063, 1036, 1063, 1035, 1036, 1064, 1036, 1037, 1065, 1064, 1037, 1066, 1065, 1038, 1065, 1037, 1038, 1067, 1066, 1039, 1066, 1038, 1039, 1067, 1039, 1040, 1068, 1067, 1040, 1069, 1068, 1041, 1068, 1040, 1041, 1070, 1069, 1042, 1069, 1041, 1042, 1070, 1042, 1043, 1071, 1070, 1043, 1071, 1043, 1044, 1071, 1044, 1072, 1072, 1044, 1045, 1045, 1046, 1073, 1072, 1045, 1073, 1046, 1047, 1074, 1073, 1046, 1074, 1009, 1010, 285, 1010, 1011, 285, 1011, 1012, 285, 1012, 1013, 285, 1013, 1014, 285, 1014, 1015, 285, 1015, 1016, 285, 1016, 1017, 285, 1017, 284, 285, 1047, 1048, 1075, 1074, 1047, 1075, 1009, 285, 1110, 1008, 1009, 1110, 1048, 1049, 1076, 1075, 1048, 1076, 1008, 1110, 1109, 1007, 1008, 1109, 1049, 1050, 1077, 1076, 1049, 1077, 1006, 1007, 1108, 1007, 1109, 1108, 1050, 1051, 1078, 1077, 1050, 1078, 1005, 1006, 1107, 1006, 1108, 1107, 1051, 1052, 1079, 1078, 1051, 1079, 1005, 1107, 1106, 1004, 1005, 1106, 1079, 1052, 1080, 1052, 1053, 1080, 1004, 1106, 1105, 1003, 1004, 1105, 1053, 981, 1081, 1080, 1053, 1081, 1003, 1105, 1104, 1002, 1003, 1104, 1081, 981, 1082, 1002, 1104, 1103, 1001, 1002, 1103, 1082, 981, 1083, 981, 982, 1083, 1001, 1103, 1102, 1000, 1001, 1102, 1083, 982, 1084, 982, 983, 1084, 1000, 1102, 1101, 999, 1000, 1101, 1084, 983, 1085, 983, 984, 1085, 999, 1101, 1100, 998, 999, 1100, 984, 985, 1086, 1085, 984, 1086, 998, 1100, 1099, 997, 998, 1099, 985, 986, 1087, 1086, 985, 1087, 996, 997, 1098, 997, 1099, 1098, 1087, 986, 1088, 986, 987, 1088, 995, 996, 1097, 996, 1098, 1097, 1088, 987, 1089, 987, 988, 1089, 994, 995, 1096, 995, 1097, 1096, 1089, 988, 1090, 988, 989, 1090, 994, 1096, 1095, 993, 994, 1095, 1090, 989, 1091, 989, 990, 1091, 993, 1095, 1094, 992, 993, 1094, 990, 991, 1092, 1091, 990, 1092, 991, 992, 1093, 992, 1094, 1093, 1092, 991, 1093, 295, 296, 1139, 296, 1054, 1139, 1054, 1055, 1138, 1139, 1054, 1138, 1055, 1056, 1137, 1138, 1055, 1137, 1056, 1057, 1136, 1137, 1056, 1136, 1057, 1058, 1135, 1136, 1057, 1135, 1058, 1059, 1134, 1135, 1058, 1134, 1059, 1060, 1133, 1134, 1059, 1133, 1060, 1061, 1132, 1133, 1060, 1132, 1132, 1061, 1131, 1061, 1062, 1131, 1131, 1062, 1130, 1062, 1063, 1130, 1130, 1063, 1129, 1063, 1064, 1129, 1129, 1064, 1128, 1064, 1065, 1128, 1128, 1065, 1127, 1065, 1066, 1127, 1127, 1066, 1126, 1066, 1067, 1126, 1126, 1067, 1125, 1067, 1068, 1125, 1125, 1068, 1124, 1068, 1069, 1124, 1124, 1069, 1123, 1069, 1070, 1123, 1123, 1070, 1122, 1070, 1071, 1122, 1122, 1071, 1121, 1071, 1072, 1121, 1121, 1072, 1120, 1072, 1073, 1120, 1120, 1073, 1119, 1073, 1074, 1119, 1119, 1074, 1118, 1074, 1075, 1118, 1075, 1076, 1117, 1118, 1075, 1117, 1076, 1077, 1116, 1117, 1076, 1116, 1077, 1078, 1115, 1116, 1077, 1115, 1078, 1079, 1114, 1115, 1078, 1114, 1079, 1080, 1113, 1114, 1079, 1113, 1080, 1081, 1112, 1113, 1080, 1112, 1112, 1081, 1111, 1081, 1082, 1111, 294, 295, 1139, 294, 1139, 293, 293, 1139, 292, 292, 1139, 1195, 291, 292, 1195, 1139, 1138, 1195, 1195, 1138, 1194, 1138, 1137, 1194, 1194, 1137, 1193, 1137, 1136, 1193, 1193, 1136, 1192, 1136, 1135, 1192, 1192, 1135, 1191, 1135, 1134, 1191, 1191, 1134, 1190, 1134, 1133, 1190, 1190, 1133, 1189, 1133, 1132, 1189, 1189, 1132, 1188, 1132, 1131, 1188, 1188, 1131, 1187, 1131, 1130, 1187, 1187, 1130, 1186, 1130, 1129, 1186, 1186, 1129, 1185, 1129, 1128, 1185, 1128, 1127, 1184, 1185, 1128, 1184, 1127, 1126, 1183, 1184, 1127, 1183, 1126, 1125, 1182, 1183, 1126, 1182, 1125, 1124, 1181, 1182, 1125, 1181, 1124, 1123, 1180, 1181, 1124, 1180, 1180, 1123, 1179, 1123, 1122, 1179, 1179, 1122, 1178, 1122, 1121, 1178, 1178, 1121, 1177, 1121, 1120, 1177, 1177, 1120, 1176, 1120, 1119, 1176, 1176, 1119, 1175, 1119, 1118, 1175, 1175, 1118, 1174, 1118, 1117, 1174, 1174, 1117, 1173, 1117, 1116, 1173, 1173, 1116, 1172, 1116, 1115, 1172, 1172, 1115, 1171, 1115, 1114, 1171, 1171, 1114, 1170, 1114, 1113, 1170, 1170, 1113, 1169, 1113, 1112, 1169, 1169, 1112, 1168, 1112, 1111, 1168, 1111, 1216, 1167, 1168, 1111, 1167, 1216, 1215, 1166, 1167, 1216, 1166, 1215, 1214, 1165, 1166, 1215, 1165, 1214, 1213, 1164, 1165, 1214, 1164, 1213, 1212, 1163, 1164, 1213, 1163, 1212, 1211, 1162, 1163, 1212, 1162, 1211, 1210, 1161, 1162, 1211, 1161, 1210, 1209, 1160, 1161, 1210, 1160, 1209, 1208, 1159, 1160, 1209, 1159, 1208, 1207, 1158, 1159, 1208, 1158, 1207, 1206, 1157, 1158, 1207, 1157, 1206, 1205, 1156, 1157, 1206, 1156, 1205, 1204, 1155, 1156, 1205, 1155, 1204, 1203, 1154, 1155, 1204, 1154, 1203, 1202, 1153, 1154, 1203, 1153, 1153, 1202, 1152, 1202, 1201, 1152, 1152, 1201, 1151, 1201, 1200, 1151, 1151, 1200, 1150, 1200, 1199, 1150, 1150, 1199, 1149, 1199, 1198, 1149, 1149, 1198, 1148, 1198, 1197, 1148, 1148, 1197, 1147, 1197, 1196, 1147, 1196, 1223, 1146, 1147, 1196, 1146, 1223, 1222, 1145, 1146, 1223, 1145, 1222, 1221, 1144, 1145, 1222, 1144, 1221, 1220, 1143, 1144, 1221, 1143, 1220, 1219, 1142, 1143, 1220, 1142, 1219, 1218, 1141, 1142, 1219, 1141, 1218, 1217, 1140, 1141, 1218, 1140, 1217, 286, 287, 1217, 287, 288, 1140, 1217, 289, 1217, 288, 289, 1140, 289, 290, 1178, 1177, 581, 1179, 1178, 582, 1178, 581, 582, 1177, 1176, 580, 581, 1177, 580, 1179, 582, 583, 1180, 1179, 583, 580, 1176, 579, 1176, 1175, 579, 1181, 1180, 584, 1180, 583, 584, 579, 1175, 578, 1175, 1174, 578, 1182, 1181, 585, 1181, 584, 585, 578, 1174, 577, 1174, 1173, 577, 1182, 585, 586, 1183, 1182, 586, 577, 1173, 576, 1173, 1172, 576, 1184, 1183, 587, 1183, 586, 587, 576, 1172, 575, 1172, 1171, 575, 1184, 587, 588, 1185, 1184, 588, 1171, 1170, 574, 575, 1171, 574, 1186, 1185, 589, 1185, 588, 589, 1170, 1169, 573, 574, 1170, 573, 1186, 589, 590, 1187, 1186, 590, 1169, 1168, 572, 573, 1169, 572, 1187, 590, 591, 1188, 1187, 591, 1188, 591, 508, 1189, 1188, 508, 1168, 1167, 571, 572, 1168, 571, 1190, 1189, 509, 1189, 508, 509, 1167, 1166, 570, 571, 1167, 570, 1191, 1190, 510, 1190, 509, 510, 1166, 1165, 569, 570, 1166, 569, 1192, 1191, 511, 1191, 510, 511, 569, 1165, 568, 1165, 1164, 568, 1193, 1192, 512, 1192, 511, 512, 1164, 1163, 567, 568, 1164, 567, 1194, 1193, 513, 1193, 512, 513, 1163, 1162, 566, 567, 1163, 566, 1195, 1194, 514, 1194, 513, 514, 1162, 1161, 565, 566, 1162, 565, 291, 1195, 515, 1195, 514, 515, 1161, 1160, 564, 565, 1161, 564, 291, 515, 516, 1160, 1159, 563, 564, 1160, 563, 291, 516, 517, 1159, 1158, 562, 563, 1159, 562, 291, 517, 518, 562, 1158, 561, 561, 1158, 1157, 291, 518, 519, 561, 1157, 560, 291, 519, 520, 559, 560, 1156, 560, 1157, 1156, 291, 520, 521, 291, 521, 522, 558, 559, 1155, 559, 1156, 1155, 291, 522, 523, 291, 523, 524, 291, 524, 525, 557, 558, 1154, 558, 1155, 1154, 291, 525, 526, 556, 557, 1153, 557, 1154, 1153, 555, 556, 1152, 556, 1153, 1152, 554, 555, 1151, 555, 1152, 1151, 553, 554, 1150, 554, 1151, 1150, 552, 553, 1149, 553, 1150, 1149, 551, 552, 1148, 552, 1149, 1148, 550, 551, 1147, 551, 1148, 1147, 550, 1147, 1146, 549, 550, 1146, 549, 1146, 1145, 548, 549, 1145, 548, 1145, 1144, 547, 548, 1144, 547, 1144, 1143, 546, 547, 1143, 546, 1143, 1142, 545, 546, 1142, 545, 1142, 1141, 544, 545, 1141, 544, 1141, 1140, 543, 544, 1140, 543, 1140, 290, 532, 533, 290, 533, 534, 290, 534, 535, 290, 535, 536, 290, 536, 537, 290, 537, 538, 290, 538, 539, 290, 539, 540, 290, 540, 541, 290, 541, 542, 290, 542, 543, 290, 291, 529, 290, 291, 528, 529, 291, 527, 528, 291, 526, 527, 529, 530, 290, 530, 531, 290, 531, 532, 290, 1082, 1083, 1111, 1083, 1084, 1216, 1111, 1083, 1216, 1084, 1085, 1215, 1216, 1084, 1215, 1085, 1086, 1214, 1215, 1085, 1214, 1086, 1087, 1213, 1214, 1086, 1213, 1087, 1088, 1212, 1213, 1087, 1212, 1088, 1089, 1211, 1212, 1088, 1211, 1089, 1090, 1210, 1211, 1089, 1210, 1090, 1091, 1209, 1210, 1090, 1209, 1209, 1091, 1208, 1091, 1092, 1208, 1208, 1092, 1207, 1092, 1093, 1207, 1207, 1093, 1206, 1093, 1094, 1206, 1206, 1094, 1205, 1094, 1095, 1205, 1205, 1095, 1204, 1095, 1096, 1204, 1204, 1096, 1203, 1096, 1097, 1203, 1203, 1097, 1202, 1097, 1098, 1202, 1202, 1098, 1201, 1098, 1099, 1201, 1201, 1099, 1200, 1099, 1100, 1200, 1200, 1100, 1199, 1100, 1101, 1199, 1101, 1102, 1198, 1199, 1101, 1198, 1102, 1103, 1197, 1198, 1102, 1197, 1197, 1103, 1196, 1103, 1104, 1196, 1104, 1105, 1223, 1196, 1104, 1223, 1105, 1106, 1222, 1223, 1105, 1222, 1106, 1107, 1221, 1222, 1106, 1221, 1107, 1108, 1220, 1221, 1107, 1220, 1108, 1109, 1219, 1220, 1108, 1219, 1109, 1110, 1218, 1219, 1109, 1218, 1110, 285, 1217, 1218, 1110, 1217, 1217, 285, 286, 280, 281, 850, 280, 850, 279, 279, 850, 278, 277, 278, 765, 850, 849, 765, 278, 850, 765, 849, 848, 764, 765, 849, 764, 848, 847, 763, 764, 848, 763, 847, 846, 762, 763, 847, 762, 846, 845, 761, 762, 846, 761, 845, 844, 760, 761, 845, 760, 844, 843, 759, 760, 844, 759, 759, 843, 758, 843, 842, 758, 758, 842, 757, 842, 841, 757, 757, 841, 756, 841, 840, 756, 756, 840, 755, 840, 839, 755, 755, 839, 754, 839, 838, 754, 754, 838, 753, 838, 837, 753, 753, 837, 752, 837, 836, 752, 752, 836, 751, 836, 835, 751, 751, 835, 750, 835, 834, 750, 750, 834, 749, 834, 833, 749, 833, 832, 748, 749, 833, 748, 832, 831, 747, 748, 832, 747, 831, 830, 746, 747, 831, 746, 830, 829, 745, 746, 830, 745, 829, 828, 744, 745, 829, 744, 828, 827, 743, 744, 828, 743, 827, 826, 742, 743, 827, 742, 826, 825, 741, 742, 826, 741, 825, 824, 740, 741, 825, 740, 824, 823, 739, 740, 824, 739, 823, 794, 738, 739, 823, 738, 738, 794, 737, 680, 1224, 736, 1224, 1245, 736, 1245, 1244, 735, 736, 1245, 735, 1244, 1243, 734, 735, 1244, 734, 1243, 1242, 733, 734, 1243, 733, 1242, 1241, 732, 733, 1242, 732, 1241, 1240, 731, 732, 1241, 731, 1240, 1239, 730, 731, 1240, 730, 1239, 1238, 729, 730, 1239, 729, 1238, 1237, 728, 729, 1238, 728, 728, 1237, 727, 1237, 1236, 727, 727, 1236, 726, 1236, 1235, 726, 726, 1235, 725, 1235, 1234, 725, 725, 1234, 724, 1234, 1233, 724, 724, 1233, 723, 1233, 1232, 723, 723, 1232, 722, 1232, 1231, 722, 722, 1231, 721, 1231, 1230, 721, 721, 1230, 720, 1230, 1229, 720, 1229, 1228, 719, 720, 1229, 719, 1228, 1227, 718, 719, 1228, 718, 1227, 1226, 717, 718, 1227, 717, 1226, 1225, 716, 717, 1226, 716, 716, 1225, 715, 1225, 1252, 715, 715, 1252, 714, 1252, 1251, 714, 1251, 1250, 713, 714, 1251, 713, 1250, 1249, 712, 713, 1250, 712, 1249, 1248, 711, 712, 1249, 711, 1248, 1247, 710, 711, 1248, 710, 1247, 1246, 709, 710, 1247, 709, 1246, 272, 273, 1246, 273, 274, 709, 1246, 275, 1246, 274, 275, 709, 275, 276, 253, 254, 1280, 254, 1281, 1280, 1280, 1281, 1279, 1281, 1282, 1279, 1279, 1282, 1278, 1282, 1283, 1278, 1278, 1283, 1277, 1283, 1284, 1277, 1277, 1284, 1276, 1284, 1285, 1276, 1276, 1285, 1275, 1285, 1286, 1275, 1275, 1286, 1274, 1286, 1287, 1274, 1274, 1287, 1273, 1287, 1288, 1273, 1288, 1289, 1272, 1273, 1288, 1272, 1289, 1290, 1271, 1272, 1289, 1271, 1290, 1291, 1270, 1271, 1290, 1270, 1291, 1292, 1269, 1270, 1291, 1269, 1292, 1293, 1268, 1269, 1292, 1268, 1293, 1294, 1267, 1268, 1293, 1267, 1294, 1295, 1266, 1267, 1294, 1266, 1295, 1296, 1265, 1296, 1297, 1265, 1266, 1295, 1265, 1265, 1297, 1264, 1297, 1298, 1264, 1264, 1298, 1263, 1298, 1299, 1262, 1263, 1298, 1262, 1299, 1300, 1261, 1262, 1299, 1261, 1261, 1300, 1260, 1300, 1301, 1260, 1301, 1302, 1260, 1260, 1302, 1259, 1259, 1302, 1258, 1302, 1303, 1258, 1303, 1304, 1258, 1258, 1304, 1257, 1257, 1304, 1256, 1304, 1305, 1256, 1256, 1305, 1255, 1305, 1306, 1255, 1255, 1306, 1254, 1306, 1307, 1254, 1307, 1308, 1254, 1254, 1308, 1253, 1253, 1308, 1224, 1308, 1309, 1224, 1309, 1310, 1224, 1224, 1310, 1245, 1310, 1311, 1245, 1245, 1311, 1244, 1311, 1312, 1244, 1244, 1312, 1243, 1312, 1313, 1243, 1243, 1313, 1242, 1313, 1314, 1242, 1242, 1314, 1241, 1314, 1315, 1241, 1241, 1315, 1240, 1315, 1316, 1240, 1240, 1316, 1239, 1316, 1317, 1239, 1239, 1317, 1238, 1317, 1318, 1238, 1238, 1318, 1237, 1318, 1319, 1237, 1237, 1319, 1236, 1319, 1320, 1236, 1236, 1320, 1235, 1320, 1321, 1235, 1235, 1321, 1234, 1321, 1322, 1234, 1234, 1322, 1233, 1322, 1323, 1233, 1323, 1324, 1232, 1233, 1323, 1232, 1324, 1325, 1231, 1232, 1324, 1231, 1231, 1325, 1230, 1325, 1326, 1230, 1230, 1326, 1229, 1326, 1327, 1229, 1229, 1327, 1228, 1327, 1328, 1228, 1228, 1328, 1227, 1328, 1329, 1227, 1329, 1330, 1226, 1227, 1329, 1226, 1330, 1331, 1225, 1226, 1330, 1225, 1331, 1332, 1252, 1225, 1331, 1252, 1332, 1333, 1251, 1252, 1332, 1251, 1333, 1334, 1250, 1251, 1333, 1250, 1334, 1335, 1249, 1250, 1334, 1249, 1335, 1336, 1248, 1249, 1335, 1248, 1336, 1337, 1247, 1248, 1336, 1247, 1337, 271, 1246, 1247, 1337, 1246, 1246, 271, 272, 1321, 1320, 1349, 1320, 1319, 1348, 1349, 1320, 1348, 1322, 1321, 1350, 1321, 1349, 1350, 1319, 1318, 1347, 1348, 1319, 1347, 1323, 1322, 1351, 1322, 1350, 1351, 1318, 1317, 1346, 1347, 1318, 1346, 1324, 1323, 1352, 1323, 1351, 1352, 1317, 1316, 1345, 1346, 1317, 1345, 1324, 1352, 1353, 1325, 1324, 1353, 1345, 1316, 1344, 1316, 1315, 1344, 1326, 1325, 1354, 1325, 1353, 1354, 1315, 1314, 1343, 1344, 1315, 1343, 1327, 1326, 1355, 1326, 1354, 1355, 1343, 1314, 1342, 1314, 1313, 1342, 1328, 1327, 1356, 1327, 1355, 1356, 1342, 1313, 1341, 1313, 1312, 1341, 1329, 1328, 1357, 1328, 1356, 1357, 1341, 1312, 1340, 1312, 1311, 1340, 1330, 1329, 1358, 1329, 1357, 1358, 1340, 1311, 1339, 1311, 1310, 1339, 1331, 1330, 1359, 1330, 1358, 1359, 1339, 1310, 1338, 1309, 1308, 1338, 1310, 1309, 1338, 1331, 1359, 1360, 1332, 1331, 1360, 1308, 1307, 1410, 1338, 1308, 1410, 1332, 1360, 1361, 1333, 1332, 1361, 1307, 1306, 1409, 1410, 1307, 1409, 1333, 1361, 1362, 1334, 1333, 1362, 1306, 1305, 1408, 1409, 1306, 1408, 1335, 1334, 1363, 1334, 1362, 1363, 1305, 1304, 1407, 1408, 1305, 1407, 1335, 1363, 1364, 1336, 1335, 1364, 1304, 1303, 1406, 1407, 1304, 1406, 1337, 1336, 1365, 1336, 1364, 1365, 1303, 1302, 1405, 1406, 1303, 1405, 271, 1337, 1366, 1337, 1365, 1366, 1302, 1301, 1404, 1405, 1302, 1404, 271, 1366, 1367, 1301, 1300, 1403, 1404, 1301, 1403, 271, 1367, 1368, 1403, 1300, 1402, 1402, 1300, 1299, 271, 1368, 1369, 1402, 1299, 1401, 271, 1369, 1370, 1401, 1299, 1298, 1400, 1401, 1298, 271, 1370, 1371, 1400, 1298, 1297, 1399, 1400, 1297, 271, 1371, 1372, 271, 1372, 1373, 1399, 1297, 1296, 1398, 1399, 1296, 271, 1373, 1374, 271, 1374, 270, 1397, 1398, 1295, 1398, 1296, 1295, 1396, 1397, 1294, 1397, 1295, 1294, 1396, 1294, 1293, 1395, 1396, 1293, 1394, 1395, 1292, 1395, 1293, 1292, 1393, 1394, 1291, 1394, 1292, 1291, 1392, 1393, 1290, 1393, 1291, 1290, 1392, 1290, 1289, 1391, 1392, 1289, 1390, 1391, 1288, 1391, 1289, 1288, 1389, 1390, 1287, 1390, 1288, 1287, 1388, 1389, 1286, 1389, 1287, 1286, 1387, 1388, 1285, 1388, 1286, 1285, 1386, 1387, 1284, 1387, 1285, 1284, 1385, 1386, 1283, 1386, 1284, 1283, 1384, 1385, 1282, 1385, 1283, 1282, 1383, 1384, 1281, 1384, 1282, 1281, 1377, 1378, 254, 1378, 1379, 254, 1379, 1380, 254, 1380, 1381, 254, 1381, 1382, 254, 1382, 1383, 254, 1383, 1281, 254, 255, 1375, 254, 1375, 1376, 254, 1376, 1377, 254, 1411, 1447, 1338, 1447, 1446, 1339, 1338, 1447, 1339, 1446, 1445, 1340, 1339, 1446, 1340, 1445, 1444, 1341, 1340, 1445, 1341, 1444, 1443, 1342, 1341, 1444, 1342, 1342, 1443, 1343, 1443, 1442, 1343, 1343, 1442, 1344, 1442, 1441, 1344, 1344, 1441, 1345, 1441, 1440, 1345, 1345, 1440, 1346, 1440, 1439, 1346, 1346, 1439, 1347, 1439, 1438, 1347, 1347, 1438, 1348, 1438, 1437, 1348, 1348, 1437, 1349, 1437, 1436, 1349, 1349, 1436, 1350, 1436, 1435, 1350, 1350, 1435, 1351, 1435, 1434, 1351, 1351, 1434, 1352, 1434, 1433, 1352, 1352, 1433, 1353, 1433, 1432, 1353, 1353, 1432, 1354, 1432, 1431, 1354, 1354, 1431, 1355, 1431, 1430, 1355, 1355, 1430, 1356, 1430, 1429, 1356, 1429, 1428, 1357, 1356, 1429, 1357, 1428, 1427, 1358, 1357, 1428, 1358, 1427, 1426, 1359, 1358, 1427, 1359, 1426, 1425, 1360, 1359, 1426, 1360, 1425, 1424, 1361, 1360, 1425, 1361, 1424, 1423, 1362, 1361, 1424, 1362, 1423, 1422, 1363, 1362, 1423, 1363, 1422, 1421, 1364, 1363, 1422, 1364, 1421, 1420, 1365, 1364, 1421, 1365, 1420, 1419, 1366, 1365, 1420, 1366, 1419, 1418, 1367, 1366, 1419, 1367, 1367, 1418, 1368, 1418, 1417, 1368, 1368, 1417, 1369, 1417, 1416, 1369, 1369, 1416, 1370, 1416, 1415, 1370, 1370, 1415, 1371, 1371, 1415, 1372, 1414, 1413, 1372, 1415, 1414, 1372, 1372, 1413, 1373, 1413, 1412, 1373, 1373, 1412, 1374, 1374, 1412, 270, 1412, 269, 270, 268, 1416, 1417, 1416, 268, 1415, 268, 1417, 1418, 1415, 268, 1414, 268, 1418, 1419, 1414, 268, 1413, 1448, 268, 1420, 268, 1419, 1420, 1413, 268, 1412, 1449, 1448, 1421, 1448, 1420, 1421, 1412, 268, 269, 1450, 1449, 1422, 1449, 1421, 1422, 1451, 1450, 1423, 1450, 1422, 1423, 1452, 1451, 1424, 1451, 1423, 1424, 1453, 1452, 1425, 1452, 1424, 1425, 1454, 1453, 1426, 1453, 1425, 1426, 1455, 1454, 1427, 1454, 1426, 1427, 1456, 1455, 1428, 1455, 1427, 1428, 1457, 1456, 1429, 1456, 1428, 1429, 1457, 1429, 1430, 1458, 1457, 1430, 1458, 1430, 1431, 1459, 1458, 1431, 1460, 1459, 1432, 1459, 1431, 1432, 1461, 1460, 1433, 1460, 1432, 1433, 1462, 1461, 1434, 1461, 1433, 1434, 1463, 1462, 1435, 1462, 1434, 1435, 1464, 1463, 1436, 1463, 1435, 1436, 1465, 1464, 1437, 1464, 1436, 1437, 1465, 1437, 1438, 1465, 1438, 1466, 1466, 1438, 1439, 1439, 1440, 1467, 1466, 1439, 1467, 1467, 1440, 1468, 1440, 1441, 1468, 1532, 1533, 257, 1533, 1534, 257, 1534, 1535, 257, 1535, 1536, 257, 1536, 1537, 257, 1537, 1538, 257, 1538, 1539, 257, 1539, 1540, 257, 1540, 256, 257, 1441, 1442, 1469, 1468, 1441, 1469, 1532, 257, 1504, 1531, 1532, 1504, 1442, 1443, 1470, 1469, 1442, 1470, 1531, 1504, 1503, 1530, 1531, 1503, 1443, 1444, 1471, 1470, 1443, 1471, 1529, 1530, 1502, 1530, 1503, 1502, 1444, 1445, 1472, 1471, 1444, 1472, 1528, 1529, 1501, 1529, 1502, 1501, 1445, 1446, 1473, 1472, 1445, 1473, 1528, 1501, 1500, 1527, 1528, 1500, 1446, 1447, 1474, 1473, 1446, 1474, 1527, 1500, 1499, 1526, 1527, 1499, 1447, 1411, 1475, 1474, 1447, 1475, 1526, 1499, 1498, 1525, 1526, 1498, 1475, 1411, 1476, 1525, 1498, 1497, 1524, 1525, 1497, 1476, 1411, 1477, 1411, 1505, 1477, 1524, 1497, 1496, 1523, 1524, 1496, 1477, 1505, 1478, 1505, 1506, 1478, 1523, 1496, 1495, 1522, 1523, 1495, 1478, 1506, 1479, 1506, 1507, 1479, 1522, 1495, 1494, 1521, 1522, 1494, 1479, 1507, 1480, 1507, 1508, 1480, 1521, 1494, 1493, 1520, 1521, 1493, 1480, 1508, 1481, 1508, 1509, 1481, 1519, 1520, 1492, 1520, 1493, 1492, 1509, 1510, 1482, 1481, 1509, 1482, 1518, 1519, 1491, 1519, 1492, 1491, 1510, 1511, 1483, 1482, 1510, 1483, 1517, 1518, 1490, 1518, 1491, 1490, 1483, 1511, 1484, 1511, 1512, 1484, 1517, 1490, 1489, 1516, 1517, 1489, 1512, 1513, 1485, 1484, 1512, 1485, 1515, 1516, 1488, 1516, 1489, 1488, 1485, 1513, 1486, 1513, 1514, 1486, 1515, 1488, 1487, 1514, 1515, 1487, 1486, 1514, 1487, 267, 268, 1569, 268, 1448, 1569, 1448, 1449, 1568, 1569, 1448, 1568, 1449, 1450, 1567, 1568, 1449, 1567, 1450, 1451, 1566, 1567, 1450, 1566, 1451, 1452, 1565, 1566, 1451, 1565, 1452, 1453, 1564, 1565, 1452, 1564, 1453, 1454, 1563, 1564, 1453, 1563, 1454, 1455, 1562, 1563, 1454, 1562, 1562, 1455, 1561, 1455, 1456, 1561, 1561, 1456, 1560, 1456, 1457, 1560, 1560, 1457, 1559, 1457, 1458, 1559, 1559, 1458, 1558, 1458, 1459, 1558, 1558, 1459, 1557, 1459, 1460, 1557, 1557, 1460, 1556, 1460, 1461, 1556, 1556, 1461, 1555, 1461, 1462, 1555, 1555, 1462, 1554, 1462, 1463, 1554, 1554, 1463, 1553, 1463, 1464, 1553, 1553, 1464, 1552, 1464, 1465, 1552, 1552, 1465, 1551, 1465, 1466, 1551, 1551, 1466, 1550, 1466, 1467, 1550, 1550, 1467, 1549, 1467, 1468, 1549, 1549, 1468, 1548, 1468, 1469, 1548, 1469, 1470, 1547, 1548, 1469, 1547, 1470, 1471, 1546, 1471, 1472, 1546, 1547, 1470, 1546, 1546, 1472, 1545, 1472, 1473, 1544, 1545, 1472, 1544, 1473, 1474, 1543, 1544, 1473, 1543, 1474, 1475, 1542, 1543, 1474, 1542, 1542, 1475, 1541, 1475, 1476, 1541, 266, 267, 1569, 266, 1569, 265, 265, 1569, 264, 264, 1569, 1625, 263, 264, 1625, 1569, 1568, 1625, 1625, 1568, 1624, 1568, 1567, 1624, 1624, 1567, 1623, 1567, 1566, 1623, 1623, 1566, 1622, 1566, 1565, 1622, 1622, 1565, 1621, 1565, 1564, 1621, 1621, 1564, 1620, 1564, 1563, 1620, 1620, 1563, 1619, 1563, 1562, 1619, 1619, 1562, 1618, 1562, 1561, 1618, 1618, 1561, 1617, 1561, 1560, 1617, 1617, 1560, 1616, 1560, 1559, 1616, 1616, 1559, 1615, 1559, 1558, 1615, 1558, 1557, 1614, 1615, 1558, 1614, 1557, 1556, 1613, 1614, 1557, 1613, 1556, 1555, 1612, 1613, 1556, 1612, 1555, 1554, 1611, 1612, 1555, 1611, 1554, 1553, 1610, 1611, 1554, 1610, 1610, 1553, 1609, 1553, 1552, 1609, 1609, 1552, 1608, 1552, 1551, 1608, 1608, 1551, 1607, 1551, 1550, 1607, 1607, 1550, 1606, 1550, 1549, 1606, 1606, 1549, 1605, 1549, 1548, 1605, 1605, 1548, 1604, 1548, 1547, 1604, 1604, 1547, 1603, 1547, 1546, 1603, 1603, 1546, 1602, 1546, 1545, 1602, 1602, 1545, 1601, 1545, 1544, 1601, 1601, 1544, 1600, 1544, 1543, 1600, 1600, 1543, 1599, 1543, 1542, 1599, 1599, 1542, 1598, 1542, 1541, 1598, 1541, 1646, 1597, 1598, 1541, 1597, 1646, 1645, 1596, 1597, 1646, 1596, 1645, 1644, 1595, 1596, 1645, 1595, 1644, 1643, 1594, 1595, 1644, 1594, 1643, 1642, 1593, 1594, 1643, 1593, 1642, 1641, 1592, 1593, 1642, 1592, 1641, 1640, 1591, 1592, 1641, 1591, 1640, 1639, 1590, 1591, 1640, 1590, 1639, 1638, 1589, 1590, 1639, 1589, 1638, 1637, 1588, 1589, 1638, 1588, 1637, 1636, 1587, 1588, 1637, 1587, 1636, 1635, 1586, 1587, 1636, 1586, 1635, 1634, 1585, 1586, 1635, 1585, 1634, 1633, 1584, 1585, 1634, 1584, 1633, 1632, 1583, 1584, 1633, 1583, 1583, 1632, 1582, 1632, 1631, 1582, 1582, 1631, 1581, 1631, 1630, 1581, 1581, 1630, 1580, 1630, 1629, 1580, 1580, 1629, 1579, 1629, 1628, 1579, 1579, 1628, 1578, 1628, 1627, 1578, 1578, 1627, 1577, 1627, 1626, 1577, 1626, 1653, 1576, 1577, 1626, 1576, 1653, 1652, 1575, 1576, 1653, 1575, 1652, 1651, 1574, 1575, 1652, 1574, 1651, 1650, 1573, 1574, 1651, 1573, 1650, 1649, 1572, 1573, 1650, 1572, 1649, 1648, 1571, 1572, 1649, 1571, 1648, 1647, 1570, 1571, 1648, 1570, 1647, 258, 259, 1647, 259, 260, 1570, 1647, 261, 1647, 260, 261, 1570, 261, 262, 1608, 1607, 497, 1609, 1608, 498, 1608, 497, 498, 1607, 1606, 496, 497, 1607, 496, 1609, 498, 499, 1610, 1609, 499, 496, 1606, 495, 1606, 1605, 495, 1610, 499, 500, 1611, 1610, 500, 495, 1605, 494, 1605, 1604, 494, 1612, 1611, 501, 1611, 500, 501, 494, 1604, 493, 1604, 1603, 493, 1612, 501, 502, 1613, 1612, 502, 493, 1603, 492, 1603, 1602, 492, 1614, 1613, 503, 1613, 502, 503, 492, 1602, 491, 1602, 1601, 491, 1615, 1614, 504, 1614, 503, 504, 1601, 1600, 490, 491, 1601, 490, 1616, 1615, 505, 1615, 504, 505, 490, 1600, 489, 1600, 1599, 489, 1617, 1616, 506, 1616, 505, 506, 1599, 1598, 488, 489, 1599, 488, 1617, 506, 507, 1618, 1617, 507, 1598, 1597, 487, 488, 1598, 487, 1618, 507, 424, 1619, 1618, 424, 1619, 424, 425, 1620, 1619, 425, 1597, 1596, 486, 487, 1597, 486, 1596, 1595, 485, 486, 1596, 485, 1620, 425, 426, 1621, 1620, 426, 1595, 1594, 484, 485, 1595, 484, 1622, 1621, 427, 1621, 426, 427, 484, 1594, 483, 1594, 1593, 483, 1623, 1622, 428, 1622, 427, 428, 1593, 1592, 482, 483, 1593, 482, 1624, 1623, 429, 1623, 428, 429, 1592, 1591, 481, 482, 1592, 481, 1625, 1624, 430, 1624, 429, 430, 1591, 1590, 480, 481, 1591, 480, 263, 1625, 431, 1625, 430, 431, 263, 431, 432, 1590, 1589, 479, 480, 1590, 479, 263, 432, 433, 1589, 1588, 478, 479, 1589, 478, 263, 433, 434, 478, 1588, 477, 477, 1588, 1587, 263, 434, 435, 477, 1587, 476, 263, 435, 436, 475, 476, 1586, 476, 1587, 1586, 263, 436, 437, 263, 437, 438, 474, 475, 1585, 475, 1586, 1585, 263, 438, 439, 263, 439, 440, 263, 440, 441, 474, 1585, 1584, 473, 474, 1584, 263, 441, 442, 472, 473, 1583, 473, 1584, 1583, 471, 472, 1582, 472, 1583, 1582, 470, 471, 1581, 471, 1582, 1581, 469, 470, 1580, 470, 1581, 1580, 468, 469, 1579, 469, 1580, 1579, 467, 468, 1578, 468, 1579, 1578, 466, 467, 1577, 467, 1578, 1577, 466, 1577, 1576, 465, 466, 1576, 465, 1576, 1575, 464, 465, 1575, 464, 1575, 1574, 463, 464, 1574, 463, 1574, 1573, 462, 463, 1573, 462, 1573, 1572, 461, 462, 1572, 461, 1572, 1571, 460, 461, 1571, 460, 1571, 1570, 459, 460, 1570, 459, 1570, 262, 448, 449, 262, 449, 450, 262, 450, 451, 262, 451, 452, 262, 452, 453, 262, 453, 454, 262, 454, 455, 262, 455, 456, 262, 456, 457, 262, 457, 458, 262, 458, 459, 262, 263, 445, 262, 263, 444, 445, 263, 443, 444, 263, 442, 443, 445, 446, 262, 446, 447, 262, 447, 448, 262, 1476, 1477, 1541, 1477, 1478, 1646, 1541, 1477, 1646, 1478, 1479, 1645, 1646, 1478, 1645, 1479, 1480, 1644, 1645, 1479, 1644, 1480, 1481, 1643, 1644, 1480, 1643, 1481, 1482, 1642, 1643, 1481, 1642, 1482, 1483, 1641, 1642, 1482, 1641, 1483, 1484, 1640, 1641, 1483, 1640, 1484, 1485, 1639, 1640, 1484, 1639, 1639, 1485, 1638, 1485, 1486, 1638, 1638, 1486, 1637, 1486, 1487, 1637, 1637, 1487, 1636, 1487, 1488, 1636, 1636, 1488, 1635, 1488, 1489, 1635, 1635, 1489, 1634, 1489, 1490, 1634, 1634, 1490, 1633, 1490, 1491, 1633, 1633, 1491, 1632, 1491, 1492, 1632, 1632, 1492, 1631, 1492, 1493, 1631, 1631, 1493, 1630, 1493, 1494, 1630, 1630, 1494, 1629, 1494, 1495, 1629, 1495, 1496, 1628, 1629, 1495, 1628, 1496, 1497, 1627, 1628, 1496, 1627, 1627, 1497, 1626, 1497, 1498, 1626, 1498, 1499, 1653, 1626, 1498, 1653, 1499, 1500, 1652, 1653, 1499, 1652, 1500, 1501, 1651, 1652, 1500, 1651, 1501, 1502, 1650, 1651, 1501, 1650, 1502, 1503, 1649, 1650, 1502, 1649, 1503, 1504, 1648, 1649, 1503, 1648, 1504, 257, 1647, 1648, 1504, 1647, 1647, 257, 258, 256, 1540, 255, 255, 1540, 1375, 1540, 1539, 1376, 1375, 1540, 1376, 1539, 1538, 1377, 1376, 1539, 1377, 1538, 1537, 1378, 1377, 1538, 1378, 1378, 1537, 1379, 1537, 1536, 1379, 1379, 1536, 1380, 1536, 1535, 1380, 1380, 1535, 1381, 1535, 1534, 1381, 1381, 1534, 1382, 1533, 1532, 1382, 1534, 1533, 1382, 1382, 1532, 1383, 1383, 1532, 1384, 1532, 1531, 1384, 1384, 1531, 1385, 1531, 1530, 1385, 1385, 1530, 1386, 1530, 1529, 1386, 1386, 1529, 1387, 1529, 1528, 1387, 1387, 1528, 1388, 1528, 1527, 1388, 1388, 1527, 1389, 1527, 1526, 1389, 1389, 1526, 1390, 1526, 1525, 1390, 1390, 1525, 1391, 1525, 1524, 1391, 1391, 1524, 1392, 1524, 1523, 1392, 1523, 1522, 1393, 1392, 1523, 1393, 1521, 1520, 1394, 1522, 1521, 1394, 1393, 1522, 1394, 1394, 1520, 1395, 1519, 1518, 1396, 1520, 1519, 1396, 1395, 1520, 1396, 1518, 1517, 1397, 1396, 1518, 1397, 1397, 1517, 1398, 1517, 1516, 1399, 1398, 1517, 1399, 1516, 1515, 1400, 1399, 1516, 1400, 1515, 1514, 1401, 1400, 1515, 1401, 1514, 1513, 1402, 1401, 1514, 1402, 1513, 1512, 1403, 1402, 1513, 1403, 1511, 1510, 1404, 1512, 1511, 1404, 1403, 1512, 1404, 1404, 1510, 1405, 1405, 1510, 1406, 1509, 1508, 1406, 1510, 1509, 1406, 1406, 1508, 1407, 1407, 1508, 1408, 1507, 1506, 1408, 1508, 1507, 1408, 1408, 1506, 1409, 1409, 1506, 1410, 1505, 1411, 1410, 1506, 1505, 1410, 1410, 1411, 1338, 252, 253, 1280, 252, 1280, 251, 251, 1280, 250, 249, 250, 708, 1280, 1279, 708, 250, 1280, 708, 1279, 1278, 707, 708, 1279, 707, 1278, 1277, 706, 707, 1278, 706, 1277, 1276, 705, 706, 1277, 705, 1276, 1275, 704, 705, 1276, 704, 1275, 1274, 703, 704, 1275, 703, 1274, 1273, 702, 703, 1274, 702, 702, 1273, 701, 1273, 1272, 701, 701, 1272, 700, 1272, 1271, 700, 700, 1271, 699, 1271, 1270, 699, 699, 1270, 698, 1270, 1269, 698, 698, 1269, 697, 1269, 1268, 697, 697, 1268, 696, 1268, 1267, 696, 696, 1267, 695, 1267, 1266, 695, 695, 1266, 694, 1266, 1265, 694, 694, 1265, 693, 1265, 1264, 693, 693, 1264, 692, 1264, 1263, 692, 1263, 1262, 691, 692, 1263, 691, 1262, 1261, 690, 691, 1262, 690, 1261, 1260, 689, 690, 1261, 689, 1260, 1259, 688, 689, 1260, 688, 1259, 1258, 687, 688, 1259, 687, 1258, 1257, 686, 687, 1258, 686, 1257, 1256, 685, 686, 1257, 685, 1256, 1255, 684, 685, 1256, 684, 1255, 1254, 683, 684, 1255, 683, 1254, 1253, 682, 683, 1254, 682, 1253, 1224, 681, 682, 1253, 681, 681, 1224, 680, 678, 308, 1654, 308, 307, 1654, 306, 1655, 1656, 1656, 1654, 307, 306, 1656, 307, 1655, 306, 1657, 306, 305, 1657, 305, 1658, 1657, 16, 310, 305, 310, 1658, 305, 309, 17, 1657, 1657, 17, 315, 1657, 315, 1659, 1658, 310, 309, 1657, 1658, 309, 312, 1660, 1661, 311, 312, 1662, 312, 1661, 1662, 1660, 312, 1665, 312, 361, 1664, 361, 1663, 1664, 1665, 312, 1664, 1663, 361, 1668, 360, 1666, 1667, 361, 360, 1667, 1668, 361, 1667, 1666, 360, 1671, 1671, 360, 359, 359, 1669, 1670, 1671, 359, 1670, 358, 1673, 359, 1669, 359, 1672, 359, 1673, 1672, 357, 1674, 1673, 358, 357, 1673, 1675, 357, 336, 1675, 336, 403, 1694, 1693, 1697, 1695, 1694, 1697, 1696, 1695, 1697, 1696, 1697, 1698, 333, 334, 1698, 334, 335, 1698, 335, 314, 1698, 314, 1696, 1698, 1692, 1691, 1699, 1693, 1692, 1699, 1697, 1693, 1699, 1697, 1699, 1700, 331, 332, 1700, 332, 333, 1700, 333, 1698, 1700, 1698, 1697, 1700, 1690, 1689, 1701, 1691, 1690, 1701, 1699, 1691, 1701, 1700, 1699, 1702, 329, 330, 1702, 330, 331, 1702, 1699, 1701, 1702, 331, 1700, 1702, 1688, 1687, 1703, 1689, 1688, 1703, 1701, 1689, 1703, 327, 328, 1704, 328, 329, 1704, 1702, 1701, 1704, 329, 1702, 1704, 1701, 1703, 1704, 1687, 1686, 1705, 1703, 1687, 1705, 326, 327, 1706, 327, 1704, 1706, 1704, 1703, 1706, 1703, 1705, 1706, 1685, 1684, 1707, 1686, 1685, 1707, 1705, 1686, 1707, 324, 325, 1708, 325, 326, 1708, 1706, 1705, 1708, 1705, 1707, 1708, 326, 1706, 1708, 1683, 1682, 1709, 1684, 1683, 1709, 1707, 1684, 1709, 324, 1708, 1710, 1707, 1709, 1710, 1708, 1707, 1710, 322, 323, 1710, 323, 324, 1710, 1681, 1680, 1711, 1682, 1681, 1711, 1709, 1682, 1711, 1709, 1711, 1712, 320, 321, 1712, 321, 322, 1712, 1710, 1709, 1712, 322, 1710, 1712, 1679, 1678, 1713, 1680, 1679, 1713, 1711, 1680, 1713, 1712, 1711, 1714, 1711, 1713, 1714, 318, 319, 1714, 319, 320, 1714, 320, 1712, 1714, 1676, 1659, 1715, 1677, 1676, 1715, 1678, 1677, 1715, 1713, 1678, 1715, 1659, 315, 1715, 1714, 1713, 1716, 315, 316, 1716, 316, 317, 1716, 317, 318, 1716, 318, 1714, 1716, 1713, 1715, 1716, 1715, 315, 1716, 1696, 314, 1655, 1655, 314, 313, 1655, 313, 1656, 1717, 313, 1662, 1662, 313, 311, 362, 614, 1718, 362, 1718, 1739, 362, 1739, 1738, 362, 1738, 1737, 362, 1737, 1736, 362, 1736, 1735, 1730, 1729, 1754, 1730, 1754, 1753, 1754, 1729, 1755, 1729, 1728, 1755, 1730, 1753, 1752, 1731, 1730, 1752, 1755, 1728, 1756, 1728, 1727, 1756, 1731, 1752, 1751, 1732, 1731, 1751, 1733, 1732, 1751, 1727, 1726, 1757, 1756, 1727, 1757, 1733, 1751, 1750, 1733, 1750, 1749, 1734, 1733, 1749, 1726, 1725, 1758, 1757, 1726, 1758, 1725, 1724, 1759, 1758, 1725, 1759, 1734, 1749, 1748, 1735, 1734, 1748, 1724, 1723, 1760, 1759, 1724, 1760, 1760, 1723, 1761, 1723, 1722, 1761, 1722, 1721, 1762, 1761, 1722, 1762, 1720, 1719, 1763, 1721, 1720, 1763, 1762, 1721, 1763, 1763, 1719, 1742, 1735, 1748, 403, 1744, 1743, 403, 1745, 1744, 403, 1746, 1745, 403, 1747, 1746, 403, 1748, 1747, 403, 362, 1735, 403, 403, 1743, 1675, 1742, 1719, 1741, 1719, 1740, 1741, 614, 190, 612, 1765, 612, 1764, 612, 613, 1764, 1657, 1659, 615, 1657, 615, 616, 637, 636, 1696, 1696, 636, 1695, 635, 634, 1694, 636, 635, 1694, 1695, 636, 1694, 1694, 634, 1693, 634, 633, 1692, 1693, 634, 1692, 633, 632, 1691, 1692, 633, 1691, 631, 630, 1690, 632, 631, 1690, 1691, 632, 1690, 1690, 630, 1689, 630, 629, 1688, 1689, 630, 1688, 628, 627, 1687, 629, 628, 1687, 1688, 629, 1687, 1687, 627, 1686, 627, 626, 1685, 1686, 627, 1685, 625, 624, 1684, 626, 625, 1684, 1685, 626, 1684, 1684, 624, 1683, 1683, 624, 1682, 623, 622, 1682, 624, 623, 1682, 1682, 622, 1681, 622, 621, 1681, 1681, 621, 1680, 620, 619, 1679, 621, 620, 1679, 1680, 621, 1679, 1679, 619, 1678, 619, 618, 1677, 1678, 619, 1677, 618, 617, 1676, 1677, 618, 1676, 617, 615, 1659, 1676, 617, 1659, 660, 197, 658, 1696, 1655, 637, 1655, 659, 637, 1766, 661, 1767, 661, 660, 1767, 663, 662, 666, 1769, 1768, 666, 662, 1769, 666, 661, 1845, 1846, 661, 1846, 1847, 1845, 661, 1844, 661, 1847, 1848, 1844, 661, 1843, 661, 1848, 1849, 1843, 661, 1842, 661, 1849, 1850, 1842, 661, 1841, 661, 1850, 1851, 1841, 661, 1840, 661, 1851, 1852, 661, 1766, 1839, 1840, 661, 1839, 661, 1852, 1853, 1839, 1766, 1838, 661, 1853, 1854, 1838, 1766, 1837, 1837, 1766, 1836, 661, 1854, 1855, 1836, 1766, 1792, 661, 1855, 1856, 1792, 1766, 1791, 1766, 1790, 1834, 1791, 1766, 1834, 1790, 1789, 1833, 1834, 1790, 1833, 1789, 1788, 1832, 1833, 1789, 1832, 1788, 1787, 1831, 1832, 1788, 1831, 1787, 1786, 1830, 1831, 1787, 1830, 1786, 1785, 1829, 1830, 1786, 1829, 1785, 1784, 1828, 1829, 1785, 1828, 1828, 1784, 1827, 1784, 1783, 1827, 1783, 1782, 1826, 1827, 1783, 1826, 1826, 1782, 1781, 1826, 1781, 1825, 1825, 1781, 1824, 1824, 1781, 1780, 1824, 1780, 1779, 1823, 1824, 1779, 1866, 1867, 662, 1867, 1868, 662, 1868, 1869, 662, 1869, 1870, 662, 1870, 1871, 662, 1871, 1872, 662, 661, 1856, 662, 1856, 1857, 662, 1857, 1858, 662, 1858, 1859, 662, 1859, 1860, 662, 1860, 1861, 662, 1861, 1862, 662, 1862, 1863, 662, 1863, 1864, 662, 1864, 1865, 662, 1865, 1866, 662, 662, 1872, 1873, 662, 1873, 1874, 1823, 1779, 1778, 1822, 1823, 1778, 662, 1874, 1875, 662, 1875, 1876, 1820, 1821, 1777, 1821, 1822, 1777, 1822, 1778, 1777, 662, 1876, 1835, 1820, 1777, 1776, 662, 1835, 1793, 1819, 1820, 1775, 1820, 1776, 1775, 1819, 1775, 1774, 1818, 1819, 1774, 1817, 1818, 1773, 1818, 1774, 1773, 1817, 1773, 1772, 1816, 1817, 1772, 1816, 1772, 1771, 1815, 1816, 1771, 1815, 1771, 1770, 1807, 1808, 1770, 1808, 1809, 1770, 1809, 1810, 1770, 1810, 1811, 1770, 1811, 1812, 1770, 1812, 1813, 1770, 1813, 1814, 1770, 1814, 1815, 1770, 1807, 1770, 1769, 1793, 1794, 1769, 1794, 1795, 1769, 1795, 1796, 1769, 1796, 1797, 1769, 1797, 1798, 1769, 1798, 1799, 1769, 1799, 1800, 1769, 1800, 1801, 1769, 1801, 1802, 1769, 1802, 1803, 1769, 1803, 1804, 1769, 1804, 1805, 1769, 1805, 1806, 1769, 1806, 1807, 1769, 662, 1793, 1769, 1663, 1668, 1664, 1664, 1668, 669, 669, 664, 665, 1664, 669, 665, 665, 666, 1768, 1768, 1877, 1878, 1879, 1768, 1878, 1664, 1879, 1665, 665, 1768, 1664, 1768, 1879, 1664, 1666, 1671, 1667, 672, 667, 668, 1671, 672, 668, 1667, 1671, 668, 2232, 668, 2233, 2233, 668, 2234, 668, 2232, 2231, 668, 2231, 2230, 2234, 668, 2235, 2235, 668, 2236, 668, 2230, 2229, 2236, 668, 2237, 668, 2229, 2228, 668, 2228, 2227, 2237, 668, 2238, 2238, 668, 2239, 668, 2227, 2226, 2239, 668, 2240, 668, 2226, 2225, 2240, 668, 2241, 668, 2225, 2224, 2241, 668, 2242, 668, 2224, 2223, 2242, 668, 2243, 668, 2223, 2222, 2243, 668, 2244, 2244, 668, 2245, 668, 2222, 2264, 668, 2264, 2305, 668, 2305, 2304, 668, 2304, 2303, 668, 2303, 2302, 668, 2302, 2301, 2257, 2256, 1975, 1975, 2256, 1974, 2256, 2255, 1974, 2257, 1975, 1976, 2258, 2257, 1976, 2255, 2254, 1973, 1974, 2255, 1973, 2254, 2253, 1972, 1973, 2254, 1972, 2258, 1976, 1977, 2259, 2258, 1977, 2260, 2259, 1978, 2259, 1977, 1978, 2253, 2252, 1971, 1972, 2253, 1971, 1971, 2252, 1970, 2252, 2251, 1970, 2260, 1978, 1979, 2260, 1979, 1980, 2261, 2260, 1980, 1970, 2251, 1969, 2251, 2250, 1969, 2261, 1980, 1981, 2262, 2261, 1981, 1969, 2250, 1968, 2250, 2249, 1968, 2263, 2262, 1982, 2262, 1981, 1982, 1968, 2249, 1967, 1967, 2249, 1966, 2249, 2248, 1966, 2263, 1982, 1983, 2220, 2263, 1983, 2220, 1983, 1984, 2221, 2220, 1984, 1966, 2248, 1965, 2248, 2247, 1965, 1965, 2247, 1964, 2247, 2246, 1964, 2221, 1984, 1985, 2221, 1985, 1986, 2265, 2221, 1986, 2265, 1986, 1987, 2266, 2265, 1987, 2266, 1987, 1988, 2267, 2266, 1988, 2267, 1988, 1989, 2268, 2267, 1989, 2268, 1989, 1990, 2269, 2268, 1990, 2269, 1990, 1991, 2270, 2269, 1991, 2270, 1991, 1992, 2271, 2270, 1992, 2272, 2271, 1993, 2271, 1992, 1993, 2272, 1993, 1994, 2272, 1994, 1995, 2273, 2272, 1995, 2273, 1995, 1996, 2274, 2273, 1996, 2274, 1996, 1997, 2275, 2274, 1997, 2275, 1997, 1998, 2276, 2275, 1998, 2276, 1998, 1999, 2277, 2276, 1999, 2295, 2294, 2317, 2296, 2295, 2317, 2296, 2317, 2316, 2297, 2296, 2316, 2294, 2293, 2318, 2317, 2294, 2318, 2297, 2316, 2315, 2298, 2297, 2314, 2297, 2315, 2314, 2318, 2293, 2319, 2292, 2291, 2320, 2293, 2292, 2320, 2319, 2293, 2320, 2299, 2298, 2313, 2298, 2314, 2313, 2320, 2291, 2321, 2300, 2299, 2312, 2299, 2313, 2312, 2301, 2300, 2311, 2300, 2312, 2311, 2291, 2290, 2322, 2321, 2291, 2322, 2290, 2289, 2323, 2322, 2290, 2323, 2289, 2288, 2324, 2323, 2289, 2324, 2288, 2287, 2325, 2324, 2288, 2325, 2287, 2286, 2326, 2325, 2287, 2326, 2286, 2285, 2327, 2326, 2286, 2327, 2285, 2284, 2328, 2327, 2285, 2328, 2284, 2283, 2329, 2328, 2284, 2329, 2283, 2282, 2330, 2329, 2283, 2330, 2282, 2281, 2331, 2330, 2282, 2331, 2280, 2279, 2332, 2281, 2280, 2332, 2331, 2281, 2332, 2332, 2279, 2333, 2333, 2279, 2334, 2279, 2278, 2334, 2389, 2388, 1667, 2390, 2389, 1667, 2391, 2390, 1667, 2349, 2391, 1667, 2307, 2306, 1667, 2308, 2307, 1667, 2309, 2308, 1667, 2310, 2309, 1667, 2311, 2310, 1667, 2301, 2311, 1667, 668, 2301, 1667, 2306, 2349, 1667, 2334, 2278, 2335, 2278, 2277, 2335, 1667, 2388, 2387, 1667, 2387, 2386, 1667, 2386, 2385, 1667, 2385, 2384, 1667, 2384, 2383, 1667, 2383, 2382, 1667, 2382, 2381, 1667, 2381, 2380, 1667, 2380, 2379, 1667, 2379, 2378, 2040, 2041, 2147, 2040, 2147, 2146, 2039, 2040, 2146, 1667, 2378, 2377, 2147, 2041, 2148, 2041, 2042, 2148, 2038, 2039, 2145, 2039, 2146, 2145, 2038, 2145, 2144, 2037, 2038, 2144, 2148, 2042, 2149, 2042, 2043, 2149, 2036, 2037, 2143, 2037, 2144, 2143, 2149, 2043, 2150, 2043, 2044, 2150, 2150, 2044, 2151, 2044, 2045, 2151, 2045, 2046, 2151, 2036, 2143, 2142, 2035, 2036, 2142, 1667, 2377, 2376, 2046, 2047, 2152, 2151, 2046, 2152, 2035, 2142, 2141, 2034, 2035, 2141, 2047, 1964, 2153, 2152, 2047, 2153, 2034, 2141, 2140, 2032, 2033, 2140, 2033, 2034, 2140, 1667, 2376, 2375, 2031, 2032, 2139, 2032, 2140, 2139, 1964, 2246, 2154, 2153, 1964, 2154, 2030, 2031, 2138, 2031, 2139, 2138, 2154, 2246, 2155, 2245, 668, 2155, 2246, 2245, 2155, 1667, 2375, 2374, 2030, 2138, 2137, 2029, 2030, 2137, 1667, 2374, 2373, 2029, 2137, 2136, 2028, 2029, 2136, 1667, 2373, 2372, 1667, 2372, 2371, 1667, 2371, 2370, 2028, 2136, 2178, 2026, 2027, 2178, 2027, 2028, 2178, 2026, 2178, 2219, 2025, 2026, 2219, 2024, 2025, 2218, 2025, 2219, 2218, 2024, 2218, 2217, 2023, 2024, 2217, 2023, 2217, 2216, 2022, 2023, 2216, 2021, 2022, 2215, 2022, 2216, 2215, 2021, 2215, 2214, 2020, 2021, 2214, 2019, 2020, 2213, 2020, 2214, 2213, 2017, 2018, 2212, 2018, 2019, 2212, 2019, 2213, 2212, 2016, 2017, 2211, 2017, 2212, 2211, 2015, 2016, 2210, 2016, 2211, 2210, 2014, 2015, 2209, 2015, 2210, 2209, 2013, 2014, 2208, 2014, 2209, 2208, 2013, 2208, 2207, 2155, 668, 669, 2156, 2155, 669, 2157, 2156, 669, 2158, 2157, 669, 2159, 2158, 669, 2160, 2159, 669, 2161, 2160, 669, 2162, 2161, 669, 2163, 2162, 669, 2164, 2163, 669, 2165, 2164, 669, 2166, 2165, 669, 2167, 2166, 669, 2168, 2167, 669, 2169, 2168, 669, 2170, 2169, 669, 2171, 2170, 669, 2172, 2171, 669, 2173, 2172, 669, 2173, 669, 2174, 2174, 669, 2175, 2175, 669, 2176, 2176, 669, 2177, 2177, 669, 2134, 2134, 669, 2135, 2135, 669, 2179, 2179, 669, 2180, 2180, 669, 2181, 2181, 669, 2182, 2182, 669, 2183, 2340, 2339, 1891, 2339, 2338, 1890, 1891, 2339, 1890, 2340, 1891, 1892, 1890, 2338, 1889, 2338, 2337, 1889, 2340, 1892, 1893, 2341, 2340, 1893, 1889, 2337, 1888, 2337, 2336, 1888, 2341, 1893, 1894, 2342, 2341, 1894, 1888, 2336, 1887, 2335, 2277, 1887, 2336, 2335, 1887, 2277, 1999, 1887, 2343, 2342, 1895, 2342, 1894, 1895, 1999, 2000, 1886, 1887, 1999, 1886, 2343, 1895, 1896, 2344, 2343, 1896, 2000, 2001, 1885, 1886, 2000, 1885, 2001, 2002, 1884, 2002, 2003, 1884, 1885, 2001, 1884, 2344, 1896, 1897, 2345, 2344, 1897, 2345, 1897, 1898, 2346, 2345, 1898, 1884, 2003, 1883, 2346, 1898, 1899, 2347, 2346, 1899, 2003, 2004, 1882, 2004, 2005, 1882, 1883, 2003, 1882, 2005, 2006, 1881, 1882, 2005, 1881, 2347, 1899, 1900, 2348, 2347, 1900, 1881, 2006, 1880, 2348, 1900, 1901, 2006, 2007, 1963, 1880, 2006, 1963, 2350, 2348, 1902, 2348, 1901, 1902, 2007, 2008, 1962, 1963, 2007, 1962, 2350, 1902, 1903, 2351, 2350, 1903, 2008, 2009, 1961, 1962, 2008, 1961, 2351, 1903, 1904, 2352, 2351, 1904, 2009, 2010, 1960, 2010, 2011, 1960, 1961, 2009, 1960, 2352, 1904, 1905, 2353, 2352, 1905, 1960, 2011, 1959, 2353, 1905, 1906, 2354, 2353, 1906, 1959, 2011, 1958, 2011, 2012, 1958, 2012, 2013, 1958, 2354, 1906, 1907, 1958, 2013, 1957, 2354, 1907, 1908, 2355, 2354, 1908, 2355, 1908, 1909, 2356, 2355, 1909, 2356, 1909, 1910, 2357, 2356, 1910, 2357, 1910, 1911, 2358, 2357, 1911, 2358, 1911, 1912, 2359, 2358, 1912, 2359, 1912, 1913, 2360, 2359, 1913, 2360, 1913, 1914, 2361, 2360, 1914, 2361, 1914, 1915, 2362, 2361, 1915, 2362, 1915, 1916, 2363, 2362, 1916, 2363, 1916, 1917, 2364, 2363, 1917, 2364, 1917, 1918, 2365, 2364, 1918, 2365, 1918, 1919, 1954, 1955, 2058, 2058, 1955, 2059, 1955, 1956, 2059, 1954, 2058, 2057, 1953, 1954, 2057, 2059, 1956, 2060, 1956, 1957, 2060, 1953, 2057, 2056, 1951, 1952, 2056, 1952, 1953, 2056, 2207, 2206, 2061, 2013, 2207, 2061, 1957, 2013, 2061, 2060, 1957, 2061, 1951, 2056, 2055, 1950, 1951, 2055, 2061, 2206, 2062, 2206, 2205, 2062, 1949, 1950, 2054, 1950, 2055, 2054, 2062, 2205, 2063, 2205, 2204, 2063, 1949, 2054, 2053, 1948, 1949, 2053, 2063, 2204, 2064, 1948, 2053, 2052, 1947, 1948, 2052, 2204, 2203, 2065, 2064, 2204, 2065, 1946, 1947, 2051, 1947, 2052, 2051, 2203, 2202, 2066, 2065, 2203, 2066, 1946, 2051, 2050, 1945, 1946, 2050, 2202, 2201, 2067, 2066, 2202, 2067, 1944, 1945, 2049, 1945, 2050, 2049, 2200, 2199, 2068, 2201, 2200, 2068, 2067, 2201, 2068, 2068, 2199, 2069, 1944, 2049, 2048, 1942, 1943, 2048, 1943, 1944, 2048, 2069, 2199, 2070, 2198, 2197, 2070, 2199, 2198, 2070, 2070, 2197, 2071, 2197, 2196, 2071, 2071, 2196, 2072, 2196, 2195, 2072, 1942, 2048, 2091, 1941, 1942, 2091, 2195, 2194, 2073, 2072, 2195, 2073, 1941, 2091, 2133, 1940, 1941, 2133, 2194, 2193, 2074, 2073, 2194, 2074, 1940, 2133, 2132, 1939, 1940, 2132, 2074, 2193, 2075, 1939, 2132, 2131, 1938, 1939, 2131, 2075, 2193, 2076, 2192, 2191, 2076, 2193, 2192, 2076, 1938, 2131, 2130, 1936, 1937, 2130, 1937, 1938, 2130, 2076, 2191, 2077, 1936, 2130, 2129, 1935, 1936, 2129, 2191, 2190, 2078, 2077, 2191, 2078, 1935, 2129, 2128, 1934, 1935, 2128, 1934, 2128, 2127, 1933, 1934, 2127, 2190, 2189, 2079, 2078, 2190, 2079, 1933, 2127, 2126, 1932, 1933, 2126, 2189, 2188, 2080, 2079, 2189, 2080, 1932, 2126, 2125, 1931, 1932, 2125, 2188, 2187, 2081, 2080, 2188, 2081, 1931, 2125, 2124, 1930, 1931, 2124, 2186, 2185, 2082, 2187, 2186, 2082, 2081, 2187, 2082, 1929, 1930, 2123, 1930, 2124, 2123, 2082, 2185, 2083, 2185, 2184, 2084, 2083, 2185, 2084, 1928, 1929, 2122, 1929, 2123, 2122, 2184, 2183, 2085, 2084, 2184, 2085, 1927, 1928, 2121, 1928, 2122, 2121, 1927, 2121, 2120, 1926, 1927, 2120, 1925, 1926, 2119, 1926, 2120, 2119, 2086, 2085, 1668, 2087, 2086, 1668, 2088, 2087, 1668, 2089, 2088, 1668, 2090, 2089, 1668, 2093, 2092, 1668, 2094, 2093, 1668, 2095, 2094, 1668, 2096, 2095, 1668, 2097, 2096, 1668, 2098, 2097, 1668, 2099, 2098, 1668, 2100, 2099, 1668, 2101, 2100, 1668, 2102, 2101, 1668, 2103, 2102, 1668, 2104, 2103, 1668, 2105, 2104, 1668, 2106, 2105, 1668, 2107, 2106, 1668, 2108, 2107, 1668, 2109, 2108, 1668, 2110, 2109, 1668, 2111, 2110, 1668, 2112, 2111, 1668, 2113, 2112, 1668, 2114, 2113, 1668, 2092, 2090, 1668, 2085, 2183, 1668, 2183, 669, 1668, 1667, 2370, 1668, 2370, 2369, 1668, 2369, 2368, 1668, 2368, 2367, 1668, 2367, 2366, 1668, 2366, 2365, 1668, 2365, 2114, 1668, 2365, 2115, 2114, 2365, 2116, 2115, 2365, 2117, 2116, 2365, 2118, 2117, 2365, 2119, 2118, 2365, 1922, 2119, 2365, 1921, 1922, 2365, 1920, 1921, 2365, 1919, 1920, 1922, 1923, 2119, 1923, 1924, 2119, 1924, 1925, 2119, 673, 670, 671, 673, 671, 2393, 2393, 671, 2392, 671, 672, 2392, 2394, 2396, 2395, 2396, 2392, 2395, 1670, 2395, 1671, 1671, 2395, 672, 2395, 2392, 672, 2473, 673, 2472, 673, 2473, 2474, 2472, 673, 2471, 673, 2474, 2475, 2471, 673, 2470, 673, 2475, 2476, 2470, 673, 2469, 673, 2476, 2477, 2469, 673, 2468, 673, 2477, 2478, 2468, 673, 2467, 673, 2478, 2479, 2467, 673, 2466, 673, 2479, 2480, 2466, 673, 2465, 673, 2480, 2481, 2465, 673, 2464, 2464, 673, 2463, 673, 2481, 2482, 2463, 673, 2419, 673, 2482, 2483, 2419, 673, 2418, 2453, 2454, 2393, 2454, 2455, 2393, 2455, 2456, 2393, 2456, 2457, 2393, 2457, 2458, 2393, 2458, 2459, 2393, 2459, 2460, 2393, 2460, 2461, 2393, 2461, 2418, 2393, 2418, 673, 2393, 2453, 2393, 2452, 2452, 2393, 2451, 2451, 2393, 2450, 2493, 2494, 613, 2494, 2495, 613, 2495, 2496, 613, 2496, 2497, 613, 2497, 2498, 613, 673, 2483, 613, 2483, 2484, 613, 2484, 2485, 613, 2485, 2486, 613, 2486, 2487, 613, 2487, 2488, 613, 2488, 2489, 613, 2489, 2490, 613, 2490, 2491, 613, 2491, 2492, 613, 2492, 2493, 613, 613, 2498, 2499, 2450, 2393, 2449, 613, 2499, 2500, 2449, 2393, 2448, 2500, 2501, 1764, 2501, 2502, 1764, 2502, 2503, 1764, 2503, 2462, 1764, 2462, 2420, 1764, 613, 2500, 1764, 2448, 2393, 2397, 2441, 2442, 2397, 2442, 2443, 2397, 2443, 2444, 2397, 2444, 2445, 2397, 2445, 2446, 2397, 2446, 2447, 2397, 2447, 2448, 2397, 2441, 2397, 2417, 2439, 2440, 2417, 2440, 2441, 2417, 2420, 2421, 2398, 2421, 2422, 2398, 1764, 2420, 2398, 2439, 2417, 2416, 2438, 2439, 2416, 2398, 2422, 2399, 2437, 2438, 2415, 2438, 2416, 2415, 2422, 2423, 2400, 2423, 2424, 2400, 2399, 2422, 2400, 2437, 2415, 2414, 2400, 2424, 2401, 2424, 2425, 2402, 2425, 2426, 2402, 2401, 2424, 2402, 2437, 2414, 2413, 2436, 2437, 2413, 2436, 2413, 2412, 2435, 2436, 2412, 2426, 2427, 2403, 2402, 2426, 2403, 2435, 2412, 2411, 2434, 2435, 2411, 2403, 2427, 2404, 2434, 2411, 2410, 2432, 2433, 2410, 2433, 2434, 2410, 2404, 2427, 2405, 2427, 2428, 2405, 2432, 2410, 2409, 2431, 2432, 2409, 2405, 2428, 2406, 2428, 2429, 2406, 2431, 2409, 2408, 2431, 2408, 2407, 2406, 2429, 2407, 2429, 2430, 2407, 2430, 2431, 2407, 676, 677, 675, 675, 677, 2505, 2504, 2505, 679, 2505, 677, 679, 679, 678, 1654, 2504, 679, 1654, 658, 675, 2506, 2506, 675, 2507, 675, 2505, 2526, 2507, 675, 2508, 675, 2526, 2525, 2508, 675, 2509, 675, 2525, 2524, 2509, 675, 2510, 675, 2524, 2523, 2510, 675, 2511, 675, 2523, 2522, 2511, 675, 2512, 675, 2522, 2521, 2512, 675, 2513, 675, 2521, 2520, 2513, 675, 2514, 675, 2520, 2519, 2514, 675, 2515, 675, 2519, 2518, 2515, 675, 2516, 675, 2518, 2517, 2516, 675, 2517, 616, 659, 1657, 659, 1655, 1657, 2528, 2504, 1654, 2529, 2528, 1654, 2530, 2529, 1654, 2531, 2530, 1654, 2532, 2531, 1654, 2533, 2532, 1654, 2534, 2533, 1654, 2535, 2534, 1654, 2536, 2535, 1654, 2537, 2536, 1654, 2538, 2537, 1654, 2539, 2538, 1654, 2540, 2539, 1654, 2541, 2540, 1654, 2542, 2541, 1654, 2543, 2542, 1654, 2544, 2543, 1654, 2545, 2544, 1654, 2545, 1654, 2546, 2546, 1654, 2547, 2547, 1654, 2527, 2527, 1654, 1656, 1879, 2548, 1665, 1660, 1665, 1661, 1665, 2548, 1661, 2560, 2561, 2626, 2626, 2561, 2625, 2559, 2560, 2627, 2560, 2626, 2627, 2561, 2562, 2624, 2625, 2561, 2624, 2558, 2559, 2628, 2559, 2627, 2628, 2562, 2563, 2623, 2563, 2564, 2623, 2624, 2562, 2623, 2557, 2558, 2629, 2558, 2628, 2629, 2564, 2565, 2622, 2623, 2564, 2622, 2556, 2557, 2630, 2557, 2629, 2630, 2622, 2565, 2621, 2555, 2556, 2631, 2556, 2630, 2631, 2565, 2566, 2620, 2566, 2567, 2620, 2621, 2565, 2620, 2554, 2555, 2632, 2555, 2631, 2632, 2567, 2568, 2619, 2620, 2567, 2619, 2553, 2554, 2633, 2554, 2632, 2633, 2568, 2569, 2618, 2619, 2568, 2618, 2552, 2553, 2634, 2553, 2633, 2634, 2569, 2570, 2617, 2618, 2569, 2617, 2551, 2552, 2635, 2552, 2634, 2635, 2570, 2549, 2616, 2617, 2570, 2616, 2616, 2549, 2615, 2550, 2551, 2636, 2551, 2635, 2636, 2550, 2636, 2637, 2550, 2637, 2638, 2550, 2638, 2639, 2615, 2549, 2571, 2550, 2639, 2640, 2571, 2549, 2572, 2550, 2640, 2641, 2572, 2549, 2573, 2550, 2641, 2642, 2573, 2549, 2574, 2550, 2642, 2643, 2574, 2549, 2575, 2575, 2549, 1662, 2576, 2575, 1662, 2576, 1662, 2577, 2577, 1662, 2578, 2578, 1662, 2579, 2550, 2643, 2548, 2643, 2644, 2548, 2644, 2645, 2548, 2645, 2646, 2548, 2646, 2647, 2548, 2579, 1662, 2580, 2548, 2647, 2648, 2580, 1662, 2581, 2548, 2648, 2649, 2581, 1662, 2582, 2548, 2649, 2650, 2548, 2650, 2651, 2582, 1662, 2583, 2548, 2651, 2652, 2583, 1662, 2584, 2548, 2652, 2653, 2584, 1662, 2585, 2548, 2653, 2654, 2585, 1662, 2586, 2548, 2654, 2655, 2586, 1662, 2587, 2548, 2655, 2656, 2587, 1662, 2588, 2548, 2656, 2614, 2588, 1662, 2589, 2589, 1662, 2590, 2596, 2595, 1661, 2597, 2596, 1661, 2598, 2597, 1661, 2599, 2598, 1661, 2600, 2599, 1661, 2601, 2600, 1661, 2602, 2601, 1661, 2603, 2602, 1661, 2604, 2603, 1661, 2605, 2604, 1661, 2606, 2605, 1661, 2607, 2606, 1661, 2608, 2607, 1661, 2609, 2608, 1661, 2610, 2609, 1661, 2611, 2610, 1661, 2612, 2611, 1661, 2613, 2612, 1661, 2548, 2614, 1661, 2614, 2613, 1661, 2592, 1662, 1661, 2591, 1662, 2592, 2590, 1662, 2591, 2593, 2592, 1661, 2594, 2593, 1661, 2595, 2594, 1661, 1670, 1669, 1672, 2395, 1670, 2657, 1670, 1672, 2657, 2657, 2734, 2735, 2657, 2735, 2736, 2734, 2657, 2733, 2657, 2736, 2737, 2733, 2657, 2732, 2659, 2657, 2738, 2657, 2737, 2738, 2732, 2657, 2731, 2659, 2738, 2739, 2731, 2657, 2730, 2659, 2739, 2740, 2730, 2657, 2729, 2659, 2740, 2741, 2729, 2657, 2728, 2659, 2741, 2742, 2728, 2657, 2727, 2659, 2742, 2743, 2727, 2657, 2726, 2659, 2743, 2744, 2726, 2657, 2725, 2659, 2744, 2745, 2725, 2657, 2724, 2679, 2659, 2746, 2659, 2745, 2746, 2678, 2679, 2747, 2679, 2746, 2747, 2677, 2678, 2748, 2678, 2747, 2748, 2675, 2676, 2749, 2676, 2677, 2749, 2677, 2748, 2749, 2674, 2675, 2750, 2675, 2749, 2750, 2674, 2750, 2751, 2673, 2674, 2752, 2674, 2751, 2752, 2680, 2724, 1672, 2681, 2680, 1672, 2682, 2681, 1672, 2683, 2682, 1672, 2684, 2683, 1672, 2724, 2657, 1672, 2672, 2673, 2753, 2673, 2752, 2753, 2684, 1672, 2685, 2671, 2672, 2754, 2672, 2753, 2754, 2685, 1672, 2686, 2686, 1672, 2687, 2670, 2671, 2755, 2671, 2754, 2755, 2687, 1672, 2688, 2670, 2755, 2756, 2670, 2756, 2669, 2688, 1672, 2689, 2689, 1672, 2690, 2756, 2757, 2668, 2757, 2758, 2668, 2669, 2756, 2668, 2690, 1672, 2691, 2691, 1672, 2692, 2668, 2758, 2667, 2692, 1672, 2693, 2693, 1672, 2694, 2758, 2759, 2666, 2667, 2758, 2666, 2694, 1672, 2695, 2759, 2760, 2665, 2666, 2759, 2665, 2695, 1672, 2696, 2696, 1672, 2697, 2760, 2761, 2664, 2665, 2760, 2664, 2697, 1672, 2698, 2761, 2762, 2663, 2664, 2761, 2663, 2762, 2763, 2662, 2663, 2762, 2662, 2763, 2764, 2661, 2662, 2763, 2661, 2764, 2765, 2660, 2661, 2764, 2660, 2765, 2723, 2658, 2719, 2718, 2658, 2720, 2719, 2658, 2721, 2720, 2658, 2722, 2721, 2658, 2723, 2722, 2658, 2660, 2765, 2658, 2658, 2718, 1673, 2704, 2703, 1673, 2705, 2704, 1673, 2706, 2705, 1673, 2707, 2706, 1673, 2708, 2707, 1673, 2709, 2708, 1673, 2710, 2709, 1673, 2711, 2710, 1673, 2712, 2711, 1673, 2713, 2712, 1673, 2714, 2713, 1673, 2715, 2714, 1673, 2716, 2715, 1673, 2717, 2716, 1673, 2718, 2717, 1673, 2701, 1672, 1673, 2700, 1672, 2701, 2699, 1672, 2700, 2698, 1672, 2699, 2702, 2701, 1673, 2703, 2702, 1673, 2766, 2658, 1673, 2766, 1673, 1674, 1675, 1674, 357, 1717, 1656, 313, 2767, 1717, 1662, 2549, 2767, 1662, 1743, 2766, 1675, 1675, 2766, 1674, 2788, 2787, 1742, 2787, 2786, 1763, 1742, 2787, 1763, 2786, 2785, 1762, 1763, 2786, 1762, 2785, 2784, 1761, 1762, 2785, 1761, 2784, 2783, 1760, 1761, 2784, 1760, 2783, 2782, 1759, 1760, 2783, 1759, 2782, 2781, 1758, 1759, 2782, 1758, 2781, 2780, 1757, 1758, 2781, 1757, 2780, 2779, 1756, 1757, 2780, 1756, 2779, 2778, 1755, 1756, 2779, 1755, 2778, 2777, 1754, 1755, 2778, 1754, 2777, 2776, 1753, 1754, 2777, 1753, 2776, 2775, 1752, 1753, 2776, 1752, 2775, 2774, 1751, 1752, 2775, 1751, 1751, 2774, 1750, 2774, 2773, 1750, 2773, 2772, 1749, 1750, 2773, 1749, 2772, 2771, 1748, 1749, 2772, 1748, 1748, 2771, 1747, 2771, 2770, 1746, 1747, 2771, 1746, 2770, 2769, 1745, 1746, 2770, 1745, 2769, 2768, 1744, 1745, 2769, 1744, 2768, 2766, 1743, 1744, 2768, 1743, 1741, 2789, 2788, 1742, 1741, 2788, 2394, 1741, 1740, 2394, 1740, 2396, 2790, 2791, 1740, 1719, 2790, 1740, 1765, 2811, 1718, 2811, 2810, 1739, 1718, 2811, 1739, 2810, 2809, 1738, 1739, 2810, 1738, 2809, 2808, 1737, 1738, 2809, 1737, 2808, 2807, 1736, 1737, 2808, 1736, 2807, 2806, 1735, 1736, 2807, 1735, 2806, 2805, 1734, 1735, 2806, 1734, 1734, 2805, 1733, 2805, 2804, 1732, 1733, 2805, 1732, 2804, 2803, 1731, 1732, 2804, 1731, 2803, 2802, 1730, 1731, 2803, 1730, 2802, 2801, 1729, 1730, 2802, 1729, 2801, 2800, 1728, 1729, 2801, 1728, 2800, 2799, 1727, 1728, 2800, 1727, 1727, 2799, 1726, 2799, 2798, 1726, 1726, 2798, 1725, 2798, 2797, 1725, 2797, 2796, 1724, 1725, 2797, 1724, 2796, 2795, 1723, 1724, 2796, 1723, 2795, 2794, 1722, 1723, 2795, 1722, 2794, 2793, 1721, 1722, 2794, 1721, 2792, 2790, 1720, 2793, 2792, 1720, 1721, 2793, 1720, 1720, 2790, 1719, 612, 1765, 1718, 614, 612, 1718, 1764, 2398, 2811, 1765, 1764, 2811, 2398, 2399, 2810, 2811, 2398, 2810, 2399, 2400, 2809, 2400, 2401, 2809, 2810, 2399, 2809, 2401, 2402, 2808, 2809, 2401, 2808, 2402, 2403, 2807, 2808, 2402, 2807, 2403, 2404, 2806, 2807, 2403, 2806, 2404, 2405, 2805, 2806, 2404, 2805, 2405, 2406, 2804, 2805, 2405, 2804, 2406, 2407, 2803, 2804, 2406, 2803, 2407, 2408, 2802, 2803, 2407, 2802, 2408, 2409, 2801, 2802, 2408, 2801, 2409, 2410, 2800, 2801, 2409, 2800, 2800, 2410, 2799, 2799, 2410, 2798, 2410, 2411, 2798, 2798, 2411, 2797, 2411, 2412, 2797, 2797, 2412, 2796, 2412, 2413, 2796, 2796, 2413, 2795, 2413, 2414, 2795, 2414, 2415, 2795, 2795, 2415, 2794, 2415, 2416, 2793, 2794, 2415, 2793, 2416, 2417, 2792, 2793, 2416, 2792, 2417, 2397, 2790, 2792, 2417, 2790, 2506, 1767, 658, 1767, 660, 658, 1770, 1771, 2832, 1771, 1772, 2831, 2832, 1771, 2831, 1772, 1773, 2830, 2831, 1772, 2830, 1773, 1774, 2829, 2830, 1773, 2829, 1774, 1775, 2828, 2829, 1774, 2828, 1775, 1776, 2827, 2828, 1775, 2827, 1776, 1777, 2826, 2827, 1776, 2826, 1777, 1778, 2825, 2826, 1777, 2825, 1778, 1779, 2824, 2825, 1778, 2824, 1779, 1780, 2823, 2824, 1779, 2823, 1780, 1781, 2822, 2823, 1780, 2822, 2822, 1781, 2821, 1781, 1782, 2820, 1782, 1783, 2820, 2821, 1781, 2820, 2820, 1783, 2819, 2819, 1783, 2818, 1783, 1784, 2818, 1784, 1785, 2818, 2818, 1785, 2817, 2817, 1785, 2816, 1785, 1786, 2816, 2816, 1786, 2815, 1786, 1787, 2815, 1787, 1788, 2815, 2815, 1788, 2814, 1788, 1789, 2813, 1789, 1790, 2813, 2814, 1788, 2813, 2813, 1790, 2812, 1790, 1766, 1767, 2812, 1790, 1767, 1769, 2833, 1877, 1768, 1769, 1877, 2178, 2136, 1791, 2136, 1792, 1791, 1793, 2135, 1794, 2135, 2179, 1794, 2179, 2180, 1795, 1794, 2179, 1795, 2180, 2181, 1796, 1795, 2180, 1796, 2181, 2182, 1797, 1796, 2181, 1797, 2182, 2183, 1798, 1797, 2182, 1798, 2183, 2184, 1799, 1798, 2183, 1799, 2184, 2185, 1800, 1799, 2184, 1800, 2185, 2186, 1801, 1800, 2185, 1801, 2186, 2187, 1802, 1801, 2186, 1802, 2187, 2188, 1803, 1802, 2187, 1803, 2188, 2189, 1804, 1803, 2188, 1804, 2189, 2190, 1805, 1804, 2189, 1805, 2190, 2191, 1806, 1805, 2190, 1806, 2191, 2192, 1807, 1806, 2191, 1807, 2192, 2193, 1808, 1807, 2192, 1808, 2193, 2194, 1809, 1808, 2193, 1809, 2194, 2195, 1810, 1809, 2194, 1810, 2195, 2196, 1811, 1810, 2195, 1811, 2196, 2197, 1812, 1811, 2196, 1812, 2197, 2198, 1813, 1812, 2197, 1813, 2198, 2199, 1814, 1813, 2198, 1814, 2199, 2200, 1815, 1814, 2199, 1815, 2200, 2201, 1816, 1815, 2200, 1816, 2201, 2202, 1817, 1816, 2201, 1817, 2202, 2203, 1818, 1817, 2202, 1818, 2203, 2204, 1819, 1818, 2203, 1819, 2204, 2205, 1820, 1819, 2204, 1820, 1820, 2205, 1821, 2205, 2206, 1821, 1821, 2206, 1822, 2206, 2207, 1822, 1822, 2207, 1823, 2207, 2208, 1823, 1823, 2208, 1824, 2208, 2209, 1824, 1824, 2209, 1825, 2209, 2210, 1825, 1825, 2210, 1826, 2210, 2211, 1826, 1826, 2211, 1827, 2211, 2212, 1827, 1827, 2212, 1828, 2212, 2213, 1828, 1828, 2213, 1829, 2213, 2214, 1829, 1829, 2214, 1830, 2214, 2215, 1830, 2215, 2216, 1831, 1830, 2215, 1831, 2216, 2217, 1832, 1831, 2216, 1832, 2217, 2218, 1833, 1832, 2217, 1833, 2218, 2219, 1834, 1833, 2218, 1834, 1834, 2219, 1791, 2219, 2178, 1791, 2134, 2135, 1835, 1835, 2135, 1793, 2136, 2137, 1836, 1792, 2136, 1836, 2137, 2138, 1837, 1836, 2137, 1837, 2138, 2139, 1838, 1837, 2138, 1838, 2139, 2140, 1839, 1838, 2139, 1839, 2140, 2141, 1840, 1839, 2140, 1840, 2141, 2142, 1841, 1840, 2141, 1841, 2142, 2143, 1842, 1841, 2142, 1842, 2143, 2144, 1843, 1842, 2143, 1843, 2144, 2145, 1844, 1843, 2144, 1844, 2145, 2146, 1845, 1844, 2145, 1845, 2146, 2147, 1846, 1845, 2146, 1846, 2147, 2148, 1847, 1846, 2147, 1847, 2148, 2149, 1848, 1847, 2148, 1848, 2149, 2150, 1849, 1848, 2149, 1849, 2150, 2151, 1850, 1849, 2150, 1850, 2151, 2152, 1851, 1850, 2151, 1851, 2152, 2153, 1852, 1851, 2152, 1852, 2153, 2154, 1853, 2154, 2155, 1853, 1852, 2153, 1853, 1853, 2155, 1854, 2155, 2156, 1854, 1854, 2156, 1855, 2156, 2157, 1856, 1855, 2156, 1856, 2157, 2158, 1857, 1856, 2157, 1857, 2158, 2159, 1858, 1857, 2158, 1858, 2159, 2160, 1859, 1858, 2159, 1859, 2160, 2161, 1860, 1859, 2160, 1860, 2161, 2162, 1861, 2162, 2163, 1861, 1860, 2161, 1861, 1861, 2163, 1862, 2163, 2164, 1863, 1862, 2163, 1863, 1863, 2164, 1864, 2164, 2165, 1864, 1864, 2165, 1865, 2165, 2166, 1865, 1865, 2166, 1866, 2166, 2167, 1866, 1866, 2167, 1867, 2167, 2168, 1867, 1867, 2168, 1868, 2168, 2169, 1868, 1868, 2169, 1869, 2169, 2170, 1869, 2170, 2171, 1869, 1869, 2171, 1870, 1870, 2171, 1871, 2171, 2172, 1871, 1871, 2172, 1872, 2172, 2173, 1872, 2173, 2174, 1872, 1872, 2174, 1873, 2174, 2175, 1874, 1873, 2174, 1874, 2175, 2176, 1875, 2176, 2177, 1875, 1874, 2175, 1875, 1875, 2177, 1876, 2177, 2134, 1835, 1876, 2177, 1835, 1769, 1770, 2832, 2833, 1769, 2832, 1878, 2834, 2548, 1879, 1878, 2548, 2836, 1878, 2835, 1878, 1877, 2835, 2837, 2838, 1881, 1880, 2837, 1881, 2838, 2839, 1882, 1881, 2838, 1882, 2839, 2840, 1883, 1882, 2839, 1883, 2840, 2841, 1884, 1883, 2840, 1884, 2841, 2842, 1885, 1884, 2841, 1885, 2842, 2843, 1886, 1885, 2842, 1886, 2843, 2844, 1887, 1886, 2843, 1887, 1887, 2844, 1888, 2844, 2845, 1888, 2845, 2846, 1889, 1888, 2845, 1889, 2846, 2847, 1890, 2847, 2848, 1890, 1889, 2846, 1890, 1890, 2848, 1891, 2848, 2849, 1892, 1891, 2848, 1892, 2849, 2850, 1893, 2850, 2851, 1893, 1892, 2849, 1893, 1893, 2851, 1894, 2851, 2852, 1895, 1894, 2851, 1895, 2852, 2853, 1896, 1895, 2852, 1896, 2853, 2854, 1897, 1896, 2853, 1897, 2854, 2855, 1898, 1897, 2854, 1898, 2855, 2856, 1899, 1898, 2855, 1899, 2856, 2857, 1900, 2857, 2858, 1900, 1899, 2856, 1900, 1900, 2858, 1901, 2858, 2859, 1902, 1901, 2858, 1902, 2859, 2860, 1903, 1902, 2859, 1903, 2860, 2861, 1904, 1903, 2860, 1904, 2861, 2862, 1905, 2862, 2863, 1905, 1904, 2861, 1905, 2863, 2864, 1906, 1905, 2863, 1906, 1906, 2864, 1907, 2864, 2865, 1908, 1907, 2864, 1908, 2865, 2866, 1909, 2866, 2867, 1909, 1908, 2865, 1909, 1909, 2867, 1910, 2867, 2868, 1911, 1910, 2867, 1911, 1911, 2868, 1912, 2868, 2869, 1912, 1912, 2869, 1913, 2869, 2870, 1913, 2870, 2871, 1913, 1913, 2871, 1914, 1914, 2871, 1915, 2871, 2872, 1915, 1915, 2872, 1916, 2872, 2873, 1916, 1916, 2873, 1917, 2873, 2874, 1917, 1917, 2874, 1918, 2874, 2875, 1918, 2875, 2876, 1918, 1918, 2876, 1919, 1919, 2876, 1920, 2876, 2877, 1920, 1920, 2877, 1921, 2877, 2878, 1921, 2878, 2879, 1922, 1921, 2878, 1922, 2879, 2880, 1923, 1922, 2879, 1923, 1923, 2880, 1924, 2880, 2881, 1924, 2881, 2882, 1925, 1924, 2881, 1925, 2882, 2883, 1926, 1925, 2882, 1926, 2883, 2884, 1927, 1926, 2883, 1927, 2884, 2885, 1928, 1927, 2884, 1928, 2885, 2886, 1929, 1928, 2885, 1929, 2886, 2887, 1930, 1929, 2886, 1930, 2887, 2888, 1931, 1930, 2887, 1931, 2888, 2889, 1932, 1931, 2888, 1932, 2889, 2890, 1933, 1932, 2889, 1933, 2890, 2891, 1934, 1933, 2890, 1934, 2891, 2892, 1935, 1934, 2891, 1935, 2892, 2893, 1936, 1935, 2892, 1936, 2893, 2894, 1937, 1936, 2893, 1937, 1937, 2894, 1938, 2894, 2895, 1938, 1938, 2895, 1939, 2895, 2896, 1939, 1939, 2896, 1940, 2896, 2897, 1940, 1940, 2897, 1941, 2897, 2898, 1941, 1941, 2898, 1942, 2898, 2899, 1942, 1942, 2899, 1943, 2899, 2900, 1943, 2900, 2901, 1943, 1943, 2901, 1944, 1944, 2901, 1945, 2901, 2902, 1945, 1945, 2902, 1946, 2902, 2903, 1946, 1946, 2903, 1947, 2903, 2904, 1947, 1947, 2904, 1948, 2904, 2905, 1948, 1948, 2905, 1949, 2905, 2906, 1949, 1949, 2906, 1950, 2906, 2907, 1950, 1950, 2907, 1951, 2907, 2908, 1951, 1951, 2908, 1952, 2908, 2909, 1952, 1952, 2909, 1953, 2909, 2910, 1953, 1953, 2910, 1954, 2910, 2911, 1954, 1954, 2911, 1955, 2911, 2912, 1955, 1955, 2912, 1956, 2912, 2913, 1956, 2913, 2914, 1957, 1956, 2913, 1957, 2914, 2915, 1958, 1957, 2914, 1958, 2915, 2916, 1959, 1958, 2915, 1959, 2916, 2917, 1960, 1959, 2916, 1960, 2917, 2918, 1961, 1960, 2917, 1961, 2918, 2919, 1962, 1961, 2918, 1962, 1962, 2919, 1963, 2919, 2920, 1963, 1963, 2920, 1880, 2920, 2837, 1880, 2921, 2922, 1965, 1964, 2921, 1965, 2922, 2923, 1966, 1965, 2922, 1966, 2923, 2924, 1967, 1966, 2923, 1967, 2924, 2925, 1968, 1967, 2924, 1968, 2925, 2926, 1969, 1968, 2925, 1969, 2926, 2927, 1970, 1969, 2926, 1970, 2927, 2928, 1971, 1970, 2927, 1971, 1971, 2928, 1972, 2928, 2929, 1972, 2929, 2930, 1973, 1972, 2929, 1973, 2930, 2931, 1974, 2931, 2932, 1974, 1973, 2930, 1974, 1974, 2932, 1975, 2932, 2933, 1976, 1975, 2932, 1976, 2933, 2934, 1977, 2934, 2935, 1977, 1976, 2933, 1977, 1977, 2935, 1978, 2935, 2936, 1979, 1978, 2935, 1979, 2936, 2937, 1980, 1979, 2936, 1980, 2937, 2938, 1981, 1980, 2937, 1981, 2938, 2939, 1982, 1981, 2938, 1982, 2939, 2940, 1983, 1982, 2939, 1983, 2940, 2941, 1984, 2941, 2942, 1984, 1983, 2940, 1984, 1984, 2942, 1985, 2942, 2943, 1986, 1985, 2942, 1986, 2943, 2944, 1987, 1986, 2943, 1987, 2944, 2945, 1988, 1987, 2944, 1988, 2945, 2946, 1989, 2946, 2947, 1989, 1988, 2945, 1989, 2947, 2948, 1990, 1989, 2947, 1990, 1990, 2948, 1991, 2948, 2949, 1992, 1991, 2948, 1992, 2949, 2950, 1993, 2950, 2951, 1993, 1992, 2949, 1993, 1993, 2951, 1994, 2951, 2952, 1995, 1994, 2951, 1995, 1995, 2952, 1996, 2952, 2953, 1996, 1996, 2953, 1997, 2953, 2954, 1997, 2954, 2955, 1997, 1997, 2955, 1998, 1998, 2955, 1999, 2955, 2956, 1999, 1999, 2956, 2000, 2956, 2957, 2000, 2000, 2957, 2001, 2957, 2958, 2001, 2001, 2958, 2002, 2958, 2959, 2002, 2959, 2960, 2002, 2002, 2960, 2003, 2003, 2960, 2004, 2960, 2961, 2004, 2004, 2961, 2005, 2961, 2962, 2005, 2962, 2963, 2006, 2005, 2962, 2006, 2963, 2964, 2007, 2006, 2963, 2007, 2007, 2964, 2008, 2964, 2965, 2008, 2965, 2966, 2009, 2008, 2965, 2009, 2966, 2967, 2010, 2009, 2966, 2010, 2967, 2968, 2011, 2010, 2967, 2011, 2968, 2969, 2012, 2011, 2968, 2012, 2969, 2970, 2013, 2012, 2969, 2013, 2970, 2971, 2014, 2013, 2970, 2014, 2971, 2972, 2015, 2014, 2971, 2015, 2972, 2973, 2016, 2015, 2972, 2016, 2973, 2974, 2017, 2016, 2973, 2017, 2974, 2975, 2018, 2017, 2974, 2018, 2975, 2976, 2019, 2018, 2975, 2019, 2976, 2977, 2020, 2019, 2976, 2020, 2977, 2978, 2021, 2020, 2977, 2021, 2021, 2978, 2022, 2978, 2979, 2022, 2022, 2979, 2023, 2979, 2980, 2023, 2023, 2980, 2024, 2980, 2981, 2024, 2024, 2981, 2025, 2981, 2982, 2025, 2025, 2982, 2026, 2982, 2983, 2026, 2026, 2983, 2027, 2983, 2984, 2027, 2984, 2985, 2027, 2027, 2985, 2028, 2028, 2985, 2029, 2985, 2986, 2029, 2029, 2986, 2030, 2986, 2987, 2030, 2030, 2987, 2031, 2987, 2988, 2031, 2031, 2988, 2032, 2988, 2989, 2032, 2032, 2989, 2033, 2989, 2990, 2033, 2033, 2990, 2034, 2990, 2991, 2034, 2034, 2991, 2035, 2991, 2992, 2035, 2035, 2992, 2036, 2992, 2993, 2036, 2036, 2993, 2037, 2993, 2994, 2037, 2037, 2994, 2038, 2994, 2995, 2038, 2038, 2995, 2039, 2995, 2996, 2039, 2039, 2996, 2040, 2996, 2997, 2040, 2997, 2998, 2041, 2040, 2997, 2041, 2998, 2999, 2042, 2041, 2998, 2042, 2999, 3000, 2043, 2042, 2999, 2043, 3000, 3001, 2044, 2043, 3000, 2044, 3001, 3002, 2045, 2044, 3001, 2045, 3002, 3003, 2046, 2045, 3002, 2046, 2046, 3003, 2047, 3003, 3004, 2047, 2047, 3004, 1964, 3004, 2921, 1964, 2090, 2092, 2613, 2090, 2613, 2614, 2613, 2092, 2612, 2092, 2093, 2612, 2093, 2094, 2611, 2612, 2093, 2611, 2094, 2095, 2610, 2611, 2094, 2610, 2610, 2095, 2609, 2095, 2096, 2609, 2609, 2096, 2608, 2096, 2097, 2608, 2608, 2097, 2607, 2097, 2098, 2607, 2607, 2098, 2606, 2098, 2099, 2606, 2606, 2099, 2605, 2099, 2100, 2605, 2605, 2100, 2604, 2100, 2101, 2604, 2604, 2101, 2603, 2101, 2102, 2603, 2603, 2102, 2602, 2102, 2103, 2602, 2602, 2103, 2601, 2103, 2104, 2601, 2601, 2104, 2600, 2104, 2105, 2600, 2600, 2105, 2599, 2105, 2106, 2599, 2599, 2106, 2598, 2106, 2107, 2598, 2598, 2107, 2597, 2107, 2108, 2597, 2597, 2108, 2596, 2108, 2109, 2596, 2109, 2110, 2595, 2596, 2109, 2595, 2110, 2111, 2594, 2595, 2110, 2594, 2111, 2112, 2593, 2594, 2111, 2593, 2112, 2113, 2592, 2113, 2114, 2592, 2593, 2112, 2592, 2592, 2114, 2591, 2114, 2115, 2590, 2591, 2114, 2590, 2115, 2116, 2589, 2590, 2115, 2589, 2116, 2117, 2588, 2117, 2118, 2588, 2589, 2116, 2588, 2588, 2118, 2587, 2118, 2119, 2586, 2587, 2118, 2586, 2119, 2120, 2585, 2120, 2121, 2585, 2586, 2119, 2585, 2585, 2121, 2584, 2584, 2121, 2583, 2121, 2122, 2583, 2583, 2122, 2582, 2122, 2123, 2582, 2123, 2124, 2582, 2582, 2124, 2581, 2581, 2124, 2580, 2124, 2125, 2580, 2580, 2125, 2579, 2125, 2126, 2579, 2126, 2127, 2579, 2579, 2127, 2578, 2578, 2127, 2577, 2127, 2128, 2577, 2577, 2128, 2576, 2128, 2129, 2576, 2576, 2129, 2575, 2129, 2130, 2575, 2575, 2130, 2574, 2130, 2131, 2574, 2131, 2132, 2574, 2574, 2132, 2573, 2573, 2132, 2572, 2132, 2133, 2572, 2572, 2133, 2571, 2133, 2091, 2571, 2615, 2571, 2091, 2048, 2615, 2091, 2615, 2048, 2616, 2048, 2049, 2616, 2049, 2050, 2617, 2616, 2049, 2617, 2050, 2051, 2618, 2617, 2050, 2618, 2051, 2052, 2619, 2618, 2051, 2619, 2052, 2053, 2620, 2619, 2052, 2620, 2053, 2054, 2621, 2620, 2053, 2621, 2054, 2055, 2622, 2621, 2054, 2622, 2055, 2056, 2623, 2622, 2055, 2623, 2056, 2057, 2624, 2623, 2056, 2624, 2057, 2058, 2625, 2624, 2057, 2625, 2058, 2059, 2626, 2625, 2058, 2626, 2059, 2060, 2627, 2626, 2059, 2627, 2060, 2061, 2628, 2627, 2060, 2628, 2061, 2062, 2629, 2628, 2061, 2629, 2062, 2063, 2630, 2629, 2062, 2630, 2063, 2064, 2631, 2630, 2063, 2631, 2064, 2065, 2632, 2631, 2064, 2632, 2065, 2066, 2633, 2632, 2065, 2633, 2066, 2067, 2634, 2067, 2068, 2634, 2633, 2066, 2634, 2634, 2068, 2635, 2068, 2069, 2635, 2069, 2070, 2636, 2635, 2069, 2636, 2070, 2071, 2637, 2636, 2070, 2637, 2071, 2072, 2638, 2637, 2071, 2638, 2072, 2073, 2639, 2638, 2072, 2639, 2073, 2074, 2640, 2639, 2073, 2640, 2074, 2075, 2641, 2640, 2074, 2641, 2641, 2075, 2642, 2075, 2076, 2643, 2642, 2075, 2643, 2643, 2076, 2644, 2076, 2077, 2644, 2077, 2078, 2644, 2644, 2078, 2645, 2078, 2079, 2645, 2645, 2079, 2646, 2079, 2080, 2646, 2646, 2080, 2647, 2080, 2081, 2647, 2647, 2081, 2648, 2081, 2082, 2648, 2648, 2082, 2649, 2082, 2083, 2649, 2649, 2083, 2650, 2083, 2084, 2650, 2650, 2084, 2651, 2084, 2085, 2651, 2651, 2085, 2652, 2085, 2086, 2652, 2652, 2086, 2653, 2086, 2087, 2653, 2087, 2088, 2654, 2653, 2087, 2654, 2088, 2089, 2655, 2654, 2088, 2655, 2089, 2090, 2656, 2655, 2089, 2656, 2656, 2090, 2614, 2420, 2221, 2421, 2221, 2265, 2421, 2265, 2266, 2422, 2421, 2265, 2422, 2266, 2267, 2423, 2422, 2266, 2423, 2267, 2268, 2424, 2423, 2267, 2424, 2268, 2269, 2425, 2424, 2268, 2425, 2269, 2270, 2426, 2425, 2269, 2426, 2270, 2271, 2427, 2426, 2270, 2427, 2271, 2272, 2428, 2427, 2271, 2428, 2272, 2273, 2429, 2428, 2272, 2429, 2273, 2274, 2430, 2429, 2273, 2430, 2274, 2275, 2431, 2430, 2274, 2431, 2275, 2276, 2432, 2431, 2275, 2432, 2276, 2277, 2433, 2432, 2276, 2433, 2277, 2278, 2434, 2433, 2277, 2434, 2278, 2279, 2435, 2434, 2278, 2435, 2279, 2280, 2436, 2435, 2279, 2436, 2280, 2281, 2437, 2436, 2280, 2437, 2281, 2282, 2438, 2437, 2281, 2438, 2282, 2283, 2439, 2438, 2282, 2439, 2283, 2284, 2440, 2439, 2283, 2440, 2284, 2285, 2441, 2440, 2284, 2441, 2285, 2286, 2442, 2441, 2285, 2442, 2286, 2287, 2443, 2442, 2286, 2443, 2287, 2288, 2444, 2443, 2287, 2444, 2288, 2289, 2445, 2444, 2288, 2445, 2289, 2290, 2446, 2445, 2289, 2446, 2290, 2291, 2447, 2446, 2290, 2447, 2447, 2291, 2448, 2291, 2292, 2448, 2448, 2292, 2449, 2292, 2293, 2449, 2449, 2293, 2450, 2293, 2294, 2450, 2450, 2294, 2451, 2294, 2295, 2451, 2451, 2295, 2452, 2295, 2296, 2452, 2452, 2296, 2453, 2296, 2297, 2453, 2453, 2297, 2454, 2297, 2298, 2454, 2454, 2298, 2455, 2298, 2299, 2455, 2455, 2299, 2456, 2299, 2300, 2456, 2456, 2300, 2457, 2300, 2301, 2457, 2301, 2302, 2458, 2457, 2301, 2458, 2302, 2303, 2459, 2458, 2302, 2459, 2303, 2304, 2460, 2459, 2303, 2460, 2304, 2305, 2461, 2460, 2304, 2461, 2461, 2305, 2418, 2305, 2264, 2418, 2264, 2222, 2418, 2222, 2419, 2418, 2222, 2223, 2419, 2419, 2223, 2463, 2223, 2224, 2464, 2463, 2223, 2464, 2224, 2225, 2465, 2464, 2224, 2465, 2225, 2226, 2466, 2465, 2225, 2466, 2226, 2227, 2467, 2227, 2228, 2467, 2466, 2226, 2467, 2467, 2228, 2468, 2228, 2229, 2469, 2468, 2228, 2469, 2229, 2230, 2470, 2469, 2229, 2470, 2230, 2231, 2471, 2470, 2230, 2471, 2231, 2232, 2472, 2232, 2233, 2472, 2471, 2231, 2472, 2472, 2233, 2473, 2233, 2234, 2474, 2473, 2233, 2474, 2234, 2235, 2475, 2474, 2234, 2475, 2235, 2236, 2476, 2236, 2237, 2476, 2475, 2235, 2476, 2476, 2237, 2477, 2237, 2238, 2478, 2477, 2237, 2478, 2238, 2239, 2479, 2239, 2240, 2479, 2478, 2238, 2479, 2479, 2240, 2480, 2240, 2241, 2481, 2480, 2240, 2481, 2241, 2242, 2482, 2242, 2243, 2482, 2481, 2241, 2482, 2482, 2243, 2483, 2243, 2244, 2484, 2483, 2243, 2484, 2244, 2245, 2485, 2484, 2244, 2485, 2245, 2246, 2486, 2485, 2245, 2486, 2246, 2247, 2487, 2486, 2246, 2487, 2247, 2248, 2488, 2487, 2247, 2488, 2248, 2249, 2489, 2488, 2248, 2489, 2249, 2250, 2490, 2489, 2249, 2490, 2490, 2250, 2491, 2250, 2251, 2491, 2491, 2251, 2492, 2251, 2252, 2492, 2252, 2253, 2492, 2492, 2253, 2493, 2493, 2253, 2494, 2253, 2254, 2494, 2254, 2255, 2494, 2494, 2255, 2495, 2495, 2255, 2496, 2255, 2256, 2496, 2256, 2257, 2496, 2496, 2257, 2497, 2497, 2257, 2498, 2257, 2258, 2498, 2258, 2259, 2498, 2498, 2259, 2499, 2259, 2260, 2500, 2260, 2261, 2500, 2499, 2259, 2500, 2500, 2261, 2501, 2261, 2262, 2502, 2262, 2263, 2502, 2501, 2261, 2502, 2502, 2263, 2503, 2263, 2220, 2462, 2503, 2263, 2462, 2220, 2221, 2462, 2462, 2221, 2420, 2348, 2350, 2723, 2350, 2722, 2723, 2722, 2350, 2721, 2350, 2351, 2721, 2351, 2352, 2720, 2721, 2351, 2720, 2352, 2353, 2719, 2720, 2352, 2719, 2719, 2353, 2718, 2353, 2354, 2718, 2718, 2354, 2717, 2354, 2355, 2717, 2717, 2355, 2716, 2355, 2356, 2716, 2716, 2356, 2715, 2356, 2357, 2715, 2715, 2357, 2714, 2357, 2358, 2714, 2714, 2358, 2713, 2358, 2359, 2713, 2713, 2359, 2712, 2359, 2360, 2712, 2712, 2360, 2711, 2360, 2361, 2711, 2711, 2361, 2710, 2361, 2362, 2710, 2710, 2362, 2709, 2362, 2363, 2709, 2709, 2363, 2708, 2363, 2364, 2708, 2708, 2364, 2707, 2364, 2365, 2707, 2707, 2365, 2706, 2365, 2366, 2706, 2706, 2366, 2705, 2366, 2367, 2705, 2367, 2368, 2704, 2705, 2367, 2704, 2368, 2369, 2703, 2704, 2368, 2703, 2369, 2370, 2702, 2703, 2369, 2702, 2370, 2371, 2701, 2702, 2370, 2701, 2371, 2372, 2700, 2701, 2371, 2700, 2372, 2373, 2699, 2700, 2372, 2699, 2373, 2374, 2698, 2699, 2373, 2698, 2374, 2375, 2697, 2375, 2376, 2697, 2698, 2374, 2697, 2697, 2376, 2696, 2376, 2377, 2695, 2696, 2376, 2695, 2377, 2378, 2694, 2695, 2377, 2694, 2694, 2378, 2693, 2378, 2379, 2693, 2379, 2380, 2693, 2693, 2380, 2692, 2692, 2380, 2691, 2380, 2381, 2691, 2381, 2382, 2691, 2691, 2382, 2690, 2690, 2382, 2689, 2382, 2383, 2689, 2383, 2384, 2689, 2689, 2384, 2688, 2384, 2385, 2688, 2688, 2385, 2687, 2687, 2385, 2686, 2385, 2386, 2686, 2686, 2386, 2685, 2386, 2387, 2685, 2387, 2388, 2685, 2685, 2388, 2684, 2684, 2388, 2683, 2388, 2389, 2683, 2389, 2390, 2683, 2683, 2390, 2682, 2682, 2390, 2681, 2390, 2391, 2681, 2391, 2349, 2681, 2681, 2349, 2680, 2724, 2680, 2349, 2306, 2724, 2349, 2724, 2306, 2725, 2306, 2307, 2725, 2307, 2308, 2726, 2725, 2307, 2726, 2308, 2309, 2727, 2726, 2308, 2727, 2309, 2310, 2728, 2727, 2309, 2728, 2310, 2311, 2729, 2728, 2310, 2729, 2311, 2312, 2730, 2729, 2311, 2730, 2312, 2313, 2731, 2730, 2312, 2731, 2313, 2314, 2732, 2731, 2313, 2732, 2314, 2315, 2733, 2732, 2314, 2733, 2315, 2316, 2734, 2733, 2315, 2734, 2316, 2317, 2735, 2734, 2316, 2735, 2317, 2318, 2736, 2735, 2317, 2736, 2318, 2319, 2737, 2736, 2318, 2737, 2319, 2320, 2738, 2737, 2319, 2738, 2320, 2321, 2739, 2738, 2320, 2739, 2321, 2322, 2740, 2739, 2321, 2740, 2322, 2323, 2741, 2740, 2322, 2741, 2323, 2324, 2742, 2741, 2323, 2742, 2324, 2325, 2743, 2325, 2326, 2743, 2742, 2324, 2743, 2743, 2326, 2744, 2326, 2327, 2744, 2327, 2328, 2745, 2744, 2327, 2745, 2328, 2329, 2746, 2745, 2328, 2746, 2329, 2330, 2747, 2746, 2329, 2747, 2330, 2331, 2748, 2747, 2330, 2748, 2331, 2332, 2749, 2748, 2331, 2749, 2332, 2333, 2750, 2749, 2332, 2750, 2750, 2333, 2751, 2333, 2334, 2752, 2751, 2333, 2752, 2752, 2334, 2753, 2334, 2335, 2753, 2335, 2336, 2753, 2753, 2336, 2754, 2336, 2337, 2754, 2754, 2337, 2755, 2337, 2338, 2755, 2755, 2338, 2756, 2338, 2339, 2756, 2756, 2339, 2757, 2339, 2340, 2757, 2757, 2340, 2758, 2340, 2341, 2758, 2758, 2341, 2759, 2341, 2342, 2759, 2759, 2342, 2760, 2342, 2343, 2760, 2760, 2343, 2761, 2343, 2344, 2761, 2761, 2344, 2762, 2344, 2345, 2762, 2345, 2346, 2763, 2762, 2345, 2763, 2346, 2347, 2764, 2763, 2346, 2764, 2347, 2348, 2765, 2764, 2347, 2765, 2765, 2348, 2723, 2393, 2392, 2396, 2393, 2396, 2791, 2789, 2394, 2657, 2657, 2394, 2395, 2397, 2393, 2791, 2790, 2397, 2791, 2836, 2835, 2505, 2504, 2836, 2505, 2505, 2832, 2526, 2831, 2830, 2526, 2832, 2831, 2526, 2830, 2829, 2525, 2526, 2830, 2525, 2829, 2828, 2524, 2525, 2829, 2524, 2828, 2827, 2523, 2524, 2828, 2523, 2827, 2826, 2522, 2523, 2827, 2522, 2826, 2825, 2521, 2522, 2826, 2521, 2521, 2825, 2520, 2825, 2824, 2519, 2520, 2825, 2519, 2823, 2822, 2518, 2824, 2823, 2518, 2519, 2824, 2518, 2822, 2821, 2517, 2518, 2822, 2517, 2517, 2821, 2516, 2820, 2819, 2515, 2821, 2820, 2515, 2516, 2821, 2515, 2515, 2819, 2514, 2514, 2819, 2513, 2818, 2817, 2513, 2819, 2818, 2513, 2513, 2817, 2512, 2817, 2816, 2512, 2512, 2816, 2511, 2511, 2816, 2510, 2816, 2815, 2510, 2510, 2815, 2509, 2814, 2813, 2509, 2815, 2814, 2509, 2509, 2813, 2508, 2813, 2812, 2508, 2508, 2812, 2507, 2812, 1767, 2506, 2507, 2812, 2506, 2767, 3025, 2527, 2527, 3025, 2547, 3025, 3024, 2546, 2547, 3025, 2546, 3024, 3023, 2545, 2546, 3024, 2545, 3023, 3022, 2544, 2545, 3023, 2544, 3022, 3021, 2543, 2544, 3022, 2543, 3021, 3020, 2542, 2543, 3021, 2542, 3020, 3019, 2541, 2542, 3020, 2541, 3019, 3018, 2540, 2541, 3019, 2540, 3017, 3016, 2539, 3018, 3017, 2539, 2540, 3018, 2539, 3016, 3015, 2538, 2539, 3016, 2538, 2538, 3015, 2537, 3014, 3013, 2536, 3015, 3014, 2536, 2537, 3015, 2536, 2536, 3013, 2535, 2535, 3013, 2534, 3013, 3012, 2534, 2534, 3012, 2533, 3012, 3011, 2533, 2533, 3011, 2532, 3010, 3009, 2532, 3011, 3010, 2532, 2532, 3009, 2531, 2531, 3009, 2530, 3008, 3007, 2530, 3009, 3008, 2530, 2530, 3007, 2529, 3006, 3005, 2528, 3007, 3006, 2528, 2529, 3007, 2528, 2528, 3005, 2504, 1656, 1717, 2767, 2527, 1656, 2767, 2549, 2570, 3025, 2767, 2549, 3025, 2570, 2569, 3024, 3025, 2570, 3024, 2569, 2568, 3023, 3024, 2569, 3023, 2568, 2567, 3022, 3023, 2568, 3022, 2567, 2566, 3021, 3022, 2567, 3021, 2566, 2565, 3020, 3021, 2566, 3020, 2565, 2564, 3019, 3020, 2565, 3019, 2564, 2563, 3018, 3019, 2564, 3018, 2563, 2562, 3017, 3018, 2563, 3017, 2562, 2561, 3016, 3017, 2562, 3016, 2561, 2560, 3015, 3016, 2561, 3015, 2559, 2558, 3014, 2560, 2559, 3014, 3015, 2560, 3014, 3014, 2558, 3013, 3013, 2558, 3012, 2558, 2557, 3012, 2556, 2555, 3011, 2557, 2556, 3011, 3012, 2557, 3011, 3011, 2555, 3010, 2555, 2554, 3009, 3010, 2555, 3009, 2554, 2553, 3008, 3009, 2554, 3008, 2553, 2552, 3007, 3008, 2553, 3007, 2552, 2551, 3006, 3007, 2552, 3006, 2551, 2550, 3005, 3006, 2551, 3005, 2548, 2834, 3005, 2550, 2548, 3005, 2659, 2788, 2789, 2657, 2659, 2789, 2659, 2679, 2787, 2788, 2659, 2787, 2679, 2678, 2786, 2787, 2679, 2786, 2678, 2677, 2785, 2786, 2678, 2785, 2677, 2676, 2784, 2785, 2677, 2784, 2676, 2675, 2783, 2784, 2676, 2783, 2675, 2674, 2782, 2783, 2675, 2782, 2674, 2673, 2781, 2782, 2674, 2781, 2673, 2672, 2780, 2781, 2673, 2780, 2672, 2671, 2779, 2780, 2672, 2779, 2671, 2670, 2778, 2779, 2671, 2778, 2670, 2669, 2777, 2778, 2670, 2777, 2669, 2668, 2776, 2777, 2669, 2776, 2776, 2668, 2775, 2668, 2667, 2775, 2775, 2667, 2774, 2667, 2666, 2774, 2666, 2665, 2773, 2774, 2666, 2773, 2773, 2665, 2772, 2665, 2664, 2772, 2664, 2663, 2771, 2772, 2664, 2771, 2663, 2662, 2770, 2771, 2663, 2770, 2662, 2661, 2769, 2770, 2662, 2769, 2661, 2660, 2768, 2769, 2661, 2768, 2660, 2658, 2766, 2768, 2660, 2766, 2394, 2789, 1741, 2791, 2396, 1740, 2833, 2835, 1877, 2835, 2833, 2832, 2835, 2832, 2505, 1878, 2836, 2834, 2837, 3030, 2838, 2920, 3030, 2837, 3027, 3026, 3031, 3031, 3026, 3032, 3032, 3026, 3033, 3033, 3026, 3034, 3027, 3031, 3035, 3028, 3027, 3035, 3034, 3026, 3036, 3031, 3032, 3037, 3035, 3031, 3037, 3036, 3026, 3038, 3032, 3033, 3039, 3037, 3032, 3039, 3038, 3026, 3040, 3039, 3033, 3041, 3033, 3034, 3041, 3028, 3035, 3042, 3029, 3028, 3042, 3040, 3026, 3043, 3041, 3034, 3044, 3034, 3036, 3044, 3035, 3037, 3045, 3042, 3035, 3045, 3043, 3026, 3046, 3044, 3036, 3047, 3036, 3038, 3047, 3037, 3039, 3048, 3045, 3037, 3048, 3046, 3026, 3049, 3047, 3038, 3050, 3038, 3040, 3050, 3039, 3041, 3051, 3048, 3039, 3051, 3029, 3042, 3052, 2839, 2838, 3052, 2840, 2839, 3052, 2838, 3030, 3052, 3030, 3029, 3052, 3049, 3026, 3053, 3050, 3040, 3054, 3040, 3043, 3054, 3041, 3044, 3055, 3051, 3041, 3055, 2841, 2840, 3056, 2842, 2841, 3056, 3052, 3042, 3056, 3042, 3045, 3056, 2840, 3052, 3056, 3053, 3026, 3057, 3054, 3043, 3058, 3043, 3046, 3058, 3044, 3047, 3059, 3055, 3044, 3059, 2843, 2842, 3060, 2844, 2843, 3060, 2842, 3056, 3060, 3045, 3048, 3060, 3056, 3045, 3060, 3057, 3026, 3061, 3058, 3046, 3062, 3046, 3049, 3062, 3049, 3053, 3062, 3059, 3047, 3063, 3047, 3050, 3063, 3051, 3055, 3064, 2845, 2844, 3064, 2846, 2845, 3064, 3048, 3051, 3064, 3060, 3048, 3064, 2844, 3060, 3064, 3061, 3026, 3065, 3062, 3053, 3066, 3050, 3054, 3067, 3063, 3050, 3067, 2846, 3064, 3068, 2847, 2846, 3068, 2848, 2847, 3068, 3064, 3055, 3068, 3065, 3026, 3069, 3066, 3053, 3070, 3053, 3057, 3070, 3067, 3054, 3071, 3054, 3058, 3071, 2848, 3068, 3072, 2849, 2848, 3072, 2850, 2849, 3072, 3055, 3059, 3072, 3068, 3055, 3072, 3069, 3026, 3073, 3070, 3057, 3074, 3057, 3061, 3074, 3071, 3058, 3075, 3058, 3062, 3075, 2851, 2850, 3076, 2852, 2851, 3076, 3059, 3063, 3076, 2850, 3072, 3076, 3072, 3059, 3076, 3073, 3026, 3077, 3074, 3061, 3078, 3061, 3065, 3078, 3075, 3062, 3079, 3062, 3066, 3079, 3076, 3063, 3080, 2853, 2852, 3080, 2854, 2853, 3080, 2852, 3076, 3080, 3063, 3067, 3080, 3077, 3026, 3081, 3065, 3069, 3082, 3078, 3065, 3082, 3079, 3066, 3083, 3066, 3070, 3083, 3070, 3074, 3083, 2854, 3080, 3084, 2855, 2854, 3084, 2856, 2855, 3084, 3080, 3067, 3084, 3067, 3071, 3084, 3081, 3026, 3085, 3082, 3069, 3086, 3069, 3073, 3086, 3083, 3074, 3087, 2856, 3084, 3088, 3071, 3075, 3088, 2857, 2856, 3088, 2858, 2857, 3088, 3084, 3071, 3088, 3085, 3026, 3089, 3086, 3073, 3090, 3073, 3077, 3090, 3074, 3078, 3091, 3087, 3074, 3091, 3075, 3079, 3092, 2858, 3088, 3092, 2859, 2858, 3092, 2860, 2859, 3092, 3088, 3075, 3092, 3089, 3026, 3093, 3077, 3081, 3094, 3090, 3077, 3094, 3091, 3078, 3095, 3082, 3086, 3095, 3078, 3082, 3095, 2861, 2860, 3096, 2862, 2861, 3096, 2860, 3092, 3096, 3092, 3079, 3096, 3079, 3083, 3096, 3093, 3026, 3097, 3094, 3081, 3098, 3081, 3085, 3098, 3095, 3086, 3099, 3096, 3083, 3100, 2863, 2862, 3100, 2864, 2863, 3100, 3083, 3087, 3100, 2862, 3096, 3100, 3097, 3026, 3101, 3085, 3089, 3102, 3098, 3085, 3102, 3086, 3090, 3103, 3099, 3086, 3103, 2865, 2864, 3104, 2866, 2865, 3104, 2864, 3100, 3104, 3087, 3091, 3104, 3100, 3087, 3104, 3101, 3026, 3105, 3089, 3093, 3106, 3102, 3089, 3106, 3090, 3094, 3107, 3094, 3098, 3107, 3103, 3090, 3107, 3104, 3091, 3108, 2867, 2866, 3108, 2868, 2867, 3108, 2866, 3104, 3108, 3091, 3095, 3108, 3105, 3026, 3109, 3093, 3097, 3110, 3106, 3093, 3110, 3107, 3098, 3111, 3099, 3103, 3112, 3095, 3099, 3112, 2869, 2868, 3112, 2870, 2869, 3112, 3108, 3095, 3112, 2868, 3108, 3112, 3109, 3026, 3113, 3101, 3105, 3114, 3097, 3101, 3114, 3110, 3097, 3114, 3111, 3098, 3115, 3098, 3102, 3115, 3112, 3103, 3116, 2871, 2870, 3116, 2872, 2871, 3116, 2870, 3112, 3116, 3113, 3026, 3117, 3114, 3105, 3118, 3115, 3102, 3119, 3102, 3106, 3119, 3103, 3107, 3120, 3116, 3103, 3120, 2872, 3116, 3120, 2873, 2872, 3120, 2874, 2873, 3120, 3117, 3026, 3121, 3105, 3109, 3122, 3109, 3113, 3122, 3118, 3105, 3122, 3106, 3110, 3123, 3119, 3106, 3123, 3120, 3107, 3124, 3107, 3111, 3124, 2874, 3120, 3124, 2875, 2874, 3124, 2876, 2875, 3124, 3121, 3026, 3125, 3122, 3113, 3126, 3110, 3114, 3127, 3123, 3110, 3127, 3114, 3118, 3127, 2876, 3124, 3128, 3111, 3115, 3128, 2877, 2876, 3128, 2878, 2877, 3128, 3124, 3111, 3128, 3125, 3026, 3129, 3113, 3117, 3130, 3126, 3113, 3130, 3127, 3118, 3131, 3115, 3119, 3132, 2878, 3128, 3132, 2879, 2878, 3132, 2880, 2879, 3132, 3128, 3115, 3132, 3129, 3026, 3133, 3117, 3121, 3134, 3130, 3117, 3134, 3131, 3118, 3135, 3118, 3122, 3135, 3132, 3119, 3136, 3119, 3123, 3136, 2881, 2880, 3136, 2882, 2881, 3136, 2880, 3132, 3136, 3133, 3026, 3137, 3121, 3125, 3138, 3134, 3121, 3138, 3122, 3126, 3139, 3135, 3122, 3139, 3123, 3127, 3140, 3136, 3123, 3140, 2883, 2882, 3140, 2884, 2883, 3140, 2882, 3136, 3140, 3137, 3026, 3141, 3125, 3129, 3142, 3138, 3125, 3142, 3130, 3134, 3143, 3126, 3130, 3143, 3139, 3126, 3143, 2884, 3140, 3144, 3127, 3131, 3144, 2885, 2884, 3144, 2886, 2885, 3144, 3140, 3127, 3144, 3141, 3026, 3145, 3142, 3129, 3146, 3129, 3133, 3146, 3143, 3134, 3147, 2886, 3144, 3148, 3131, 3135, 3148, 2887, 2886, 3148, 2888, 2887, 3148, 3144, 3131, 3148, 3145, 3026, 3149, 3133, 3137, 3150, 3146, 3133, 3150, 3147, 3134, 3151, 3134, 3138, 3151, 3148, 3135, 3152, 3135, 3139, 3152, 2889, 2888, 3152, 2890, 2889, 3152, 2888, 3148, 3152, 3149, 3026, 3153, 3137, 3141, 3154, 3150, 3137, 3154, 3138, 3142, 3155, 3151, 3138, 3155, 3142, 3146, 3155, 3152, 3139, 3156, 3139, 3143, 3156, 2890, 3152, 3156, 2891, 2890, 3156, 2892, 2891, 3156, 3153, 3026, 3157, 3141, 3145, 3158, 3154, 3141, 3158, 3146, 3150, 3159, 3155, 3146, 3159, 3143, 3147, 3160, 3156, 3143, 3160, 3147, 3151, 3160, 2893, 2892, 3160, 2894, 2893, 3160, 2892, 3156, 3160, 3157, 3026, 3161, 3158, 3145, 3162, 3145, 3149, 3162, 3159, 3150, 3163, 3160, 3151, 3164, 2895, 2894, 3164, 2896, 2895, 3164, 2894, 3160, 3164, 3161, 3026, 3165, 3149, 3153, 3166, 3162, 3149, 3166, 3153, 3157, 3166, 3154, 3158, 3167, 3150, 3154, 3167, 3163, 3150, 3167, 3151, 3155, 3168, 2896, 3164, 3168, 2897, 2896, 3168, 2898, 2897, 3168, 3164, 3151, 3168, 3165, 3026, 3169, 3166, 3157, 3170, 3157, 3161, 3170, 3167, 3158, 3171, 3155, 3159, 3172, 2898, 3168, 3172, 3168, 3155, 3172, 2899, 2898, 3172, 2900, 2899, 3172, 3026, 3027, 3173, 3169, 3026, 3173, 3170, 3161, 3174, 3158, 3162, 3175, 3162, 3166, 3175, 3171, 3158, 3175, 3172, 3159, 3176, 3159, 3163, 3176, 2900, 3172, 3176, 2901, 2900, 3176, 2902, 2901, 3176, 3174, 3161, 3177, 3161, 3165, 3177, 3165, 3169, 3177, 3175, 3166, 3178, 3176, 3163, 3179, 2902, 3176, 3179, 2903, 2902, 3179, 2904, 2903, 3179, 3163, 3167, 3179, 3177, 3169, 3180, 3178, 3166, 3181, 3170, 3174, 3181, 3166, 3170, 3181, 2904, 3179, 3182, 3179, 3167, 3182, 3171, 3175, 3182, 2905, 2904, 3182, 2906, 2905, 3182, 3167, 3171, 3182, 3027, 3028, 3183, 3173, 3027, 3183, 3169, 3173, 3183, 3180, 3169, 3183, 3181, 3174, 3184, 3182, 3175, 3185, 2906, 3182, 3185, 2907, 2906, 3185, 2908, 2907, 3185, 3174, 3177, 3186, 3184, 3174, 3186, 3185, 3175, 3187, 3178, 3181, 3187, 2908, 3185, 3187, 2909, 2908, 3187, 2910, 2909, 3187, 3175, 3178, 3187, 3177, 3180, 3188, 3186, 3177, 3188, 3187, 3181, 3189, 2910, 3187, 3189, 2911, 2910, 3189, 2912, 2911, 3189, 3028, 3029, 3190, 3183, 3028, 3190, 3180, 3183, 3190, 3188, 3180, 3190, 3181, 3184, 3191, 3189, 3181, 3191, 2912, 3189, 3191, 2913, 2912, 3191, 2914, 2913, 3191, 3184, 3186, 3191, 3191, 3186, 3192, 2914, 3191, 3192, 2915, 2914, 3192, 2916, 2915, 3192, 3192, 3186, 3193, 3186, 3188, 3193, 2916, 3192, 3193, 2917, 2916, 3193, 2918, 2917, 3193, 3029, 3030, 3194, 3193, 3188, 3194, 3190, 3029, 3194, 3188, 3190, 3194, 2918, 3193, 3194, 3030, 2920, 3194, 2919, 2918, 3194, 2920, 2919, 3194, 2921, 3199, 2922, 3004, 3199, 2921, 3196, 3195, 3200, 3200, 3195, 3201, 3201, 3195, 3202, 3202, 3195, 3203, 3196, 3200, 3204, 3197, 3196, 3204, 3203, 3195, 3205, 3200, 3201, 3206, 3204, 3200, 3206, 3205, 3195, 3207, 3201, 3202, 3208, 3206, 3201, 3208, 3207, 3195, 3209, 3208, 3202, 3210, 3202, 3203, 3210, 3197, 3204, 3211, 3198, 3197, 3211, 3209, 3195, 3212, 3210, 3203, 3213, 3203, 3205, 3213, 3204, 3206, 3214, 3211, 3204, 3214, 3212, 3195, 3215, 3213, 3205, 3216, 3205, 3207, 3216, 3206, 3208, 3217, 3214, 3206, 3217, 3215, 3195, 3218, 3216, 3207, 3219, 3207, 3209, 3219, 3208, 3210, 3220, 3217, 3208, 3220, 3198, 3211, 3221, 2923, 2922, 3221, 2924, 2923, 3221, 2922, 3199, 3221, 3199, 3198, 3221, 3218, 3195, 3222, 3219, 3209, 3223, 3209, 3212, 3223, 3210, 3213, 3224, 3220, 3210, 3224, 2925, 2924, 3225, 2926, 2925, 3225, 3221, 3211, 3225, 3211, 3214, 3225, 2924, 3221, 3225, 3222, 3195, 3226, 3223, 3212, 3227, 3212, 3215, 3227, 3213, 3216, 3228, 3224, 3213, 3228, 2927, 2926, 3229, 2928, 2927, 3229, 2926, 3225, 3229, 3214, 3217, 3229, 3225, 3214, 3229, 3226, 3195, 3230, 3227, 3215, 3231, 3215, 3218, 3231, 3218, 3222, 3231, 3228, 3216, 3232, 3216, 3219, 3232, 3220, 3224, 3233, 2929, 2928, 3233, 2930, 2929, 3233, 3217, 3220, 3233, 3229, 3217, 3233, 2928, 3229, 3233, 3230, 3195, 3234, 3231, 3222, 3235, 3219, 3223, 3236, 3232, 3219, 3236, 2930, 3233, 3237, 2931, 2930, 3237, 2932, 2931, 3237, 3233, 3224, 3237, 3234, 3195, 3238, 3235, 3222, 3239, 3222, 3226, 3239, 3236, 3223, 3240, 3223, 3227, 3240, 2932, 3237, 3241, 2933, 2932, 3241, 2934, 2933, 3241, 3224, 3228, 3241, 3237, 3224, 3241, 3238, 3195, 3242, 3239, 3226, 3243, 3226, 3230, 3243, 3240, 3227, 3244, 3227, 3231, 3244, 2935, 2934, 3245, 2936, 2935, 3245, 3228, 3232, 3245, 2934, 3241, 3245, 3241, 3228, 3245, 3242, 3195, 3246, 3243, 3230, 3247, 3230, 3234, 3247, 3244, 3231, 3248, 3231, 3235, 3248, 3245, 3232, 3249, 2937, 2936, 3249, 2938, 2937, 3249, 2936, 3245, 3249, 3232, 3236, 3249, 3246, 3195, 3250, 3234, 3238, 3251, 3247, 3234, 3251, 3248, 3235, 3252, 3235, 3239, 3252, 3239, 3243, 3252, 2938, 3249, 3253, 2939, 2938, 3253, 2940, 2939, 3253, 3249, 3236, 3253, 3236, 3240, 3253, 3250, 3195, 3254, 3251, 3238, 3255, 3238, 3242, 3255, 3252, 3243, 3256, 2940, 3253, 3257, 3240, 3244, 3257, 2941, 2940, 3257, 2942, 2941, 3257, 3253, 3240, 3257, 3254, 3195, 3258, 3255, 3242, 3259, 3242, 3246, 3259, 3243, 3247, 3260, 3256, 3243, 3260, 3244, 3248, 3261, 2942, 3257, 3261, 2943, 2942, 3261, 2944, 2943, 3261, 3257, 3244, 3261, 3258, 3195, 3262, 3246, 3250, 3263, 3259, 3246, 3263, 3260, 3247, 3264, 3251, 3255, 3264, 3247, 3251, 3264, 2945, 2944, 3265, 2946, 2945, 3265, 2944, 3261, 3265, 3261, 3248, 3265, 3248, 3252, 3265, 3262, 3195, 3266, 3263, 3250, 3267, 3250, 3254, 3267, 3264, 3255, 3268, 3265, 3252, 3269, 2947, 2946, 3269, 2948, 2947, 3269, 3252, 3256, 3269, 2946, 3265, 3269, 3266, 3195, 3270, 3254, 3258, 3271, 3267, 3254, 3271, 3255, 3259, 3272, 3268, 3255, 3272, 2949, 2948, 3273, 2950, 2949, 3273, 2948, 3269, 3273, 3256, 3260, 3273, 3269, 3256, 3273, 3270, 3195, 3274, 3258, 3262, 3275, 3271, 3258, 3275, 3259, 3263, 3276, 3263, 3267, 3276, 3272, 3259, 3276, 3273, 3260, 3277, 2951, 2950, 3277, 2952, 2951, 3277, 2950, 3273, 3277, 3260, 3264, 3277, 3274, 3195, 3278, 3262, 3266, 3279, 3275, 3262, 3279, 3276, 3267, 3280, 3268, 3272, 3281, 3264, 3268, 3281, 2953, 2952, 3281, 2954, 2953, 3281, 3277, 3264, 3281, 2952, 3277, 3281, 3278, 3195, 3282, 3270, 3274, 3283, 3266, 3270, 3283, 3279, 3266, 3283, 3280, 3267, 3284, 3267, 3271, 3284, 3281, 3272, 3285, 2955, 2954, 3285, 2956, 2955, 3285, 2954, 3281, 3285, 3282, 3195, 3286, 3283, 3274, 3287, 3284, 3271, 3288, 3271, 3275, 3288, 3272, 3276, 3289, 3285, 3272, 3289, 2956, 3285, 3289, 2957, 2956, 3289, 2958, 2957, 3289, 3286, 3195, 3290, 3274, 3278, 3291, 3278, 3282, 3291, 3287, 3274, 3291, 3275, 3279, 3292, 3288, 3275, 3292, 3289, 3276, 3293, 3276, 3280, 3293, 2958, 3289, 3293, 2959, 2958, 3293, 2960, 2959, 3293, 3290, 3195, 3294, 3291, 3282, 3295, 3279, 3283, 3296, 3292, 3279, 3296, 3283, 3287, 3296, 2960, 3293, 3297, 3280, 3284, 3297, 2961, 2960, 3297, 2962, 2961, 3297, 3293, 3280, 3297, 3294, 3195, 3298, 3282, 3286, 3299, 3295, 3282, 3299, 3296, 3287, 3300, 3284, 3288, 3301, 2962, 3297, 3301, 2963, 2962, 3301, 2964, 2963, 3301, 3297, 3284, 3301, 3298, 3195, 3302, 3286, 3290, 3303, 3299, 3286, 3303, 3300, 3287, 3304, 3287, 3291, 3304, 3301, 3288, 3305, 3288, 3292, 3305, 2965, 2964, 3305, 2966, 2965, 3305, 2964, 3301, 3305, 3302, 3195, 3306, 3290, 3294, 3307, 3303, 3290, 3307, 3291, 3295, 3308, 3304, 3291, 3308, 3292, 3296, 3309, 3305, 3292, 3309, 2967, 2966, 3309, 2968, 2967, 3309, 2966, 3305, 3309, 3306, 3195, 3310, 3294, 3298, 3311, 3307, 3294, 3311, 3299, 3303, 3312, 3295, 3299, 3312, 3308, 3295, 3312, 2968, 3309, 3313, 3296, 3300, 3313, 2969, 2968, 3313, 2970, 2969, 3313, 3309, 3296, 3313, 3310, 3195, 3314, 3311, 3298, 3315, 3298, 3302, 3315, 3312, 3303, 3316, 2970, 3313, 3317, 3300, 3304, 3317, 2971, 2970, 3317, 2972, 2971, 3317, 3313, 3300, 3317, 3314, 3195, 3318, 3302, 3306, 3319, 3315, 3302, 3319, 3316, 3303, 3320, 3303, 3307, 3320, 3317, 3304, 3321, 3304, 3308, 3321, 2973, 2972, 3321, 2974, 2973, 3321, 2972, 3317, 3321, 3318, 3195, 3322, 3306, 3310, 3323, 3319, 3306, 3323, 3307, 3311, 3324, 3320, 3307, 3324, 3311, 3315, 3324, 3321, 3308, 3325, 3308, 3312, 3325, 2974, 3321, 3325, 2975, 2974, 3325, 2976, 2975, 3325, 3322, 3195, 3326, 3310, 3314, 3327, 3323, 3310, 3327, 3315, 3319, 3328, 3324, 3315, 3328, 3312, 3316, 3329, 3325, 3312, 3329, 3316, 3320, 3329, 2977, 2976, 3329, 2978, 2977, 3329, 2976, 3325, 3329, 3326, 3195, 3330, 3327, 3314, 3331, 3314, 3318, 3331, 3328, 3319, 3332, 3329, 3320, 3333, 2979, 2978, 3333, 2980, 2979, 3333, 2978, 3329, 3333, 3330, 3195, 3334, 3318, 3322, 3335, 3331, 3318, 3335, 3322, 3326, 3335, 3323, 3327, 3336, 3319, 3323, 3336, 3332, 3319, 3336, 3320, 3324, 3337, 2980, 3333, 3337, 2981, 2980, 3337, 2982, 2981, 3337, 3333, 3320, 3337, 3334, 3195, 3338, 3335, 3326, 3339, 3326, 3330, 3339, 3336, 3327, 3340, 3324, 3328, 3341, 2982, 3337, 3341, 3337, 3324, 3341, 2983, 2982, 3341, 2984, 2983, 3341, 3195, 3196, 3342, 3338, 3195, 3342, 3339, 3330, 3343, 3327, 3331, 3344, 3331, 3335, 3344, 3340, 3327, 3344, 3341, 3328, 3345, 3328, 3332, 3345, 2984, 3341, 3345, 2985, 2984, 3345, 2986, 2985, 3345, 3343, 3330, 3346, 3330, 3334, 3346, 3334, 3338, 3346, 3344, 3335, 3347, 3345, 3332, 3348, 2986, 3345, 3348, 2987, 2986, 3348, 2988, 2987, 3348, 3332, 3336, 3348, 3346, 3338, 3349, 3347, 3335, 3350, 3339, 3343, 3350, 3335, 3339, 3350, 2988, 3348, 3351, 3348, 3336, 3351, 3340, 3344, 3351, 2989, 2988, 3351, 2990, 2989, 3351, 3336, 3340, 3351, 3196, 3197, 3352, 3342, 3196, 3352, 3338, 3342, 3352, 3349, 3338, 3352, 3350, 3343, 3353, 3351, 3344, 3354, 2990, 3351, 3354, 2991, 2990, 3354, 2992, 2991, 3354, 3343, 3346, 3355, 3353, 3343, 3355, 3354, 3344, 3356, 3347, 3350, 3356, 2992, 3354, 3356, 2993, 2992, 3356, 2994, 2993, 3356, 3344, 3347, 3356, 3346, 3349, 3357, 3355, 3346, 3357, 3356, 3350, 3358, 2994, 3356, 3358, 2995, 2994, 3358, 2996, 2995, 3358, 3197, 3198, 3359, 3352, 3197, 3359, 3349, 3352, 3359, 3357, 3349, 3359, 3350, 3353, 3360, 3358, 3350, 3360, 2996, 3358, 3360, 2997, 2996, 3360, 2998, 2997, 3360, 3353, 3355, 3360, 3360, 3355, 3361, 2998, 3360, 3361, 2999, 2998, 3361, 3000, 2999, 3361, 3361, 3355, 3362, 3355, 3357, 3362, 3000, 3361, 3362, 3001, 3000, 3362, 3002, 3001, 3362, 3198, 3199, 3363, 3362, 3357, 3363, 3359, 3198, 3363, 3357, 3359, 3363, 3002, 3362, 3363, 3199, 3004, 3363, 3003, 3002, 3363, 3004, 3003, 3363, 2504, 3005, 2834, 2836, 2504, 2834, 3367, 3366, 3365, 3365, 3366, 3364, 3380, 3379, 3382, 3381, 3380, 3382, 3379, 3378, 3377, 3383, 3382, 3384, 3382, 3379, 3375, 3377, 3376, 3375, 3384, 3382, 3375, 3379, 3377, 3375, 3385, 3384, 3386, 3375, 3374, 3373, 3386, 3384, 3387, 3373, 3372, 3371, 3375, 3373, 3371, 3388, 3387, 3389, 3389, 3387, 3390, 3371, 3370, 3369, 3375, 3371, 3369, 3391, 3390, 3392, 3387, 3384, 3392, 3390, 3387, 3392, 3393, 3392, 3395, 3394, 3393, 3395, 3392, 3384, 3395, 3396, 3395, 3397, 3398, 3397, 3399, 3397, 3395, 3399, 3384, 3375, 3400, 3375, 3369, 3400, 3395, 3384, 3400, 3399, 3395, 3400, 3401, 3400, 3402, 3400, 3369, 3403, 3402, 3400, 3403, 3403, 3369, 3404, 3404, 3369, 3862, 3404, 3862, 3863, 3862, 3369, 3861, 3856, 3860, 3861, 3404, 3863, 3405, 3860, 3856, 3405, 3863, 3864, 3405, 3864, 3860, 3405, 3405, 3856, 3857, 3405, 3857, 3858, 3405, 3858, 3854, 3405, 3854, 3850, 3848, 3844, 3406, 3850, 3851, 3406, 3851, 3852, 3406, 3852, 3848, 3406, 3405, 3850, 3406, 3406, 3844, 3845, 3406, 3845, 3846, 3406, 3846, 3842, 3406, 3842, 3838, 3406, 3838, 3407, 3836, 3832, 3407, 3832, 3833, 3407, 3838, 3839, 3407, 3839, 3840, 3407, 3840, 3836, 3407, 3407, 3833, 3834, 3407, 3834, 3830, 3407, 3830, 3826, 3407, 3826, 3827, 3820, 3821, 3408, 3821, 3822, 3408, 3822, 3818, 3408, 3827, 3828, 3408, 3828, 3824, 3408, 3407, 3827, 3408, 3824, 3820, 3408, 3408, 3818, 3814, 3408, 3814, 3815, 3408, 3815, 3816, 3812, 3808, 3409, 3408, 3816, 3409, 3808, 3809, 3409, 3809, 3810, 3409, 3810, 3806, 3409, 3816, 3812, 3409, 3409, 3806, 3425, 3425, 3806, 3424, 3806, 3802, 3424, 3424, 3802, 3423, 3423, 3802, 3422, 3422, 3802, 3421, 3802, 3803, 3420, 3421, 3802, 3420, 3420, 3803, 3594, 3803, 3593, 3594, 3593, 3803, 3592, 3419, 3420, 3595, 3420, 3594, 3595, 3592, 3803, 3591, 3803, 3804, 3591, 3418, 3419, 3596, 3419, 3595, 3596, 3591, 3804, 3590, 3417, 3418, 3597, 3418, 3596, 3597, 3590, 3804, 3589, 3416, 3417, 3598, 3417, 3597, 3598, 3416, 3598, 3599, 3589, 3804, 3588, 3588, 3804, 3587, 3415, 3416, 3600, 3416, 3599, 3600, 3587, 3804, 3586, 3804, 3800, 3586, 3414, 3415, 3601, 3415, 3600, 3601, 3586, 3800, 3585, 3414, 3601, 3602, 3413, 3414, 3602, 3585, 3800, 3584, 3413, 3602, 3603, 3412, 3413, 3603, 3412, 3603, 3520, 3584, 3800, 3583, 3583, 3800, 3582, 3412, 3520, 3521, 3411, 3412, 3521, 3411, 3521, 3522, 3410, 3411, 3522, 3582, 3800, 3581, 3581, 3800, 3580, 3800, 3796, 3580, 3410, 3522, 3523, 3457, 3410, 3523, 3457, 3523, 3524, 3456, 3457, 3524, 3580, 3796, 3579, 3579, 3796, 3578, 3456, 3524, 3525, 3455, 3456, 3525, 3455, 3525, 3526, 3454, 3455, 3526, 3578, 3796, 3577, 3454, 3526, 3527, 3453, 3454, 3527, 3577, 3796, 3576, 3576, 3796, 3575, 3453, 3527, 3528, 3452, 3453, 3528, 3452, 3528, 3529, 3451, 3452, 3529, 3796, 3797, 3574, 3575, 3796, 3574, 3451, 3529, 3530, 3574, 3797, 3573, 3451, 3530, 3450, 3450, 3530, 3531, 3573, 3797, 3572, 3572, 3797, 3571, 3531, 3532, 3449, 3450, 3531, 3449, 3797, 3798, 3570, 3571, 3797, 3570, 3570, 3798, 3569, 3569, 3798, 3568, 3532, 3533, 3448, 3449, 3532, 3448, 3568, 3798, 3567, 3567, 3798, 3566, 3533, 3534, 3447, 3448, 3533, 3447, 3777, 3776, 3368, 3365, 3781, 3368, 3783, 3787, 3368, 3787, 3789, 3368, 3789, 3793, 3368, 3781, 3783, 3368, 3776, 3365, 3368, 3447, 3534, 3446, 3534, 3535, 3446, 3777, 3677, 3678, 3777, 3678, 3679, 3677, 3777, 3676, 3676, 3777, 3675, 3777, 3679, 3680, 3777, 3680, 3681, 3675, 3777, 3674, 3674, 3777, 3673, 3777, 3681, 3682, 3777, 3682, 3683, 3673, 3777, 3672, 3672, 3777, 3671, 3777, 3368, 3671, 3777, 3683, 3684, 3446, 3535, 3445, 3535, 3536, 3445, 3777, 3684, 3685, 3671, 3368, 3670, 3670, 3368, 3669, 3777, 3685, 3686, 3669, 3368, 3668, 3777, 3686, 3687, 3536, 3537, 3444, 3445, 3536, 3444, 3668, 3368, 3667, 3777, 3687, 3604, 3777, 3604, 3605, 3667, 3368, 3666, 3777, 3605, 3606, 3666, 3368, 3665, 3444, 3537, 3443, 3537, 3538, 3443, 3665, 3368, 3664, 3664, 3368, 3663, 3663, 3368, 3662, 3443, 3538, 3442, 3538, 3539, 3442, 3662, 3368, 3661, 3661, 3368, 3660, 3442, 3539, 3441, 3539, 3540, 3441, 3518, 3517, 3659, 3519, 3518, 3659, 3660, 3368, 3659, 3368, 3519, 3659, 3514, 3513, 3658, 3515, 3514, 3658, 3516, 3515, 3658, 3517, 3516, 3658, 3659, 3517, 3658, 3441, 3540, 3440, 3540, 3541, 3440, 3511, 3510, 3657, 3512, 3511, 3657, 3513, 3512, 3657, 3658, 3513, 3657, 3440, 3541, 3439, 3541, 3542, 3439, 3657, 3510, 3509, 3656, 3657, 3509, 3439, 3542, 3438, 3542, 3543, 3438, 3656, 3509, 3508, 3438, 3543, 3437, 3543, 3544, 3437, 3656, 3508, 3507, 3437, 3544, 3436, 3544, 3545, 3436, 3656, 3507, 3506, 3655, 3656, 3506, 3436, 3545, 3435, 3545, 3546, 3435, 3655, 3506, 3505, 3435, 3546, 3434, 3546, 3547, 3434, 3655, 3505, 3504, 3434, 3547, 3433, 3547, 3548, 3433, 3557, 3558, 3471, 3558, 3559, 3471, 3557, 3471, 3472, 3556, 3557, 3472, 3471, 3559, 3470, 3559, 3560, 3470, 3433, 3548, 3432, 3548, 3549, 3432, 3556, 3472, 3473, 3555, 3556, 3473, 3470, 3560, 3469, 3560, 3561, 3469, 3555, 3473, 3426, 3554, 3555, 3426, 3469, 3561, 3468, 3561, 3562, 3468, 3432, 3549, 3431, 3549, 3550, 3431, 3655, 3504, 3503, 3553, 3554, 3427, 3554, 3426, 3427, 3468, 3562, 3467, 3562, 3563, 3467, 3431, 3550, 3430, 3550, 3551, 3430, 3552, 3553, 3428, 3553, 3427, 3428, 3430, 3551, 3429, 3552, 3428, 3429, 3551, 3552, 3429, 3467, 3563, 3466, 3563, 3564, 3466, 3564, 3565, 3466, 3655, 3503, 3502, 3654, 3655, 3502, 3466, 3565, 3465, 3565, 3566, 3465, 3566, 3798, 3464, 3798, 3794, 3464, 3465, 3566, 3464, 3654, 3502, 3501, 3464, 3794, 3463, 3463, 3794, 3462, 3654, 3501, 3500, 3462, 3794, 3461, 3654, 3500, 3499, 3637, 3638, 3499, 3638, 3639, 3499, 3639, 3640, 3499, 3640, 3641, 3499, 3641, 3642, 3499, 3642, 3643, 3499, 3643, 3644, 3499, 3644, 3645, 3499, 3645, 3646, 3499, 3646, 3647, 3499, 3647, 3648, 3499, 3648, 3649, 3499, 3649, 3650, 3499, 3650, 3651, 3499, 3651, 3652, 3499, 3652, 3653, 3499, 3653, 3654, 3499, 3461, 3794, 3460, 3794, 3790, 3460, 3460, 3790, 3459, 3790, 3791, 3458, 3791, 3792, 3458, 3459, 3790, 3458, 3458, 3792, 3788, 3782, 3783, 3778, 3783, 3781, 3778, 3778, 3779, 3474, 3784, 3785, 3474, 3785, 3786, 3474, 3786, 3782, 3474, 3788, 3784, 3474, 3458, 3788, 3474, 3782, 3778, 3474, 3621, 3622, 3775, 3772, 3773, 3475, 3773, 3774, 3475, 3774, 3775, 3475, 3779, 3780, 3475, 3780, 3367, 3475, 3367, 3772, 3475, 3474, 3779, 3475, 3775, 3761, 3762, 3761, 3775, 3760, 3775, 3762, 3763, 3760, 3775, 3759, 3775, 3763, 3764, 3759, 3775, 3758, 3775, 3764, 3765, 3758, 3775, 3757, 3775, 3765, 3766, 3757, 3775, 3756, 3775, 3766, 3767, 3756, 3775, 3755, 3775, 3767, 3768, 3755, 3775, 3754, 3775, 3622, 3754, 3775, 3768, 3769, 3754, 3622, 3753, 3622, 3623, 3753, 3623, 3624, 3753, 3775, 3769, 3770, 3753, 3624, 3752, 3775, 3770, 3771, 3775, 3771, 3688, 3752, 3624, 3751, 3624, 3625, 3751, 3625, 3626, 3751, 3775, 3688, 3689, 3751, 3626, 3750, 3775, 3689, 3690, 3750, 3626, 3749, 3626, 3627, 3749, 3749, 3627, 3748, 3627, 3628, 3748, 3775, 3690, 3691, 3628, 3629, 3747, 3748, 3628, 3747, 3775, 3691, 3692, 3775, 3692, 3693, 3475, 3775, 3693, 3747, 3629, 3746, 3629, 3630, 3746, 3475, 3693, 3694, 3746, 3630, 3745, 3630, 3631, 3745, 3475, 3694, 3695, 3631, 3632, 3744, 3745, 3631, 3744, 3475, 3695, 3696, 3632, 3633, 3743, 3744, 3632, 3743, 3475, 3696, 3697, 3633, 3634, 3742, 3743, 3633, 3742, 3475, 3697, 3698, 3634, 3635, 3741, 3742, 3634, 3741, 3475, 3698, 3699, 3635, 3636, 3740, 3741, 3635, 3740, 3475, 3699, 3700, 3475, 3700, 3701, 3475, 3701, 3702, 3475, 3702, 3703, 3703, 3704, 3476, 3704, 3705, 3476, 3705, 3706, 3476, 3706, 3707, 3476, 3707, 3708, 3476, 3708, 3709, 3476, 3709, 3710, 3476, 3710, 3711, 3476, 3711, 3712, 3476, 3712, 3713, 3476, 3713, 3714, 3476, 3714, 3715, 3476, 3715, 3716, 3476, 3716, 3717, 3476, 3475, 3703, 3476, 3637, 3499, 3498, 3723, 3724, 3498, 3724, 3725, 3498, 3725, 3726, 3498, 3726, 3727, 3498, 3727, 3728, 3498, 3728, 3729, 3498, 3729, 3730, 3498, 3730, 3731, 3498, 3731, 3732, 3498, 3732, 3733, 3498, 3733, 3734, 3498, 3734, 3735, 3498, 3735, 3736, 3498, 3736, 3737, 3498, 3636, 3637, 3498, 3737, 3738, 3498, 3740, 3636, 3498, 3738, 3739, 3498, 3739, 3740, 3498, 3476, 3717, 3477, 3723, 3498, 3497, 3477, 3717, 3478, 3723, 3497, 3496, 3478, 3717, 3479, 3717, 3718, 3479, 3723, 3496, 3495, 3722, 3723, 3495, 3479, 3718, 3480, 3722, 3495, 3494, 3480, 3718, 3481, 3722, 3494, 3493, 3718, 3719, 3482, 3481, 3718, 3482, 3721, 3722, 3492, 3722, 3493, 3492, 3482, 3719, 3483, 3721, 3492, 3491, 3483, 3719, 3484, 3721, 3491, 3490, 3484, 3719, 3485, 3719, 3720, 3485, 3721, 3490, 3489, 3485, 3720, 3486, 3721, 3489, 3488, 3720, 3721, 3488, 3486, 3720, 3487, 3720, 3488, 3487, 3793, 3369, 3368, 3795, 3369, 3793, 3799, 3369, 3795, 3801, 3369, 3799, 3805, 3369, 3801, 3807, 3369, 3805, 3811, 3369, 3807, 3813, 3369, 3811, 3817, 3369, 3813, 3819, 3369, 3817, 3823, 3369, 3819, 3825, 3369, 3823, 3829, 3369, 3825, 3831, 3369, 3829, 3835, 3369, 3831, 3837, 3369, 3835, 3841, 3369, 3837, 3843, 3369, 3841, 3847, 3369, 3843, 3849, 3369, 3847, 3853, 3369, 3849, 3855, 3369, 3853, 3859, 3369, 3855, 3861, 3369, 3859, 3365, 3776, 3772, 3367, 3365, 3772, 3606, 3775, 3777, 3607, 3775, 3606, 3608, 3775, 3607, 3609, 3775, 3608, 3610, 3775, 3609, 3611, 3775, 3610, 3612, 3775, 3611, 3613, 3775, 3612, 3614, 3775, 3613, 3615, 3775, 3614, 3616, 3775, 3615, 3617, 3775, 3616, 3618, 3775, 3617, 3619, 3775, 3618, 3620, 3775, 3619, 3621, 3775, 3620, 3789, 3787, 3784, 3788, 3789, 3784, 3795, 3793, 3790, 3794, 3795, 3790, 3800, 3799, 3796, 3801, 3799, 3800, 3806, 3805, 3802, 3807, 3805, 3806, 3812, 3811, 3808, 3813, 3811, 3812, 3818, 3817, 3814, 3819, 3817, 3818, 3824, 3823, 3820, 3825, 3823, 3824, 3830, 3829, 3826, 3831, 3829, 3830, 3836, 3835, 3832, 3837, 3835, 3836, 3842, 3841, 3838, 3843, 3841, 3842, 3848, 3847, 3844, 3849, 3847, 3848, 3854, 3853, 3850, 3855, 3853, 3854, 3861, 3859, 3856, 3987, 3988, 3990, 3988, 3989, 3990, 3986, 3987, 3985, 3990, 3991, 3992, 3987, 3990, 3983, 3990, 3992, 3983, 3984, 3985, 3983, 3985, 3987, 3983, 3992, 3993, 3994, 3982, 3983, 3981, 3992, 3994, 3995, 3980, 3981, 3979, 3981, 3983, 3979, 3995, 3996, 3997, 3995, 3997, 3998, 3978, 3979, 3977, 3979, 3983, 3977, 3995, 3998, 4000, 3992, 3995, 4000, 3998, 3999, 4000, 4000, 4001, 4003, 4001, 4002, 4003, 3992, 4000, 4003, 4003, 4004, 4005, 4005, 4006, 4007, 4003, 4005, 4007, 3983, 3992, 4008, 3977, 3983, 4008, 3992, 4003, 4008, 4003, 4007, 4008, 4008, 4009, 4010, 3977, 4008, 4011, 4008, 4010, 4011, 3977, 4011, 4012, 3977, 4012, 4358, 4358, 4012, 4360, 3977, 4358, 4357, 4359, 4352, 4357, 4360, 4012, 4013, 4352, 4359, 4013, 4361, 4360, 4013, 4359, 4361, 4013, 4352, 4013, 4355, 4355, 4013, 4356, 4356, 4013, 4354, 4354, 4013, 4346, 4340, 4348, 4014, 4349, 4346, 4014, 4350, 4349, 4014, 4348, 4350, 4014, 4346, 4013, 4014, 4340, 4014, 4343, 4343, 4014, 4344, 4344, 4014, 4342, 4342, 4014, 4334, 4334, 4014, 4015, 4328, 4336, 4015, 4331, 4328, 4015, 4337, 4334, 4015, 4338, 4337, 4015, 4336, 4338, 4015, 4331, 4015, 4332, 4332, 4015, 4330, 4330, 4015, 4322, 4322, 4015, 4325, 4319, 4316, 4016, 4320, 4319, 4016, 4318, 4320, 4016, 4326, 4325, 4016, 4324, 4326, 4016, 4325, 4015, 4016, 4316, 4324, 4016, 4318, 4016, 4310, 4310, 4016, 4313, 4313, 4016, 4314, 4304, 4312, 3881, 4314, 4016, 3881, 4307, 4304, 3881, 4308, 4307, 3881, 4306, 4308, 3881, 4312, 4314, 3881, 4306, 3881, 3880, 4298, 4306, 3879, 4306, 3880, 3879, 4298, 3879, 3878, 4298, 3878, 3877, 4298, 3877, 3876, 4301, 4298, 3875, 4298, 3876, 3875, 4301, 3875, 4091, 4301, 4091, 4090, 3875, 3874, 4092, 4091, 3875, 4092, 4301, 4090, 4089, 4302, 4301, 4088, 4301, 4089, 4088, 3874, 3873, 4093, 4092, 3874, 4093, 3873, 3872, 4094, 4093, 3873, 4094, 4302, 4088, 4087, 4302, 4087, 4086, 3872, 3871, 4095, 4094, 3872, 4095, 4302, 4086, 4085, 4095, 3871, 4096, 4302, 4085, 4084, 3871, 3870, 4097, 4096, 3871, 4097, 4300, 4302, 4083, 4302, 4084, 4083, 3870, 3869, 4098, 4097, 3870, 4098, 4300, 4083, 4082, 3869, 3868, 4099, 4098, 3869, 4099, 4300, 4082, 4081, 3868, 3867, 4100, 4099, 3868, 4100, 4100, 3867, 4017, 4300, 4081, 4080, 4300, 4080, 4079, 3867, 3866, 4018, 4017, 3867, 4018, 4300, 4079, 4078, 3866, 3865, 4019, 4018, 3866, 4019, 4292, 4300, 4077, 4300, 4078, 4077, 4019, 3865, 4020, 3865, 3913, 4020, 3913, 3912, 4021, 4020, 3913, 4021, 4292, 4077, 4076, 4292, 4076, 4075, 4021, 3912, 4022, 3912, 3911, 4022, 3911, 3910, 4023, 4022, 3911, 4023, 4292, 4075, 4074, 3910, 3909, 4024, 4023, 3910, 4024, 4292, 4074, 4073, 3909, 3908, 4025, 4024, 3909, 4025, 4292, 4073, 4072, 3908, 3907, 4026, 4025, 3908, 4026, 4295, 4292, 4071, 4292, 4072, 4071, 4026, 3907, 4027, 4295, 4071, 4070, 4027, 3907, 3906, 4027, 3906, 4028, 4295, 4070, 4069, 4295, 4069, 4068, 4029, 4028, 3905, 4028, 3906, 3905, 4296, 4295, 4067, 4295, 4068, 4067, 4296, 4067, 4066, 4296, 4066, 4065, 4030, 4029, 3904, 4029, 3905, 3904, 4296, 4065, 4064, 4296, 4064, 4063, 4031, 4030, 3903, 4030, 3904, 3903, 4270, 4269, 3976, 4275, 3364, 3976, 4279, 4281, 3976, 4285, 4287, 3976, 4287, 4279, 3976, 4281, 4275, 3976, 3364, 4270, 3976, 4031, 3903, 3902, 4032, 4031, 3902, 4174, 4269, 4175, 4269, 4174, 4173, 4175, 4269, 4176, 4269, 4173, 4172, 4176, 4269, 4177, 4177, 4269, 4178, 4269, 4172, 4171, 4269, 4171, 4170, 4178, 4269, 4179, 4179, 4269, 4180, 4269, 4170, 4169, 4269, 4169, 4168, 3976, 4269, 4168, 4180, 4269, 4181, 4032, 3902, 3901, 4033, 4032, 3901, 4181, 4269, 4182, 3976, 4168, 4167, 3976, 4167, 4166, 4182, 4269, 4183, 3976, 4166, 4165, 4183, 4269, 4184, 4033, 3901, 3900, 4034, 4033, 3900, 3976, 4165, 4164, 4184, 4269, 4101, 3976, 4164, 4163, 4101, 4269, 4102, 3976, 4163, 4162, 4102, 4269, 4103, 4034, 3900, 3899, 4035, 4034, 3899, 3976, 4162, 4161, 3976, 4161, 4160, 3976, 4160, 4159, 4035, 3899, 3898, 4036, 4035, 3898, 3976, 4159, 4158, 3976, 4158, 4157, 4037, 4036, 3897, 4036, 3898, 3897, 3973, 3974, 4156, 3974, 3975, 4156, 3975, 3976, 4156, 3976, 4157, 4156, 3969, 3970, 4155, 3970, 3971, 4155, 3971, 3972, 4155, 3972, 3973, 4155, 3973, 4156, 4155, 4037, 3897, 3896, 4038, 4037, 3896, 3966, 3967, 4154, 3967, 3968, 4154, 3968, 3969, 4154, 3969, 4155, 4154, 4038, 3896, 3895, 4039, 4038, 3895, 4154, 4153, 3965, 3966, 4154, 3965, 4039, 3895, 3894, 4040, 4039, 3894, 3965, 4153, 3964, 4040, 3894, 3893, 4041, 4040, 3893, 3964, 4153, 3963, 4041, 3893, 3892, 4042, 4041, 3892, 3963, 4153, 3962, 4153, 4152, 3962, 4042, 3892, 3891, 4043, 4042, 3891, 3962, 4152, 3961, 4043, 3891, 3890, 4044, 4043, 3890, 3961, 4152, 3960, 4044, 3890, 3889, 4045, 4044, 3889, 4055, 4054, 3927, 4056, 4055, 3927, 3927, 4054, 3928, 4054, 4053, 3928, 4056, 3927, 3926, 4057, 4056, 3926, 4045, 3889, 3888, 4046, 4045, 3888, 3928, 4053, 3929, 4053, 4052, 3929, 4057, 3926, 3925, 4058, 4057, 3925, 3929, 4052, 3882, 4052, 4051, 3882, 4058, 3925, 3924, 4059, 4058, 3924, 4046, 3888, 3887, 4047, 4046, 3887, 3960, 4152, 3959, 4051, 4050, 3883, 3882, 4051, 3883, 4059, 3924, 3923, 4060, 4059, 3923, 4048, 4047, 3886, 4047, 3887, 3886, 4050, 4049, 3884, 3883, 4050, 3884, 4048, 3886, 3885, 3884, 4049, 3885, 4049, 4048, 3885, 4060, 3923, 3922, 4061, 4060, 3922, 4062, 4061, 3922, 3959, 4152, 3958, 4152, 4151, 3958, 4062, 3922, 3921, 4063, 4062, 3921, 4296, 4063, 3920, 4294, 4296, 3920, 4063, 3921, 3920, 3958, 4151, 3957, 4294, 3920, 3919, 4294, 3919, 3918, 3957, 4151, 3956, 4294, 3918, 3917, 3956, 4151, 3955, 4135, 4134, 3955, 4136, 4135, 3955, 4137, 4136, 3955, 4138, 4137, 3955, 4139, 4138, 3955, 4140, 4139, 3955, 4141, 4140, 3955, 4142, 4141, 3955, 4143, 4142, 3955, 4144, 4143, 3955, 4145, 4144, 3955, 4146, 4145, 3955, 4147, 4146, 3955, 4148, 4147, 3955, 4149, 4148, 3955, 4150, 4149, 3955, 4151, 4150, 3955, 4294, 3917, 3916, 4286, 4294, 3916, 4286, 3916, 3915, 4289, 4286, 3914, 4290, 4289, 3914, 4286, 3915, 3914, 4290, 3914, 4288, 4281, 4282, 4276, 4275, 4281, 4276, 4277, 4276, 3930, 4288, 3914, 3930, 4283, 4280, 3930, 4284, 4283, 3930, 4282, 4284, 3930, 4276, 4282, 3930, 4280, 4288, 3930, 4119, 4118, 4271, 4273, 4272, 3931, 4274, 4273, 3931, 4271, 4274, 3931, 4278, 4277, 3931, 3366, 4278, 3931, 4277, 3930, 3931, 4272, 3366, 3931, 4258, 4271, 4259, 4271, 4258, 4257, 4259, 4271, 4260, 4271, 4257, 4256, 4260, 4271, 4261, 4271, 4256, 4255, 4261, 4271, 4262, 4271, 4255, 4254, 4262, 4271, 4263, 4271, 4254, 4253, 4263, 4271, 4264, 4271, 4253, 4252, 4264, 4271, 4265, 4271, 4252, 4251, 4119, 4271, 4251, 4265, 4271, 4266, 4119, 4251, 4250, 4120, 4119, 4250, 4266, 4271, 4267, 4120, 4250, 4249, 4121, 4120, 4249, 4267, 4271, 4268, 4268, 4271, 4185, 4122, 4121, 4248, 4121, 4249, 4248, 4185, 4271, 4186, 4122, 4248, 4247, 4123, 4122, 4247, 4186, 4271, 4187, 4124, 4123, 4246, 4123, 4247, 4246, 4124, 4246, 4245, 4125, 4124, 4245, 4187, 4271, 4188, 4188, 4271, 4189, 4126, 4125, 4244, 4125, 4245, 4244, 4189, 4271, 4190, 4271, 3931, 4190, 4126, 4244, 4243, 4127, 4126, 4243, 4190, 3931, 4191, 4127, 4243, 4242, 4128, 4127, 4242, 4129, 4128, 4242, 4191, 3931, 4192, 4129, 4242, 4241, 4192, 3931, 4193, 4130, 4129, 4240, 4129, 4241, 4240, 4193, 3931, 4194, 4131, 4130, 4239, 4130, 4240, 4239, 4194, 3931, 4195, 4131, 4239, 4238, 4132, 4131, 4238, 4195, 3931, 4196, 4133, 4132, 4237, 4132, 4238, 4237, 4196, 3931, 4197, 4197, 3931, 4198, 4198, 3931, 4199, 4199, 3931, 4200, 4201, 4200, 3932, 4202, 4201, 3932, 4203, 4202, 3932, 4204, 4203, 3932, 4205, 4204, 3932, 4206, 4205, 3932, 4207, 4206, 3932, 4208, 4207, 3932, 4209, 4208, 3932, 4210, 4209, 3932, 4211, 4210, 3932, 4212, 4211, 3932, 4213, 4212, 3932, 4214, 4213, 3932, 4200, 3931, 3932, 3955, 4134, 3954, 4221, 4220, 3954, 4222, 4221, 3954, 4223, 4222, 3954, 4224, 4223, 3954, 4225, 4224, 3954, 4226, 4225, 3954, 4227, 4226, 3954, 4228, 4227, 3954, 4229, 4228, 3954, 4230, 4229, 3954, 4231, 4230, 3954, 4232, 4231, 3954, 4233, 4232, 3954, 4234, 4233, 3954, 4134, 4133, 3954, 4235, 4234, 3954, 4236, 4235, 3954, 4237, 4236, 3954, 4133, 4237, 3954, 4214, 3932, 3933, 3954, 4220, 3953, 4214, 3933, 3934, 3953, 4220, 3952, 4215, 4214, 3935, 4214, 3934, 3935, 4220, 4219, 3951, 3952, 4220, 3951, 4215, 3935, 3936, 3951, 4219, 3950, 4215, 3936, 3937, 3950, 4219, 3949, 4215, 3937, 3938, 4216, 4215, 3938, 4219, 4218, 3948, 3949, 4219, 3948, 4216, 3938, 3939, 3948, 4218, 3947, 4216, 3939, 3940, 3947, 4218, 3946, 4216, 3940, 3941, 4217, 4216, 3941, 3946, 4218, 3945, 4217, 3941, 3942, 3945, 4218, 3944, 4218, 4217, 3944, 4217, 3942, 3943, 3944, 4217, 3943, 3977, 4335, 3976, 3977, 4333, 4335, 3977, 4341, 4333, 3977, 4339, 4341, 3977, 4347, 4339, 3977, 4345, 4347, 3977, 4353, 4345, 3977, 4351, 4353, 3977, 4357, 4351, 4335, 4327, 3976, 4327, 4329, 3976, 4329, 4321, 3976, 4321, 4323, 3976, 4323, 4315, 3976, 4315, 4317, 3976, 4317, 4309, 3976, 4309, 4311, 3976, 4311, 4303, 3976, 4303, 4305, 3976, 4305, 4297, 3976, 4297, 4299, 3976, 4299, 4291, 3976, 4291, 4293, 3976, 4293, 4285, 3976, 4271, 4103, 4269, 4271, 4104, 4103, 4271, 4105, 4104, 4271, 4106, 4105, 4271, 4107, 4106, 4271, 4108, 4107, 4271, 4109, 4108, 4271, 4110, 4109, 4271, 4111, 4110, 4271, 4112, 4111, 4271, 4113, 4112, 4271, 4114, 4113, 4271, 4115, 4114, 4271, 4116, 4115, 4271, 4117, 4116, 4271, 4118, 4117, 4270, 3364, 4272, 3364, 3366, 4272, 4279, 4287, 4280, 4287, 4288, 4280, 4285, 4293, 4286, 4293, 4294, 4286, 4291, 4299, 4292, 4299, 4300, 4292, 4297, 4305, 4298, 4305, 4306, 4298, 4303, 4312, 4304, 4303, 4311, 4312, 4309, 4318, 4310, 4309, 4317, 4318, 4315, 4323, 4316, 4323, 4324, 4316, 4321, 4330, 4322, 4321, 4329, 4330, 4327, 4336, 4328, 4327, 4335, 4336, 4333, 4341, 4334, 4341, 4342, 4334, 4339, 4348, 4340, 4339, 4347, 4348, 4345, 4353, 4346, 4353, 4354, 4346, 4351, 4357, 4352, 3776, 4270, 4272, 3772, 3776, 4272, 3775, 3774, 4271, 3774, 3773, 4274, 4271, 3774, 4274, 4274, 3773, 4273, 3773, 3772, 4272, 4273, 3773, 4272, 3367, 3780, 4278, 3366, 3367, 4278, 3780, 3779, 4277, 4278, 3780, 4277, 3779, 3778, 4276, 4277, 3779, 4276, 3781, 3365, 3364, 3781, 3364, 4275, 3782, 4282, 3783, 3783, 4282, 4281, 3781, 4275, 3778, 3778, 4275, 4276, 3782, 3786, 4284, 4282, 3782, 4284, 3786, 3785, 4283, 4284, 3786, 4283, 3785, 3784, 4280, 4283, 3785, 4280, 3783, 4281, 4279, 3787, 3783, 4279, 3788, 4288, 3789, 3789, 4288, 4287, 3787, 4279, 4280, 3784, 3787, 4280, 3788, 3792, 4290, 4288, 3788, 4290, 3792, 3791, 4289, 4290, 3792, 4289, 3791, 3790, 4286, 4289, 3791, 4286, 3789, 4287, 4285, 3793, 3789, 4285, 3794, 4294, 3795, 3795, 4294, 4293, 3793, 4285, 4286, 3790, 3793, 4286, 3794, 3798, 4296, 4294, 3794, 4296, 3798, 3797, 4295, 4296, 3798, 4295, 3797, 3796, 4292, 4295, 3797, 4292, 3795, 4293, 4291, 3799, 3795, 4291, 3800, 4300, 3801, 3801, 4300, 4299, 3799, 4291, 3796, 3796, 4291, 4292, 3800, 3804, 4300, 3804, 3803, 4302, 4300, 3804, 4302, 4302, 3803, 4301, 3803, 3802, 4298, 4301, 3803, 4298, 3801, 4299, 4297, 3805, 3801, 4297, 3806, 4306, 3807, 3807, 4306, 4305, 3805, 4297, 3802, 3802, 4297, 4298, 3806, 3810, 4308, 4306, 3806, 4308, 3810, 3809, 4307, 4308, 3810, 4307, 3809, 3808, 4304, 4307, 3809, 4304, 3807, 4305, 4303, 3811, 3807, 4303, 3812, 4312, 3813, 3813, 4312, 4311, 3811, 4303, 3808, 3808, 4303, 4304, 3812, 3816, 4314, 4312, 3812, 4314, 3816, 3815, 4313, 4314, 3816, 4313, 3815, 3814, 4310, 4313, 3815, 4310, 3813, 4311, 4309, 3817, 3813, 4309, 3818, 4318, 3819, 3819, 4318, 4317, 3817, 4309, 3814, 3814, 4309, 4310, 3818, 3822, 4320, 4318, 3818, 4320, 3822, 3821, 4319, 4320, 3822, 4319, 3821, 3820, 4316, 4319, 3821, 4316, 3823, 3819, 4317, 3823, 4317, 4315, 3825, 3824, 4324, 3825, 4324, 4323, 3823, 4315, 3820, 3820, 4315, 4316, 3824, 3828, 4326, 4324, 3824, 4326, 3828, 3827, 4325, 4326, 3828, 4325, 3827, 3826, 4322, 4325, 3827, 4322, 3825, 4323, 4321, 3829, 3825, 4321, 3831, 3830, 4330, 3831, 4330, 4329, 3826, 3829, 4321, 3826, 4321, 4322, 3830, 3834, 4332, 4330, 3830, 4332, 3834, 3833, 4331, 4332, 3834, 4331, 3833, 3832, 4328, 4331, 3833, 4328, 3831, 4329, 4327, 3835, 3831, 4327, 3837, 3836, 4336, 3837, 4336, 4335, 3832, 3835, 4327, 3832, 4327, 4328, 3836, 3840, 4338, 4336, 3836, 4338, 3839, 3838, 4337, 3840, 3839, 4337, 4338, 3840, 4337, 4337, 3838, 4334, 3837, 4335, 4333, 3841, 3837, 4333, 3843, 3842, 4342, 3843, 4342, 4341, 3838, 3841, 4333, 3838, 4333, 4334, 3842, 3846, 4344, 4342, 3842, 4344, 3845, 3844, 4343, 3846, 3845, 4343, 4344, 3846, 4343, 4343, 3844, 4340, 3847, 3843, 4341, 3847, 4341, 4339, 3849, 3848, 4348, 3849, 4348, 4347, 3844, 3847, 4339, 3844, 4339, 4340, 3848, 3852, 4350, 4348, 3848, 4350, 3852, 3851, 4349, 4350, 3852, 4349, 3851, 3850, 4346, 4349, 3851, 4346, 3853, 3849, 4347, 3853, 4347, 4345, 3855, 3854, 4354, 3855, 4354, 4353, 3853, 4345, 4346, 3850, 3853, 4346, 3854, 3858, 4356, 4354, 3854, 4356, 3858, 3857, 4355, 4356, 3858, 4355, 3857, 3856, 4352, 4355, 3857, 4352, 3859, 3855, 4353, 3859, 4353, 4351, 3861, 3860, 4359, 3861, 4359, 4357, 3859, 4351, 4352, 3856, 3859, 4352, 3860, 3864, 4361, 4359, 3860, 4361, 3864, 3863, 4360, 4361, 3864, 4360, 3863, 3862, 4358, 4360, 3863, 4358, 3862, 3861, 4357, 3862, 4357, 4358, 3498, 3499, 3954, 3499, 3955, 3954, 3976, 3368, 3977, 3368, 3369, 3977, 3408, 3409, 4016, 3409, 3881, 4016, 3406, 3407, 4015, 3407, 3408, 4015, 3408, 4016, 4015, 3406, 4015, 4014, 3405, 3406, 4013, 3406, 4014, 4013, 3404, 3405, 4012, 3405, 4013, 4012, 3427, 3426, 3883, 3426, 3882, 3883, 3428, 3427, 3884, 3427, 3883, 3884, 3429, 3428, 3885, 3430, 3429, 3885, 3428, 3884, 3885, 3431, 3430, 3886, 3430, 3885, 3886, 3431, 3886, 3887, 3432, 3431, 3888, 3431, 3887, 3888, 3433, 3432, 3889, 3434, 3433, 3889, 3432, 3888, 3889, 3434, 3889, 3890, 3434, 3890, 3891, 3435, 3434, 3891, 3436, 3435, 3891, 3436, 3891, 3892, 3436, 3892, 3893, 3437, 3436, 3893, 3438, 3437, 3893, 3438, 3893, 3894, 3439, 3438, 3895, 3438, 3894, 3895, 3440, 3439, 3896, 3439, 3895, 3896, 3441, 3440, 3897, 3440, 3896, 3897, 3442, 3441, 3898, 3443, 3442, 3898, 3441, 3897, 3898, 3443, 3898, 3899, 3444, 3443, 3900, 3445, 3444, 3900, 3443, 3899, 3900, 3445, 3900, 3901, 3446, 3445, 3902, 3447, 3446, 3902, 3445, 3901, 3902, 3447, 3902, 3903, 3448, 3447, 3904, 3447, 3903, 3904, 3449, 3448, 3905, 3450, 3449, 3905, 3448, 3904, 3905, 3450, 3905, 3906, 3451, 3450, 3907, 3450, 3906, 3907, 3452, 3451, 3908, 3451, 3907, 3908, 3453, 3452, 3909, 3452, 3908, 3909, 3454, 3453, 3910, 3453, 3909, 3910, 3455, 3454, 3911, 3454, 3910, 3911, 3456, 3455, 3912, 3455, 3911, 3912, 3457, 3456, 3913, 3456, 3912, 3913, 3410, 3457, 3865, 3457, 3913, 3865, 3776, 3777, 4269, 3776, 4269, 4270, 4269, 3777, 4271, 3777, 3775, 4271, 3475, 3476, 3931, 3476, 3932, 3931, 3474, 3475, 3930, 3475, 3931, 3930, 3458, 3474, 3914, 3474, 3930, 3914, 3865, 3866, 3410, 3410, 3866, 3411, 3866, 3867, 3412, 3411, 3866, 3412, 3867, 3868, 3413, 3412, 3867, 3413, 3868, 3869, 3414, 3869, 3870, 3414, 3413, 3868, 3414, 3414, 3870, 3415, 3870, 3871, 3416, 3415, 3870, 3416, 3871, 3872, 3417, 3416, 3871, 3417, 3872, 3873, 3418, 3873, 3874, 3418, 3417, 3872, 3418, 3874, 3875, 3419, 3418, 3874, 3419, 3419, 3875, 3420, 3875, 3876, 3421, 3876, 3877, 3421, 3420, 3875, 3421, 3421, 3877, 3422, 3877, 3878, 3423, 3878, 3879, 3423, 3422, 3877, 3423, 3423, 3879, 3424, 3879, 3880, 3425, 3424, 3879, 3425, 3880, 3881, 3409, 3425, 3880, 3409, 3914, 3915, 3458, 3915, 3916, 3459, 3458, 3915, 3459, 3459, 3916, 3460, 3916, 3917, 3461, 3917, 3918, 3461, 3460, 3916, 3461, 3461, 3918, 3462, 3918, 3919, 3463, 3462, 3918, 3463, 3919, 3920, 3464, 3463, 3919, 3464, 3920, 3921, 3465, 3921, 3922, 3465, 3464, 3920, 3465, 3922, 3923, 3466, 3465, 3922, 3466, 3466, 3923, 3467, 3923, 3924, 3468, 3467, 3923, 3468, 3924, 3925, 3469, 3925, 3926, 3469, 3468, 3924, 3469, 3469, 3926, 3470, 3926, 3927, 3471, 3470, 3926, 3471, 3927, 3928, 3472, 3928, 3929, 3472, 3471, 3927, 3472, 3472, 3929, 3473, 3929, 3882, 3426, 3473, 3929, 3426, 3497, 3498, 3953, 3498, 3954, 3953, 3496, 3497, 3952, 3497, 3953, 3952, 3494, 3495, 3951, 3495, 3496, 3951, 3496, 3952, 3951, 3494, 3951, 3950, 3492, 3493, 3949, 3493, 3494, 3949, 3494, 3950, 3949, 3492, 3949, 3948, 3491, 3492, 3947, 3492, 3948, 3947, 3489, 3490, 3946, 3490, 3491, 3946, 3491, 3947, 3946, 3489, 3946, 3945, 3487, 3488, 3944, 3488, 3489, 3944, 3489, 3945, 3944, 3487, 3944, 3943, 3487, 3943, 3942, 3486, 3487, 3942, 3486, 3942, 3941, 3485, 3486, 3941, 3483, 3484, 3940, 3484, 3485, 3940, 3485, 3941, 3940, 3483, 3940, 3939, 3481, 3482, 3938, 3482, 3483, 3938, 3483, 3939, 3938, 3481, 3938, 3937, 3480, 3481, 3936, 3481, 3937, 3936, 3478, 3479, 3935, 3479, 3480, 3935, 3480, 3936, 3935, 3478, 3935, 3934, 3477, 3478, 3933, 3478, 3934, 3933, 3476, 3477, 3932, 3477, 3933, 3932, 3956, 3955, 3499, 3957, 3956, 3500, 3956, 3499, 3500, 3957, 3500, 3501, 3958, 3957, 3502, 3959, 3958, 3502, 3957, 3501, 3502, 3959, 3502, 3503, 3960, 3959, 3504, 3959, 3503, 3504, 3961, 3960, 3505, 3962, 3961, 3505, 3960, 3504, 3505, 3962, 3505, 3506, 3963, 3962, 3507, 3962, 3506, 3507, 3964, 3963, 3508, 3965, 3964, 3508, 3963, 3507, 3508, 3966, 3965, 3509, 3965, 3508, 3509, 3966, 3509, 3510, 3967, 3966, 3511, 3966, 3510, 3511, 3967, 3511, 3512, 3968, 3967, 3512, 3969, 3968, 3512, 3969, 3512, 3513, 3969, 3513, 3514, 3970, 3969, 3514, 3971, 3970, 3514, 3971, 3514, 3515, 3971, 3515, 3516, 3972, 3971, 3516, 3973, 3972, 3516, 3973, 3516, 3517, 3973, 3517, 3518, 3974, 3973, 3518, 3975, 3974, 3518, 3975, 3518, 3519, 3975, 3519, 3368, 3976, 3975, 3368, 3402, 3403, 4011, 3403, 3404, 4011, 3404, 4012, 4011, 3402, 4011, 4010, 3401, 3402, 4009, 3402, 4010, 4009, 3400, 3401, 4008, 3401, 4009, 4008, 3398, 3399, 4007, 3399, 3400, 4007, 3400, 4008, 4007, 3397, 3398, 4006, 3398, 4007, 4006, 3397, 4006, 4005, 3396, 3397, 4005, 3396, 4005, 4004, 3396, 4004, 4003, 3394, 3395, 4003, 3395, 3396, 4003, 3394, 4003, 4002, 3394, 4002, 4001, 3393, 3394, 4001, 3392, 3393, 4000, 3393, 4001, 4000, 3391, 3392, 3999, 3392, 4000, 3999, 3390, 3391, 3998, 3391, 3999, 3998, 3389, 3390, 3997, 3390, 3998, 3997, 3387, 3388, 3996, 3388, 3389, 3996, 3389, 3997, 3996, 3387, 3996, 3995, 3385, 3386, 3994, 3386, 3387, 3994, 3387, 3995, 3994, 3385, 3994, 3993, 3384, 3385, 3992, 3385, 3993, 3992, 3383, 3384, 3991, 3384, 3992, 3991, 3381, 3382, 3990, 3382, 3383, 3990, 3383, 3991, 3990, 3381, 3990, 3989, 3379, 3380, 3988, 3380, 3381, 3988, 3381, 3989, 3988, 3378, 3379, 3987, 3379, 3988, 3987, 3378, 3987, 3986, 3376, 3377, 3985, 3377, 3378, 3985, 3378, 3986, 3985, 3376, 3985, 3984, 3375, 3376, 3983, 3376, 3984, 3983, 3374, 3375, 3982, 3375, 3983, 3982, 3373, 3374, 3981, 3374, 3982, 3981, 3373, 3981, 3980, 3372, 3373, 3980, 3372, 3980, 3979, 3371, 3372, 3979, 3370, 3371, 3978, 3371, 3979, 3978, 3369, 3370, 3977, 3370, 3978, 3977, 4185, 4186, 3688, 3688, 4186, 3689, 3689, 4186, 3690, 4186, 4187, 3690, 4187, 4188, 3690, 3690, 4188, 3691, 3691, 4188, 3692, 4188, 4189, 3692, 4189, 4190, 3693, 4190, 4191, 3693, 3692, 4189, 3693, 3693, 4191, 3694, 4191, 4192, 3695, 4192, 4193, 3695, 3694, 4191, 3695, 3695, 4193, 3696, 3696, 4193, 3697, 4193, 4194, 3697, 3697, 4194, 3698, 4194, 4195, 3698, 3698, 4195, 3699, 4195, 4196, 3699, 3699, 4196, 3700, 4196, 4197, 3700, 3700, 4197, 3701, 4197, 4198, 3701, 3701, 4198, 3702, 4198, 4199, 3702, 3702, 4199, 3703, 4199, 4200, 3703, 4200, 4201, 3704, 3703, 4200, 3704, 4201, 4202, 3705, 3704, 4201, 3705, 4202, 4203, 3706, 4203, 4204, 3706, 3705, 4202, 3706, 3706, 4204, 3707, 4204, 4205, 3708, 3707, 4204, 3708, 4205, 4206, 3709, 3708, 4205, 3709, 4206, 4207, 3710, 3709, 4206, 3710, 4207, 4208, 3711, 4208, 4209, 3711, 3710, 4207, 3711, 3711, 4209, 3712, 4209, 4210, 3713, 4210, 4211, 3713, 3712, 4209, 3713, 3713, 4211, 3714, 4211, 4212, 3715, 4212, 4213, 3715, 3714, 4211, 3715, 3715, 4213, 3716, 4213, 4214, 3717, 3716, 4213, 3717, 4214, 4215, 3718, 3717, 4214, 3718, 4215, 4216, 3719, 3718, 4215, 3719, 3719, 4216, 3720, 4216, 4217, 3720, 3720, 4217, 3721, 4217, 4218, 3721, 3721, 4218, 3722, 4218, 4219, 3722, 3722, 4219, 3723, 4219, 4220, 3723, 3723, 4220, 3724, 4220, 4221, 3724, 4221, 4222, 3725, 3724, 4221, 3725, 4222, 4223, 3726, 3725, 4222, 3726, 4223, 4224, 3727, 3726, 4223, 3727, 4224, 4225, 3728, 3727, 4224, 3728, 4225, 4226, 3729, 3728, 4225, 3729, 4226, 4227, 3730, 3729, 4226, 3730, 4227, 4228, 3731, 3730, 4227, 3731, 4228, 4229, 3732, 3731, 4228, 3732, 4229, 4230, 3733, 3732, 4229, 3733, 4230, 4231, 3734, 3733, 4230, 3734, 4231, 4232, 3735, 3734, 4231, 3735, 4232, 4233, 3736, 4233, 4234, 3736, 3735, 4232, 3736, 4234, 4235, 3737, 3736, 4234, 3737, 3737, 4235, 3738, 4235, 4236, 3739, 3738, 4235, 3739, 4236, 4237, 3740, 3739, 4236, 3740, 4237, 4238, 3741, 3740, 4237, 3741, 4238, 4239, 3742, 3741, 4238, 3742, 4239, 4240, 3743, 3742, 4239, 3743, 4240, 4241, 3744, 3743, 4240, 3744, 4241, 4242, 3745, 3744, 4241, 3745, 3745, 4242, 3746, 4242, 4243, 3746, 3746, 4243, 3747, 4243, 4244, 3747, 3747, 4244, 3748, 4244, 4245, 3748, 3748, 4245, 3749, 4245, 4246, 3749, 4246, 4247, 3749, 3749, 4247, 3750, 3750, 4247, 3751, 4247, 4248, 3751, 4248, 4249, 3751, 3751, 4249, 3752, 4249, 4250, 3752, 3752, 4250, 3753, 3753, 4250, 3754, 4250, 4251, 3754, 4251, 4252, 3754, 3754, 4252, 3755, 3755, 4252, 3756, 4252, 4253, 3756, 3756, 4253, 3757, 4253, 4254, 3757, 3757, 4254, 3758, 4254, 4255, 3758, 3758, 4255, 3759, 4255, 4256, 3759, 4256, 4257, 3760, 4257, 4258, 3760, 3759, 4256, 3760, 3760, 4258, 3761, 4258, 4259, 3762, 3761, 4258, 3762, 4259, 4260, 3763, 3762, 4259, 3763, 4260, 4261, 3764, 4261, 4262, 3764, 3763, 4260, 3764, 4262, 4263, 3765, 3764, 4262, 3765, 3765, 4263, 3766, 4263, 4264, 3767, 3766, 4263, 3767, 4264, 4265, 3768, 3767, 4264, 3768, 4265, 4266, 3769, 4266, 4267, 3769, 3768, 4265, 3769, 3769, 4267, 3770, 3770, 4267, 3771, 4267, 4268, 3771, 3771, 4268, 3688, 4268, 4185, 3688, 4101, 4102, 3604, 3604, 4102, 3605, 3605, 4102, 3606, 4102, 4103, 3606, 4103, 4104, 3606, 3606, 4104, 3607, 3607, 4104, 3608, 4104, 4105, 3608, 4105, 4106, 3609, 4106, 4107, 3609, 3608, 4105, 3609, 3609, 4107, 3610, 4107, 4108, 3611, 4108, 4109, 3611, 3610, 4107, 3611, 3611, 4109, 3612, 3612, 4109, 3613, 4109, 4110, 3613, 3613, 4110, 3614, 4110, 4111, 3614, 3614, 4111, 3615, 4111, 4112, 3615, 3615, 4112, 3616, 4112, 4113, 3616, 3616, 4113, 3617, 4113, 4114, 3617, 3617, 4114, 3618, 4114, 4115, 3618, 3618, 4115, 3619, 4115, 4116, 3619, 4116, 4117, 3620, 3619, 4116, 3620, 4117, 4118, 3621, 3620, 4117, 3621, 4118, 4119, 3622, 4119, 4120, 3622, 3621, 4118, 3622, 3622, 4120, 3623, 4120, 4121, 3624, 3623, 4120, 3624, 4121, 4122, 3625, 3624, 4121, 3625, 4122, 4123, 3626, 3625, 4122, 3626, 4123, 4124, 3627, 4124, 4125, 3627, 3626, 4123, 3627, 3627, 4125, 3628, 4125, 4126, 3629, 4126, 4127, 3629, 3628, 4125, 3629, 3629, 4127, 3630, 4127, 4128, 3631, 4128, 4129, 3631, 3630, 4127, 3631, 3631, 4129, 3632, 4129, 4130, 3633, 3632, 4129, 3633, 4130, 4131, 3634, 3633, 4130, 3634, 4131, 4132, 3635, 3634, 4131, 3635, 3635, 4132, 3636, 4132, 4133, 3636, 3636, 4133, 3637, 4133, 4134, 3637, 3637, 4134, 3638, 4134, 4135, 3638, 3638, 4135, 3639, 4135, 4136, 3639, 3639, 4136, 3640, 4136, 4137, 3640, 4137, 4138, 3641, 3640, 4137, 3641, 4138, 4139, 3642, 3641, 4138, 3642, 4139, 4140, 3643, 3642, 4139, 3643, 4140, 4141, 3644, 3643, 4140, 3644, 4141, 4142, 3645, 3644, 4141, 3645, 4142, 4143, 3646, 3645, 4142, 3646, 4143, 4144, 3647, 3646, 4143, 3647, 4144, 4145, 3648, 3647, 4144, 3648, 4145, 4146, 3649, 3648, 4145, 3649, 4146, 4147, 3650, 3649, 4146, 3650, 4147, 4148, 3651, 3650, 4147, 3651, 4148, 4149, 3652, 4149, 4150, 3652, 3651, 4148, 3652, 4150, 4151, 3653, 3652, 4150, 3653, 3653, 4151, 3654, 4151, 4152, 3655, 3654, 4151, 3655, 4152, 4153, 3656, 3655, 4152, 3656, 4153, 4154, 3657, 3656, 4153, 3657, 4154, 4155, 3658, 3657, 4154, 3658, 4155, 4156, 3659, 3658, 4155, 3659, 4156, 4157, 3660, 3659, 4156, 3660, 4157, 4158, 3661, 3660, 4157, 3661, 3661, 4158, 3662, 4158, 4159, 3662, 3662, 4159, 3663, 4159, 4160, 3663, 3663, 4160, 3664, 4160, 4161, 3664, 3664, 4161, 3665, 4161, 4162, 3665, 4162, 4163, 3665, 3665, 4163, 3666, 3666, 4163, 3667, 4163, 4164, 3667, 4164, 4165, 3667, 3667, 4165, 3668, 4165, 4166, 3668, 3668, 4166, 3669, 3669, 4166, 3670, 4166, 4167, 3670, 4167, 4168, 3670, 3670, 4168, 3671, 3671, 4168, 3672, 4168, 4169, 3672, 3672, 4169, 3673, 4169, 4170, 3673, 3673, 4170, 3674, 4170, 4171, 3674, 3674, 4171, 3675, 4171, 4172, 3675, 4172, 4173, 3676, 4173, 4174, 3676, 3675, 4172, 3676, 3676, 4174, 3677, 4174, 4175, 3678, 3677, 4174, 3678, 4175, 4176, 3679, 3678, 4175, 3679, 4176, 4177, 3680, 4177, 4178, 3680, 3679, 4176, 3680, 4178, 4179, 3681, 3680, 4178, 3681, 3681, 4179, 3682, 4179, 4180, 3683, 3682, 4179, 3683, 4180, 4181, 3684, 3683, 4180, 3684, 4181, 4182, 3685, 4182, 4183, 3685, 3684, 4181, 3685, 3685, 4183, 3686, 3686, 4183, 3687, 4183, 4184, 3687, 3687, 4184, 3604, 4184, 4101, 3604, 4017, 4018, 3520, 3520, 4018, 3521, 3521, 4018, 3522, 4018, 4019, 3522, 4019, 4020, 3522, 3522, 4020, 3523, 3523, 4020, 3524, 4020, 4021, 3524, 4021, 4022, 3525, 4022, 4023, 3525, 3524, 4021, 3525, 3525, 4023, 3526, 4023, 4024, 3527, 4024, 4025, 3527, 3526, 4023, 3527, 3527, 4025, 3528, 3528, 4025, 3529, 4025, 4026, 3529, 3529, 4026, 3530, 4026, 4027, 3530, 3530, 4027, 3531, 4027, 4028, 3531, 3531, 4028, 3532, 4028, 4029, 3532, 3532, 4029, 3533, 4029, 4030, 3533, 3533, 4030, 3534, 4030, 4031, 3534, 3534, 4031, 3535, 4031, 4032, 3535, 4032, 4033, 3536, 3535, 4032, 3536, 4033, 4034, 3537, 3536, 4033, 3537, 4034, 4035, 3538, 4035, 4036, 3538, 3537, 4034, 3538, 3538, 4036, 3539, 4036, 4037, 3540, 3539, 4036, 3540, 4037, 4038, 3541, 3540, 4037, 3541, 4038, 4039, 3542, 3541, 4038, 3542, 4039, 4040, 3543, 4040, 4041, 3543, 3542, 4039, 3543, 3543, 4041, 3544, 4041, 4042, 3545, 4042, 4043, 3545, 3544, 4041, 3545, 3545, 4043, 3546, 4043, 4044, 3547, 4044, 4045, 3547, 3546, 4043, 3547, 3547, 4045, 3548, 4045, 4046, 3549, 3548, 4045, 3549, 4046, 4047, 3550, 3549, 4046, 3550, 4047, 4048, 3551, 3550, 4047, 3551, 3551, 4048, 3552, 4048, 4049, 3552, 3552, 4049, 3553, 4049, 4050, 3553, 3553, 4050, 3554, 4050, 4051, 3554, 3554, 4051, 3555, 4051, 4052, 3555, 3555, 4052, 3556, 4052, 4053, 3556, 4053, 4054, 3557, 3556, 4053, 3557, 4054, 4055, 3558, 3557, 4054, 3558, 4055, 4056, 3559, 3558, 4055, 3559, 4056, 4057, 3560, 3559, 4056, 3560, 4057, 4058, 3561, 3560, 4057, 3561, 4058, 4059, 3562, 3561, 4058, 3562, 4059, 4060, 3563, 3562, 4059, 3563, 4060, 4061, 3564, 3563, 4060, 3564, 4061, 4062, 3565, 3564, 4061, 3565, 4062, 4063, 3566, 3565, 4062, 3566, 4063, 4064, 3567, 3566, 4063, 3567, 4064, 4065, 3568, 4065, 4066, 3568, 3567, 4064, 3568, 4066, 4067, 3569, 3568, 4066, 3569, 3569, 4067, 3570, 4067, 4068, 3571, 3570, 4067, 3571, 4068, 4069, 3572, 3571, 4068, 3572, 4069, 4070, 3573, 3572, 4069, 3573, 4070, 4071, 3574, 3573, 4070, 3574, 4071, 4072, 3575, 3574, 4071, 3575, 4072, 4073, 3576, 3575, 4072, 3576, 4073, 4074, 3577, 3576, 4073, 3577, 3577, 4074, 3578, 4074, 4075, 3578, 3578, 4075, 3579, 4075, 4076, 3579, 3579, 4076, 3580, 4076, 4077, 3580, 3580, 4077, 3581, 4077, 4078, 3581, 4078, 4079, 3581, 3581, 4079, 3582, 3582, 4079, 3583, 4079, 4080, 3583, 4080, 4081, 3583, 3583, 4081, 3584, 4081, 4082, 3584, 3584, 4082, 3585, 3585, 4082, 3586, 4082, 4083, 3586, 4083, 4084, 3586, 3586, 4084, 3587, 3587, 4084, 3588, 4084, 4085, 3588, 3588, 4085, 3589, 4085, 4086, 3589, 3589, 4086, 3590, 4086, 4087, 3590, 3590, 4087, 3591, 4087, 4088, 3591, 4088, 4089, 3592, 4089, 4090, 3592, 3591, 4088, 3592, 3592, 4090, 3593, 4090, 4091, 3594, 3593, 4090, 3594, 4091, 4092, 3595, 3594, 4091, 3595, 4092, 4093, 3596, 4093, 4094, 3596, 3595, 4092, 3596, 4094, 4095, 3597, 3596, 4094, 3597, 3597, 4095, 3598, 4095, 4096, 3599, 3598, 4095, 3599, 4096, 4097, 3600, 3599, 4096, 3600, 4097, 4098, 3601, 4098, 4099, 3601, 3600, 4097, 3601, 3601, 4099, 3602, 3602, 4099, 3603, 4099, 4100, 3603, 3603, 4100, 3520, 4100, 4017, 3520]
        uniform token subdivisionScheme = "none"
        color3f[] primvars:displayColor = [(0.12, 0.32, 0.1)] (
            interpolation = "constant"
        )
    }
    def Mesh "collision_00" (prepend apiSchemas = ["PhysicsCollisionAPI", "PhysicsMeshCollisionAPI", "PhysxCollisionAPI"])
    {
        uniform token purpose = "guide"
        bool physics:collisionEnabled = true
        uniform token physics:approximation = "convexHull"
        rel material:binding:physics = </panda/umi_finger_materials/GripPhysicsMaterial>
        point3f[] points = [
                (-0.0105, -0, 0),
                (-0.0105, -0, 0.014),
                (-0.0105, -0.0285, 0),
                (-0.0105, -0.0285, 0.014),
                (0.0105, -0, 0),
                (0.0105, -0, 0.014),
                (0.0105, -0.0285, 0),
                (0.0105, -0.0285, 0.014)
        ]
        int[] faceVertexCounts = [3, 3, 3, 3, 3, 3, 3, 3, 3, 3, 3, 3]
        int[] faceVertexIndices = [0, 3, 1, 0, 1, 4, 2, 3, 0, 0, 4, 2, 3, 7, 1, 4, 1, 5, 1, 7, 5, 2, 7, 3, 2, 4, 6, 6, 7, 2, 4, 5, 6, 6, 5, 7]
        uniform token subdivisionScheme = "none"
        color3f[] primvars:displayColor = [(0.12, 0.32, 0.1)] (
            interpolation = "constant"
        )
    }
    def Mesh "collision_01" (prepend apiSchemas = ["PhysicsCollisionAPI", "PhysicsMeshCollisionAPI", "PhysxCollisionAPI"])
    {
        uniform token purpose = "guide"
        bool physics:collisionEnabled = true
        uniform token physics:approximation = "convexHull"
        rel material:binding:physics = </panda/umi_finger_materials/GripPhysicsMaterial>
        point3f[] points = [
                (-0.0129, -0, 0.014),
                (-0.0129, -0, 0.022),
                (-0.0129, -0.04, 0.014),
                (-0.0129, -0.04, 0.022),
                (0.0129, -0, 0.014),
                (0.0129, -0, 0.022),
                (0.0129, -0.04, 0.014),
                (0.0129, -0.04, 0.022)
        ]
        int[] faceVertexCounts = [3, 3, 3, 3, 3, 3, 3, 3, 3, 3, 3, 3]
        int[] faceVertexIndices = [0, 3, 1, 0, 1, 4, 2, 3, 0, 0, 4, 2, 3, 7, 1, 4, 1, 5, 1, 7, 5, 2, 7, 3, 2, 4, 6, 6, 7, 2, 4, 5, 6, 6, 5, 7]
        uniform token subdivisionScheme = "none"
        color3f[] primvars:displayColor = [(0.12, 0.32, 0.1)] (
            interpolation = "constant"
        )
    }
    def Mesh "collision_02" (prepend apiSchemas = ["PhysicsCollisionAPI", "PhysicsMeshCollisionAPI", "PhysxCollisionAPI"])
    {
        uniform token purpose = "guide"
        bool physics:collisionEnabled = true
        uniform token physics:approximation = "convexHull"
        rel material:binding:physics = </panda/umi_finger_materials/GripPhysicsMaterial>
        point3f[] points = [
                (-0.01325, -0, 0.022),
                (-0.01325, -0, 0.0528410981),
                (-0.01325, -0.0400731693, 0.022),
                (-0.01325, -0.0400731693, 0.0528410981),
                (0.01325, -0, 0.022),
                (0.01325, -0, 0.0528410981),
                (0.01325, -0.0400731693, 0.022),
                (0.01325, -0.0400731693, 0.0528410981)
        ]
        int[] faceVertexCounts = [3, 3, 3, 3, 3, 3, 3, 3, 3, 3, 3, 3]
        int[] faceVertexIndices = [0, 3, 1, 0, 1, 4, 2, 3, 0, 0, 4, 2, 3, 7, 1, 4, 1, 5, 1, 7, 5, 2, 7, 3, 2, 4, 6, 6, 7, 2, 4, 5, 6, 6, 5, 7]
        uniform token subdivisionScheme = "none"
        color3f[] primvars:displayColor = [(0.12, 0.32, 0.1)] (
            interpolation = "constant"
        )
    }
    def Mesh "collision_03" (prepend apiSchemas = ["PhysicsCollisionAPI", "PhysicsMeshCollisionAPI", "PhysxCollisionAPI"])
    {
        uniform token purpose = "guide"
        bool physics:collisionEnabled = true
        uniform token physics:approximation = "convexHull"
        rel material:binding:physics = </panda/umi_finger_materials/GripPhysicsMaterial>
        point3f[] points = [
                (-0.01325, -0.0018, 0.0528410981),
                (-0.01325, -0.0018, 0.0836821961),
                (-0.01325, -0.0403486976, 0.0528410981),
                (-0.01325, -0.0403486976, 0.0836821961),
                (0.01325, -0.0018, 0.0528410981),
                (0.01325, -0.0018, 0.0836821961),
                (0.01325, -0.0403486976, 0.0528410981),
                (0.01325, -0.0403486976, 0.0836821961)
        ]
        int[] faceVertexCounts = [3, 3, 3, 3, 3, 3, 3, 3, 3, 3, 3, 3]
        int[] faceVertexIndices = [0, 3, 1, 0, 1, 4, 2, 3, 0, 0, 4, 2, 3, 7, 1, 4, 1, 5, 1, 7, 5, 2, 7, 3, 2, 4, 6, 6, 7, 2, 4, 5, 6, 6, 5, 7]
        uniform token subdivisionScheme = "none"
        color3f[] primvars:displayColor = [(0.12, 0.32, 0.1)] (
            interpolation = "constant"
        )
    }
    def Mesh "collision_04" (prepend apiSchemas = ["PhysicsCollisionAPI", "PhysicsMeshCollisionAPI", "PhysxCollisionAPI"])
    {
        uniform token purpose = "guide"
        bool physics:collisionEnabled = true
        uniform token physics:approximation = "convexHull"
        rel material:binding:physics = </panda/umi_finger_materials/GripPhysicsMaterial>
        point3f[] points = [
                (-0.01325, -0.0018, 0.0836821961),
                (-0.01325, -0.0018, 0.114523294),
                (-0.01325, -0.0295905573, 0.0836821961),
                (-0.01325, -0.0295905573, 0.114523294),
                (0.01325, -0.0018, 0.0836821961),
                (0.01325, -0.0018, 0.114523294),
                (0.01325, -0.0295905573, 0.0836821961),
                (0.01325, -0.0295905573, 0.114523294)
        ]
        int[] faceVertexCounts = [3, 3, 3, 3, 3, 3, 3, 3, 3, 3, 3, 3]
        int[] faceVertexIndices = [0, 3, 1, 0, 1, 4, 2, 3, 0, 0, 4, 2, 3, 7, 1, 4, 1, 5, 1, 7, 5, 2, 7, 3, 2, 4, 6, 6, 7, 2, 4, 5, 6, 6, 5, 7]
        uniform token subdivisionScheme = "none"
        color3f[] primvars:displayColor = [(0.12, 0.32, 0.1)] (
            interpolation = "constant"
        )
    }
    def Mesh "collision_05" (prepend apiSchemas = ["PhysicsCollisionAPI", "PhysicsMeshCollisionAPI", "PhysxCollisionAPI"])
    {
        uniform token purpose = "guide"
        bool physics:collisionEnabled = true
        uniform token physics:approximation = "convexHull"
        rel material:binding:physics = </panda/umi_finger_materials/GripPhysicsMaterial>
        point3f[] points = [
                (-0.01325, -1.04083409e-17, 0.114523294),
                (-0.01325, -1.04083409e-17, 0.145364392),
                (-0.01325, -0.0178884716, 0.114523294),
                (-0.01325, -0.0178884716, 0.145364392),
                (0.01325, -1.04083409e-17, 0.114523294),
                (0.01325, -1.04083409e-17, 0.145364392),
                (0.01325, -0.0178884716, 0.114523294),
                (0.01325, -0.0178884716, 0.145364392)
        ]
        int[] faceVertexCounts = [3, 3, 3, 3, 3, 3, 3, 3, 3, 3, 3, 3]
        int[] faceVertexIndices = [0, 3, 1, 0, 1, 4, 2, 3, 0, 0, 4, 2, 3, 7, 1, 4, 1, 5, 1, 7, 5, 2, 7, 3, 2, 4, 6, 6, 7, 2, 4, 5, 6, 6, 5, 7]
        uniform token subdivisionScheme = "none"
        color3f[] primvars:displayColor = [(0.12, 0.32, 0.1)] (
            interpolation = "constant"
        )
    }
        }
    }

}
